construct,target_symbol,target_ensg,target_col,n_perturbed_pool,n_nt_pool,y_primary,y_mean,y_std,y_p5,y_p95,y_iqr,n_valid_draws,y_pooled,y_gemgroup,n_eligible_gemgroups,stored_ad,stored_ad_log1p
10023_ZC3H18_P1P2_ENSG00000158545,ZC3H18,ENSG00000158545,6504,32,10691,3.140850377929011,3.134705665751219,0.13555575034248693,2.9081018392899396,3.331403886810496,0.17041196200008146,25,3.3153951199612623,,0,99.0,4.605170185988092
10040_ZCCHC9_P1P2_ENSG00000131732,ZCCHC9,ENSG00000131732,2401,54,10691,2.7555087408805905,2.7055243718225785,0.2254571179581621,2.3139524942612035,2.9838367856964143,0.31520166559866913,25,3.4099786391459133,,0,457.0,6.126869184114185
10041_ZCRB1_P1P2_ENSG00000139168,ZCRB1,ENSG00000139168,5028,146,10691,3.2907743634255646,3.2768125494303333,0.11104033712624753,3.134154172495341,3.4424978008624123,0.13225221212322236,25,5.019953323015739,,0,291.0,5.676753802268282
1004_C17orf58_P1P2_ENSG00000186665,C17orf58,ENSG00000186665,6931,58,10691,2.8274955410343448,2.8004536482615436,0.1649435726714323,2.540367562018642,3.057606080741998,0.1896172648842831,25,3.570127941348151,,0,3.0,1.3862943611198906
10073_ZFC3H1_P1P2_ENSG00000133858,ZFC3H1,ENSG00000133858,5185,117,10691,3.016043178757672,3.0000895374135585,0.18641595866397564,2.7329751841728984,3.2330368428958858,0.14840919846133716,25,4.445121205242762,,0,440.0,6.089044875446846
10135_ZMAT2_P2_ENSG00000146007,ZMAT2,ENSG00000146007,2529,101,10691,2.017116057817031,1.8089910383222068,0.6571470225513111,0.709886258263456,2.589548116870523,0.9321734357805944,25,3.1585603765381567,,0,2.0,1.0986122886681096
10136_ZMAT2_P1_ENSG00000146007,ZMAT2,ENSG00000146007,2529,335,10691,3.3040984435382943,3.242722508695394,0.2829483260021648,2.644736933968952,3.573784698280784,0.3803873927772341,25,5.80760987902284,2.234867684495243,10,2572.0,7.8528278122817445
10139_ZMAT5_P1P2_ENSG00000100319,ZMAT5,ENSG00000100319,8163,100,10691,1.8850890763136083,1.7012849841801918,0.44181279313576044,1.139226229373041,2.033769180163929,0.4805117181026102,25,3.0378333954532843,,0,268.0,5.594711379601839
10152_ZNF100_P1P2_ENSG00000197020,ZNF100,ENSG00000197020,7450,95,10691,2.7144312511261837,2.7193465704275837,0.06146457305424572,2.655383996683045,2.81483051060192,0.06363467399366884,25,3.980328767536369,,0,9.0,2.302585092994046
1016_C19orf25_P1P2_ENSG00000119559,C19orf25,ENSG00000119559,7190,189,10691,3.3208197164370263,3.2810095773256864,0.2498688157497099,2.811910783328596,3.669668382677757,0.2846441592843427,25,5.32878461478534,,0,20.0,3.044522437723423
10201_ZNF207_P2_ENSG00000010244,ZNF207,ENSG00000010244,6697,193,10691,1.072047597994095,1.0515230306634091,0.5520510428335902,0.25553981428118977,1.6172680635511478,0.9328159908302355,25,2.8336673967158554,,0,1.0,0.6931471805599453
10202_ZNF207_P1_ENSG00000010244,ZNF207,ENSG00000010244,6697,90,10691,3.8619265549901,3.868760028500294,0.1415699813185594,3.651440161637529,4.066640623429814,0.18232409622379864,25,5.155738239237886,,0,1200.0,7.0909098220799835
1022_C19orf53_P1P2_ENSG00000104979,C19orf53,ENSG00000104979,7365,169,10691,4.048926208718288,4.013400866608841,0.17921186753943696,3.7371419937488892,4.245214040728969,0.2491740607167774,25,5.927965580771011,,0,3.0,1.3862943611198906
10236_ZNF24_P1P2_ENSG00000172466,ZNF24,ENSG00000172466,7106,59,10691,2.768613518984973,2.7498055900545277,0.2790739862083652,2.1912342213763902,3.132087695245601,0.36148995010062945,25,3.616956196407566,,0,1.0,0.6931471805599453
10280_ZNF317_P1P2_ENSG00000130803,ZNF317,ENSG00000130803,7288,132,10691,1.6593179761859818,1.3159805728293568,0.4975672457723627,0.5872962708807048,1.7621325606151643,0.8533629420525759,25,3.0313374780216313,,0,29.0,3.4011973816621555
10297_ZNF335_P1P2_ENSG00000198026,ZNF335,ENSG00000198026,7904,146,10691,0.5743407063922951,0.6467215843552299,0.5789234178253952,0.0,1.4857434724011813,1.2150167562945988,25,2.1842628879228645,,0,99.0,4.605170185988092
1029_C1D_P1P2_ENSG00000197223,C1D,ENSG00000197223,1067,160,10691,3.529869973530897,3.5361968157955714,0.13591672967612428,3.311995313162933,3.7281629661864333,0.19690285495144177,25,5.401045756129314,,0,37.0,3.6375861597263857
1032_C1QBP_P1P2_ENSG00000108561,C1QBP,ENSG00000108561,6577,210,10691,4.433889245289884,4.402457575030302,0.11148786634870936,4.253883867333229,4.5699735318457595,0.17793437692361636,25,6.537134901629109,,0,478.0,6.171700597410915
1035_C1orf109_P1_ENSG00000116922,C1orf109,ENSG00000116922,234,63,10691,3.043301301799878,3.049246553682755,0.18163763876162967,2.766735941600983,3.3296719036384705,0.2581657134745705,25,3.9210090457328293,,0,1.0,0.6931471805599453
1036_C1orf109_P2_ENSG00000116922,C1orf109,ENSG00000116922,234,177,10691,0.0,0.15385030418392748,0.4574866437648998,0.0,1.028858417638993,0.0,25,0.0,,0,4.0,1.6094379124341003
10380_ZNF468_P1P2_ENSG00000204604,ZNF468,ENSG00000204604,7680,207,10691,1.3136516724969214,1.043665336939311,0.5159478442430971,0.0,1.5354048903791098,0.7043523820073554,25,3.248048111739562,,0,0.0,0.0
10463_ZNF574_P1_ENSG00000105732,ZNF574,ENSG00000105732,7559,112,10691,1.7730298129470672,1.6616579736984243,0.26037418281088925,1.2094584153076766,1.978449760988006,0.42268819307455563,25,3.167567916144508,,0,226.0,5.424950017481403
10464_ZNF574_P2_ENSG00000105732,ZNF574,ENSG00000105732,7559,202,10691,0.0,0.6506292296033732,0.8381685362872818,0.0,1.857466637849946,1.5199334330140293,25,1.9247208166870478,,1,0.0,0.0
104_ACTB_P1P2_ENSG00000075624,ACTB,ENSG00000075624,3140,168,10691,4.200043179345579,4.150685924051426,0.1926612518264419,3.736415169912878,4.352614268528561,0.22359390354536401,25,6.079318692564428,,0,74.0,4.31748811353631
10589_ZNF720_P1P2_ENSG00000197302,ZNF720,ENSG00000197302,6350,73,10691,1.9935077006208795,1.9999281304000391,0.2744406504687263,1.4678221661583277,2.3314513052422545,0.361912151922521,25,3.062338224369603,,0,0.0,0.0
106_ACTL6A_P1P2_ENSG00000136518,ACTL6A,ENSG00000136518,1891,55,10691,3.3079029723862683,3.3000935946008743,0.22917167574982977,2.9465559349191563,3.6196031438841008,0.2988690297583423,25,4.037067614562623,,0,564.0,6.336825731146441
10700_ZNHIT2_P1P2_ENSG00000174276,ZNHIT2,ENSG00000174276,4691,96,10691,1.4423231058885666,1.4270403977946564,0.5668747464177757,0.3158135629524591,2.1673974690878,0.6538044803503071,25,2.9473766600800815,,0,2.0,1.0986122886681096
10701_ZNHIT3_P1P2_ENSG00000273611,ZNHIT3,ENSG00000273611,6708,72,10691,3.3396704866387252,3.335010570255579,0.126012590251532,3.1173930599725197,3.5147956560336833,0.17989075364629636,25,4.333629939146569,,0,1.0,0.6931471805599453
10702_ZNHIT6_P1P2_ENSG00000117174,ZNHIT6,ENSG00000117174,400,117,10691,2.963915716751977,2.938969477664084,0.09001001958153948,2.7721696165845806,3.0480369232427384,0.05538866220976324,25,4.44694710700723,,0,406.0,6.008813185442595
10703_ZNRD1_P1P2_ENSG00000066379,ZNRD1,ENSG00000066379,2749,81,10691,3.491078624894406,3.47359113605861,0.16081620941194671,3.204936779800618,3.687182983126656,0.25279083109624656,25,4.595465149973357,,0,640.0,6.46302945692067
10706_ZRANB2_P1P2_ENSG00000132485,ZRANB2,ENSG00000132485,380,40,10691,4.103195174969346,4.085951052248607,0.061125215215868174,4.002390556070332,4.166383457668836,0.08756826449429411,25,4.5507226465941155,,0,12.0,2.5649493574615367
10708_ZRSR2_P1P2_ENSG00000169249,ZRSR2,ENSG00000169249,8319,113,10691,0.1488370153712783,0.47857374662744046,0.5667212200044959,0.0,1.3046310957835108,1.1544334249983115,25,1.9000385332165912,,0,42.0,3.7612001156935624
10736_ZW10_P1P2_ENSG00000086827,ZW10,ENSG00000086827,4868,200,10691,1.9907524953973232,1.9063480871892193,0.3416256344065432,1.411655748951703,2.3025954804717754,0.45276627102020806,25,4.1005191190780685,,0,14.0,2.70805020110221
10738_ZWINT_P1P2_ENSG00000122952,ZWINT,ENSG00000122952,4234,33,10691,3.4542726259913796,3.44265437181471,0.08739608273857909,3.333127179774616,3.556393035356026,0.13124623155086157,25,3.678950654729519,,0,10.0,2.3978952727983707
1083_NEPRO_P1P2_ENSG00000163608,NEPRO,ENSG00000163608,1748,42,10691,2.811403273412605,2.8211913659340127,0.056264678375739945,2.7476467490354035,2.908388193148023,0.10668219930040657,25,3.286287644190445,,0,460.0,6.133398042996649
109_ACTR10_P1P2_ENSG00000131966,ACTR10,ENSG00000131966,5696,116,10691,2.358607751647455,2.3584545566278226,0.20221685801166822,2.035209551004886,2.618327182313896,0.3118179957886027,25,3.8642882600293533,,0,19.0,2.995732273553991
10_AARS2_P1P2_ENSG00000124608,AARS2,ENSG00000124608,2899,181,10691,1.949242640010194,1.8223799167704837,0.25484301789734987,1.341732233445453,2.0352519190852867,0.15508797302776456,25,3.7736187984334073,,1,18.0,2.9444389791664403
110_ACTR1A_P1P2_ENSG00000138107,ACTR1A,ENSG00000138107,4370,143,10691,0.13928324832553773,0.4962108966532241,0.5623740177272283,0.0,1.476077875237841,0.8758340198680438,25,1.768633313995854,,0,1.0,0.6931471805599453
1118_C7orf26_P1P2_ENSG00000146576,C7orf26,ENSG00000146576,3151,86,10691,1.1350692814627923,1.2557855495084096,0.3834298337254559,0.7823856423389602,1.8463021593913123,0.6891252275393271,25,2.5672553443526676,,0,188.0,5.241747015059643
111_ACTR1B_P1P2_ENSG00000115073,ACTR1B,ENSG00000115073,1163,206,10691,1.7639666426859109,1.6581539148225621,0.27002762588987883,1.136990351028896,1.9303332568785745,0.4087386942345934,25,3.534976224403365,,0,3.0,1.3862943611198906
"1121_C7orf50_ENST00000357429.6,ENST00000397098.3,ENST00000397100.2_ENSG00000146540",C7orf50,ENSG00000146540,3121,93,10691,0.6929832343066767,0.7959458439429454,0.822701924427698,0.0,2.078412070280116,1.6509787909586013,25,1.7840509150064672,,0,0.0,0.0
112_ACTR2_P1P2_ENSG00000138071,ACTR2,ENSG00000138071,1064,236,10691,4.1385440966308185,4.075324720436946,0.1578612793642313,3.7438121325309233,4.243133598569748,0.18460858848402228,25,6.294902674547579,,2,2.0,1.0986122886681096
1131_C9orf16_P1P2_ENSG00000171159,C9orf16,ENSG00000171159,4027,212,10691,4.323466207313248,4.301663670992063,0.1357592856088466,4.1576811970849565,4.44522741055997,0.12510866152761402,25,6.419478237668818,,2,7.0,2.0794415416798357
1136_C9orf78_P1P2_ENSG00000136819,C9orf78,ENSG00000136819,4061,201,10691,4.069494774306333,4.099744689270743,0.1367502883068828,3.8981376061519635,4.319562073232913,0.18794315112122284,25,6.102211332900327,,0,1.0,0.6931471805599453
1148_CACTIN_P1P2_ENSG00000105298,CACTIN,ENSG00000105298,7227,60,10691,1.1797906526286812,1.0242163218579043,0.7110113259078944,0.0,1.9770471557815055,1.25018625473029,25,1.8064215719682726,,0,603.0,6.403574197934815
115_ACTR3_P1P2_ENSG00000115091,ACTR3,ENSG00000115091,1208,118,10691,3.2937245831187596,3.2224011402509176,0.2677194818266148,2.7462911311485065,3.517022532876997,0.5231881970490329,25,4.794137382441723,,0,4.0,1.6094379124341003
1167_CAMLG_P1P2_ENSG00000164615,CAMLG,ENSG00000164615,2490,99,10691,2.656264849341391,2.6608741730260164,0.31747533108236115,2.245464172446184,3.0951287853399263,0.3767954583145232,25,3.927065850232218,,0,7.0,2.0794415416798357
117_ACTR6_P1P2_ENSG00000075089,ACTR6,ENSG00000075089,5230,108,10691,2.679980835505426,2.66694532580184,0.1358039670912367,2.4436543113291216,2.882104959841236,0.16277278705638265,25,4.041115701843877,,0,301.0,5.71042701737487
1187_CAPZB_P1P2_ENSG00000077549,CAPZB,ENSG00000077549,102,83,10691,3.4524428787142725,3.4671223933865805,0.16359825917054463,3.2098660821732725,3.712727868457804,0.15270070540251046,25,4.653420327027211,,0,67.0,4.219507705176107
118_ACTR8_P1P2_ENSG00000113812,ACTR8,ENSG00000113812,1687,252,10691,2.093300098345159,2.041062986152427,0.2626870632314549,1.5876759812474879,2.3660520491969814,0.37331242367935014,25,4.246637121281248,,2,1285.0,7.1592919047975645
1206_CASP8AP2_P1P2_ENSG00000118412,CASP8AP2,ENSG00000118412,2966,211,10691,2.8969367051053743,2.90916828510073,0.1847158850261943,2.678132321422218,3.2138290043958833,0.20395040859586633,25,4.958424031186436,,1,2072.0,7.636752112435779
1221_CBLL1_P1P2_ENSG00000105879,CBLL1,ENSG00000105879,3396,102,10691,2.0775138812059692,1.8955798821218774,0.5297527662125135,1.056261974470412,2.557454246021111,0.6920058066944084,25,3.337888639821248,,0,299.0,5.703782474656201
1228_CBX1_P1P2_ENSG00000108468,CBX1,ENSG00000108468,6832,151,10691,3.294397868219467,3.281165718750381,0.1857448558605746,3.112122483211475,3.481408950380262,0.26240042919158446,25,4.95911907316151,,0,4.0,1.6094379124341003
1238_CCAR1_P1P2_ENSG00000060339,CCAR1,ENSG00000060339,4254,48,10691,3.89920741469063,3.8999606117061107,0.09466323333484432,3.759926986170336,4.0402834661241585,0.15464170278915468,25,4.559704709629909,,0,6.0,1.9459101490553132
1245_CCDC115_P1P2_ENSG00000136710,CCDC115,ENSG00000136710,1237,211,10691,1.8551145681134775,1.8401220336635127,0.35313799389783845,1.251746386344097,2.3331802359167253,0.44254651885842766,25,4.045526383824488,,1,4.0,1.6094379124341003
1254_CCDC130_P2_ENSG00000104957,CCDC130,ENSG00000104957,7363,55,10691,0.0,0.08090794188290637,0.25380411123452346,0.0,0.6824886229999733,0.0,25,0.0,,0,1.0,0.6931471805599453
1255_CCDC130_P1_ENSG00000104957,CCDC130,ENSG00000104957,7363,58,10691,0.9658404430568555,1.0522082440747345,0.4603363249735107,0.12914889076439562,1.5583113086439992,0.5403538582979482,25,2.000139526175493,,0,3.0,1.3862943611198906
1257_CCDC137_P1P2_ENSG00000185298,CCDC137,ENSG00000185298,7014,198,10691,3.4059388796635135,3.419031668268245,0.15970862635410918,3.1939576890978265,3.672005160286455,0.21192744480987136,25,5.437120497616965,,0,26.0,3.295836866004329
1268_CCDC174_P1P2_ENSG00000154781,CCDC174,ENSG00000154781,1517,104,10691,2.253972992576844,2.2306068587462384,0.37990200691855097,1.4593320791689046,2.7572708909889045,0.5166390309302398,25,3.659377062367792,,0,775.0,6.654152520183219
1284_CCDC59_P1P2_ENSG00000133773,CCDC59,ENSG00000133773,5197,125,10691,3.1844010746556703,3.210728313783655,0.27598256727821463,2.7613128193181553,3.5868987777873613,0.4456802234568009,25,4.745924386104611,,0,230.0,5.442417710521793
1298_CCDC84_P1P2_ENSG00000186166,CCDC84,ENSG00000186166,4886,79,10691,0.9895385166577904,0.9452639811711003,0.5775531594582556,0.0,1.6351675520846964,0.9508858333136889,25,2.3529583768465274,,0,445.0,6.100318952020064
1301_CCDC86_P1P2_ENSG00000110104,CCDC86,ENSG00000110104,4617,253,10691,2.8027585676083446,2.8227299107186963,0.24849729386535066,2.4434921404207226,3.1721123425994695,0.4270363079255084,25,5.158564099889313,,1,1331.0,7.194436851100335
1317_CCNB1_P1P2_ENSG00000134057,CCNB1,ENSG00000134057,2358,158,10691,3.5685943478806936,3.585634595806383,0.14089796609639343,3.3483739351477384,3.7887926827878418,0.1597602917804508,25,5.385982085921166,,0,3.0,1.3862943611198906
1329_CCNH_P1P2_ENSG00000134480,CCNH,ENSG00000134480,2409,79,10691,3.285140916578695,3.255011850041269,0.1271573137898478,3.0881323814500226,3.434823465408208,0.19031390895007672,25,4.3538481667007645,,0,414.0,6.028278520230698
1332_CCNK_P2_ENSG00000090061,CCNK,ENSG00000090061,5808,179,10691,0.0,0.18306155267866206,0.39260563277349014,0.0,0.9914345475448296,0.0,25,0.0,,1,18.0,2.9444389791664403
1333_CCNK_P1_ENSG00000090061,CCNK,ENSG00000090061,5808,148,10691,1.0701373575637518,0.9055089795788176,0.7977079865274004,0.0,2.0939254453965503,1.5350633514193088,25,2.619510191073462,,0,402.0,5.998936561946683
1334_CCNL1_P1P2_ENSG00000163660,CCNL1,ENSG00000163660,1860,177,10691,3.031610917508724,3.0241255857897085,0.1539987598532643,2.767162970732018,3.2260153820047335,0.25499327307011477,25,4.90288183540035,,1,38.0,3.6635616461296463
1340_CCP110_P1P2_ENSG00000103540,CCP110,ENSG00000103540,6259,47,10691,2.3020469301697735,2.2983623737610386,0.07131356523470285,2.168027603885982,2.4140599750384877,0.07210067642102747,25,2.882119209427938,,0,0.0,0.0
1346_CCT2_P1P2_ENSG00000166226,CCT2,ENSG00000166226,5182,199,10691,4.460427647763226,4.435654763818586,0.1280689177765986,4.301027690137621,4.603810904872196,0.14399924763341687,25,6.526631734816435,,1,1864.0,7.5310163320779155
1347_CCT3_P1P2_ENSG00000163468,CCT3,ENSG00000163468,618,234,10691,4.5871275284243795,4.587060424107379,0.08127295383050391,4.454226991933787,4.71272263281627,0.07321120298842931,25,6.830511482577672,,0,1889.0,7.5443321080536885
1348_CCT4_P1P2_ENSG00000115484,CCT4,ENSG00000115484,1052,251,10691,4.349018767366247,4.302674839551914,0.15803508279823922,3.9924557209390477,4.509895090502921,0.18059477446010241,25,6.551690093050476,,0,1604.0,7.380879035564116
1349_CCT5_P1P2_ENSG00000150753,CCT5,ENSG00000150753,2277,66,10691,4.643769467546919,4.643176533289439,0.04219567152229582,4.588363840577037,4.70290657159896,0.05902318766149328,25,5.840817280855143,,0,523.0,6.261491684321042
1350_CCT6A_P1P2_ENSG00000146731,CCT6A,ENSG00000146731,3247,131,10691,4.052958552089073,4.048972611339463,0.19607250413405702,3.775894826458999,4.31821177318831,0.3158617258884293,25,5.80609357199952,,0,923.0,6.828712071641684
1351_CCT7_P1P2_ENSG00000135624,CCT7,ENSG00000135624,1093,152,10691,4.432055443818214,4.415105595159951,0.12044977302449514,4.232161637413874,4.603562689352458,0.09229939451226343,25,6.2361371404035175,,0,1578.0,7.364547014255642
1352_CCT8_P1P2_ENSG00000156261,CCT8,ENSG00000156261,8002,111,10691,4.458645800191258,4.455680843667483,0.12258613250171305,4.306868916217705,4.627025693101616,0.12005610520779708,25,6.044885890868242,,0,479.0,6.173786103901937
1361_CD2BP2_P1P2_ENSG00000169217,CD2BP2,ENSG00000169217,6322,132,10691,2.2880100452272165,2.2578060790674694,0.29496421422072305,1.9259089626786943,2.6670087966785156,0.3882634871919808,25,3.8296619933526985,,0,13.0,2.639057329615259
1365_CD3EAP_P1P2_ENSG00000117877,CD3EAP,ENSG00000117877,7590,88,10691,3.4597069675969307,3.442202255675227,0.09996730419951952,3.2730538943464134,3.5704296742260335,0.14187601313194653,25,4.676709908126974,,0,386.0,5.958424693029782
1386_CDC123_P1P2_ENSG00000151465,CDC123,ENSG00000151465,4163,112,10691,3.98725383946082,3.941117066813452,0.11594073141171213,3.7338699427832758,4.061136853566557,0.1267120096730543,25,5.460703902423013,,0,82.0,4.418840607796598
1389_CDC16_P1P2_ENSG00000130177,CDC16,ENSG00000130177,5555,165,10691,3.4585267253305396,3.3924369122690563,0.2306985524742907,2.936271931941828,3.663588527341828,0.26806203214167335,25,5.236539087647348,,0,82.0,4.418840607796598
1390_CDC20_P1P2_ENSG00000117399,CDC20,ENSG00000117399,274,115,10691,1.9406662831128332,1.8371235817154903,0.5929534172644139,1.0284253238731291,2.667259015448649,0.6369295485235045,25,3.417095436363163,,0,19.0,2.995732273553991
1391_CDC23_P1P2_ENSG00000094880,CDC23,ENSG00000094880,2503,177,10691,2.3634207203071247,2.315022624897627,0.3748439440395232,1.665461025993942,2.767520836708462,0.45218212075277275,25,4.221669413774385,,0,254.0,5.541263545158426
1395_CDC26_P1P2_ENSG00000176386,CDC26,ENSG00000176386,3982,45,10691,2.625845707528408,2.6258742923684504,0.17117943123874904,2.38403509576456,2.872391205397252,0.24286084135438601,25,3.264658485201775,,0,25.0,3.258096538021482
1396_CDC27_P1P2_ENSG00000004897,CDC27,ENSG00000004897,6821,366,10691,1.5626733500252872,1.4841541318030438,0.7792296201805684,0.0,2.677828405678481,0.7517546590557491,25,4.45157697489185,0.6954744107501755,14,141.0,4.955827057601261
1398_CDC37_P1P2_ENSG00000105401,CDC37,ENSG00000105401,7308,174,10691,0.0,0.14122485755351874,0.33123142402261146,0.0,0.8792555544500711,0.0,25,0.0,,1,0.0,0.0
1399_CDC40_P1P2_ENSG00000168438,CDC40,ENSG00000168438,2999,107,10691,1.8837179844392926,1.7521966510820035,0.7035578616508676,0.6459743454547048,2.6174063232903695,0.9032334358489389,25,3.4123421189987955,,0,278.0,5.631211781821365
139_ADAT2_P1P2_ENSG00000189007,ADAT2,ENSG00000189007,3059,85,10691,2.259703136433987,2.2096211783450186,0.15232757731782037,1.8909839369508412,2.3874436755562582,0.19763739580305728,25,3.3686291637324386,,0,2.0,1.0986122886681096
13_AARS_P1P2_ENSG00000090861,AARS,ENSG00000090861,6447,40,10691,2.9143537418400616,2.918520829899066,0.12300316408185016,2.7316627813929486,3.0942371152064236,0.18611242806202233,25,3.247269202166614,,0,1160.0,7.057036981697891
1406_CDC42_P1P2_ENSG00000070831,CDC42,ENSG00000070831,113,70,10691,3.8563969287666393,3.8423128287931507,0.14447648700466204,3.61431453452128,4.023304904569053,0.20913485506211638,25,4.833763803245582,,0,12.0,2.5649493574615367
1407_CDC45_P1P2_ENSG00000093009,CDC45,ENSG00000093009,8096,92,10691,3.4593315205162174,3.4659419066305843,0.17762303103601043,3.1824984242385113,3.7106135533607545,0.255841444758659,25,4.722137141741916,,0,2.0,1.0986122886681096
1408_CDC5L_P1P2_ENSG00000096401,CDC5L,ENSG00000096401,2900,99,10691,3.186387348982948,3.218370447886827,0.21003244153970999,2.879562868157579,3.5241290167195043,0.29180337377859233,25,4.493657787752139,,0,1858.0,7.527793987721444
1409_CDC6_P1P2_ENSG00000094804,CDC6,ENSG00000094804,6746,192,10691,2.710534370395842,2.719498331481515,0.3115217062913703,2.332412169148739,3.1493891599512684,0.4195743457080643,25,4.7622876492467645,,0,798.0,6.683360945766275
1410_CDC73_P1P2_ENSG00000134371,CDC73,ENSG00000134371,726,171,10691,2.8788468949009642,2.8980662153807897,0.19901743306364608,2.6254145018976365,3.2296530769069185,0.2530075045006521,25,4.81413173387331,,0,5439.0,8.601534339849989
1411_CDC7_P1P2_ENSG00000097046,CDC7,ENSG00000097046,417,95,10691,2.1482384179918443,2.1542704899752896,0.22257602959174932,1.7735613628229094,2.4402897353362967,0.32632567014346536,25,3.4544500967252314,,0,35.0,3.58351893845611
1415_CDCA5_P1P2_ENSG00000146670,CDCA5,ENSG00000146670,4687,61,10691,1.3103385796513878,1.31282701420259,0.6867124288312596,0.06403752158500059,2.327138625735294,0.844293479997866,25,2.367110143073065,,0,0.0,0.0
1418_CDCA8_P1P2_ENSG00000134690,CDCA8,ENSG00000134690,235,82,10691,1.6849065816605588,1.5772863225552358,0.5803553355007725,0.674105136240734,2.2793611515841654,0.6098067872139163,25,2.821132116493534,,0,1.0,0.6931471805599453
1419_CDIPT_P1P2_ENSG00000103502,CDIPT,ENSG00000103502,6311,247,10691,1.8432120044728901,1.6055408791658192,0.4723733493976267,0.6196786185784428,2.0367328983589665,0.39227284444506005,25,3.939928597886186,0.45703830451623234,3,4.0,1.6094379124341003
1421_CDK11A_P1P2_ENSG00000008128,CDK11A,ENSG00000008128,25,269,10691,1.5051181418334931,1.3367014899857639,0.6285733075371784,0.052339726808128484,2.113660374280634,0.7711519996639962,25,3.4834613959908682,0.3973806511031673,3,0.0,0.0
1429_CDK1_P1P2_ENSG00000170312,CDK1,ENSG00000170312,4240,347,10691,2.353038677654827,2.4279725972381576,0.5969375436725213,1.6112306572924315,3.2921989280208135,0.6289375864746294,25,5.099925610414315,1.6965724453435107,11,1522.0,7.328437352895162
1432_CDK2_P1P2_ENSG00000123374,CDK2,ENSG00000123374,5115,105,10691,2.183886265511497,2.114668489375254,0.19752844413752815,1.8170961976334616,2.348693481421066,0.2864799998271972,25,3.550312708220347,,0,2.0,1.0986122886681096
1443_CDK9_P1P2_ENSG00000136807,CDK9,ENSG00000136807,4021,140,10691,1.8802314070894361,1.7536606486580393,0.3343425039351309,1.2731782841198584,2.242202011961391,0.4494031961460725,25,3.570396472976809,,0,290.0,5.673323267171493
1458_CDT1_P1P2_ENSG00000167513,CDT1,ENSG00000167513,6510,28,10691,1.3509655296524292,1.320062131118959,0.25611919215250156,0.9305829851467439,1.6666713789352388,0.3849063206063723,25,1.4376339156790385,,0,0.0,0.0
1470_CEBPZ_P1P2_ENSG00000115816,CEBPZ,ENSG00000115816,990,113,10691,3.6342807546683207,3.6302898673026753,0.20091059838235867,3.3346595870101923,3.9717678136556103,0.21154449166188716,25,5.136740444307606,,0,658.0,6.490723534502507
1474_CENPA_P1_ENSG00000115163,CENPA,ENSG00000115163,947,46,10691,0.0,0.1035689473208548,0.3438747467734537,0.0,0.5236119049480524,0.0,25,0.0,,0,9.0,2.302585092994046
1475_CENPA_P2_ENSG00000115163,CENPA,ENSG00000115163,947,30,10691,2.566186012673593,2.5759265550370527,0.08877362393062191,2.4568357134391756,2.714427921664007,0.12599566307733578,25,2.6789529063671687,,0,0.0,0.0
1478_CENPC_P1P2_ENSG00000145241,CENPC,ENSG00000145241,2072,124,10691,2.8111954124141048,2.716596869847805,0.2810670671274642,2.222057716047716,3.0661792876996876,0.3374511937564799,25,4.272178848062931,,0,530.0,6.274762021241939
1479_CENPE_P1P2_ENSG00000138778,CENPE,ENSG00000138778,2141,177,10691,3.023968000562438,3.010993248140224,0.1448761736898206,2.7887390314713087,3.1994231815326963,0.14909800684625418,25,4.916959973478774,,2,233.0,5.455321115357702
1481_CENPH_P1P2_ENSG00000153044,CENPH,ENSG00000153044,2359,63,10691,3.1863889878642317,3.197769961539056,0.14497801894185472,2.966315660763438,3.4210096386657294,0.14877792223487996,25,4.123173286760197,,0,1.0,0.6931471805599453
1483_CENPJ_P1P2_ENSG00000151849,CENPJ,ENSG00000151849,5409,282,10691,1.9721391255066276,1.8537086803905671,0.5032824704182275,0.7421322245450693,2.399776034068132,0.3893359552677893,25,4.230277532336146,,2,1530.0,7.333676395657684
1484_CENPK_P1P2_ENSG00000123219,CENPK,ENSG00000123219,2347,97,10691,3.2040486186007255,3.200600771719138,0.11185662071487047,3.0456206587329966,3.3373596422064358,0.1592547115825873,25,4.469028214974792,,0,1337.0,7.198931240688173
1487_CENPN_P1P2_ENSG00000166451,CENPN,ENSG00000166451,6478,147,10691,2.9273269725774727,2.85576870708573,0.33599136951054653,2.186871483463949,3.2079623041108793,0.24183135420900648,25,4.566064445858339,,0,5.0,1.791759469228055
1491_CENPT_P1P2_ENSG00000102901,CENPT,ENSG00000102901,6422,65,10691,2.3407922221148683,2.3526486374538265,0.22245889937855176,2.0174754465443465,2.7353372253438755,0.1961905691963035,25,3.250473499146659,,0,4.0,1.6094379124341003
1493_CENPW_P1P2_ENSG00000203760,CENPW,ENSG00000203760,3034,72,10691,3.517491222502261,3.5228548190932503,0.14827242783541972,3.3133612495291214,3.7475460490861012,0.26015969468239586,25,4.500600455014617,,0,4.0,1.6094379124341003
1497_CEP152_P1P2_ENSG00000103995,CEP152,ENSG00000103995,5919,153,10691,2.492093140475252,2.4751483547784963,0.18993737526672977,2.127616577030291,2.6535059794474862,0.2605196039899793,25,4.260948830144099,,0,7.0,2.0794415416798357
14_AASDHPPT_P1P2_ENSG00000149313,AASDHPPT,ENSG00000149313,4846,49,10691,3.0890069144592127,3.097813621441661,0.18109562800169152,2.84887359595289,3.3780732291285913,0.2448495931476149,25,3.7053507393190683,,0,1.0,0.6931471805599453
1500_CEP192_P1P2_ENSG00000101639,CEP192,ENSG00000101639,7083,202,10691,1.9972272951941852,1.926640331595419,0.3939804745889207,1.2244308871447394,2.366879166748954,0.4344593499545151,25,3.9710419708905444,,0,120.0,4.795790545596741
1510_CEP68_P1P2_ENSG00000011523,CEP68,ENSG00000011523,1062,68,10691,1.3827964060494822,1.303626380247402,0.4702436302207104,0.5161996835891232,1.9127308132488878,0.432277475494512,25,2.337277323458292,,0,0.0,0.0
1516_CEP85_P1P2_ENSG00000130695,CEP85,ENSG00000130695,143,129,10691,2.40631365637344,2.2493602554955423,0.45271630193063706,1.344704490588274,2.6534614283405045,0.40375898636329666,25,3.9402743149431396,,0,9.0,2.302585092994046
1519_CEP97_P1P2_ENSG00000182504,CEP97,ENSG00000182504,1739,135,10691,1.6084827827057933,1.4943483094886623,0.3230715215109786,0.8740152253183038,1.7891787442205647,0.15688227583830816,25,3.190491241732197,,0,0.0,0.0
1532_CFDP1_P1_ENSG00000153774,CFDP1,ENSG00000153774,6469,84,10691,3.580739664889181,3.5772804569956658,0.12779187447723583,3.377611864616814,3.754839850532219,0.1432205589461959,25,4.752861178670054,,0,1.0,0.6931471805599453
1533_CFDP1_P2_ENSG00000153774,CFDP1,ENSG00000153774,6469,73,10691,0.0,0.22397014213223673,0.38203907643001683,0.0,1.1125643392355968,0.33833582585328237,25,0.1291081016168575,,0,0.0,0.0
1544_CHAF1A_P1P2_ENSG00000167670,CHAF1A,ENSG00000167670,7239,38,10691,3.2245335340581054,3.2521935927883407,0.13733023695088942,3.0778406357991805,3.47491392992239,0.20998691544740034,25,3.6215397747269598,,0,482.0,6.180016653652572
1545_CHAF1B_P1P2_ENSG00000159259,CHAF1B,ENSG00000159259,8030,84,10691,2.296455166132475,2.333356336432916,0.17027250106918532,2.041916168451209,2.592182311398702,0.2135190961910456,25,3.551787305007182,,0,1074.0,6.980075940561763
1548_CHCHD1_P1P2_ENSG00000172586,CHCHD1,ENSG00000172586,4282,84,10691,3.654436547631786,3.638643130065714,0.1918275471559709,3.313497390692753,3.9154764935260444,0.11501822960164354,25,4.888355037273573,,0,8.0,2.1972245773362196
1549_CHCHD2_P1P2_ENSG00000106153,CHCHD2,ENSG00000106153,3249,90,10691,4.540400653097761,4.529714110481731,0.09138938178932418,4.36730378088379,4.631076126353339,0.10613158723097449,25,6.035951044966866,,0,1.0,0.6931471805599453
1551_CHCHD4_P1P2_ENSG00000163528,CHCHD4,ENSG00000163528,1512,140,10691,3.010008667328654,2.9571837191417405,0.19192279077141117,2.6127703541135214,3.2181260611060907,0.19794184586010966,25,4.625417315617022,,0,341.0,5.834810737062605
1560_CHD4_P1P2_ENSG00000111642,CHD4,ENSG00000111642,4952,44,10691,3.9810241784212153,3.9723968421913276,0.12104583510549735,3.8009422013896255,4.135169929554493,0.20179321285296403,25,4.522571734823161,,0,90.0,4.51085950651685
1568_CHEK1_P1P2_ENSG00000149554,CHEK1,ENSG00000149554,4915,295,10691,2.63066685046623,2.495279803814862,0.49065681423179164,1.5949675267819825,3.1114778619222347,0.44050550248182097,25,4.91449335239578,1.6633989668946474,5,2390.0,7.779466967458324
1570_CHERP_P1P2_ENSG00000085872,CHERP,ENSG00000085872,7392,67,10691,1.9113102614409847,1.8631945342445322,0.5229595431333346,1.0087294356773835,2.59669310307679,0.6837957855817436,25,2.741336980905948,,0,320.0,5.771441123130016
1579_CHMP1A_P1P2_ENSG00000131165,CHMP1A,ENSG00000131165,6520,78,10691,1.5567130401999396,1.460613675673583,0.5055352312175369,0.6285061801436386,2.087297268917338,0.7574809844916688,25,2.6587952956670162,,0,158.0,5.0689042022202315
1581_CHMP2A_P1P2_ENSG00000130724,CHMP2A,ENSG00000130724,7737,93,10691,2.4462912366518355,2.2758541442104248,0.5527810254913227,1.6516479163717572,2.8713196978605207,0.6335168511798095,25,3.4794947913391443,,0,232.0,5.4510384535657
1583_CHMP3_P1P2_ENSG00000115561,CHMP3,ENSG00000115561,1139,130,10691,3.0963378939278243,3.0677343387194673,0.1845887701935852,2.7035432949339775,3.34773434100959,0.20354989436137672,25,4.630030629772286,,0,2639.0,7.878534196140362
1586_CHMP4B_P1P2_ENSG00000101421,CHMP4B,ENSG00000101421,7840,71,10691,2.577442012263278,2.6161854109160534,0.14664075891386041,2.3982135368506685,2.82763464583314,0.23638552196198637,25,3.507502908033701,,0,1.0,0.6931471805599453
1587_CHMP5_P1P2_ENSG00000086065,CHMP5,ENSG00000086065,3844,110,10691,2.6467136063827836,2.7014192161573423,0.2896859471132207,2.257141187478489,3.087371280272607,0.5071144805680676,25,4.125765374645034,,0,1.0,0.6931471805599453
1588_CHMP6_P1P2_ENSG00000176108,CHMP6,ENSG00000176108,7005,624,10691,1.522172864229763,1.3541450055481141,0.37003539611889075,0.5524422232166142,1.60638852087799,0.20194686096253034,25,4.648413294569063,0.7037286380518403,38,2358.0,7.765993079407675
1589_CHMP7_P1P2_ENSG00000147457,CHMP7,ENSG00000147457,3559,240,10691,1.428419130400519,1.324795165913637,0.6789252291333683,0.039412426019118395,2.226112369624897,1.074104698700907,25,3.8728465384652764,1.323668025950182,3,3.0,1.3862943611198906
1591_CHORDC1_P1P2_ENSG00000110172,CHORDC1,ENSG00000110172,4826,259,10691,3.3980790553088096,3.3535490487765456,0.19112499679538528,3.021994223325291,3.5692341732730863,0.29050557668425503,25,5.625301119767095,2.33719741938236,4,14.0,2.70805020110221
1604_CHTF18_P1P2_ENSG00000127586,CHTF18,ENSG00000127586,6136,97,10691,1.555300494241925,1.556412845980831,0.0878246774662305,1.431235897308149,1.7022452454704686,0.10893432274928849,25,2.698261766395412,,0,0.0,0.0
1606_CHTOP_P1P2_ENSG00000160679,CHTOP,ENSG00000160679,564,149,10691,2.7667425237640138,2.7316560136921413,0.35755568813782346,2.2369203067307293,3.2109903819002676,0.5036867256732345,25,4.614898603522437,,0,5.0,1.791759469228055
1609_CIAO1_P1P2_ENSG00000144021,CIAO1,ENSG00000144021,1151,255,10691,3.142453653461554,3.0469861630949846,0.31664805235893734,2.4842790763293316,3.3788471525666104,0.41966038664842875,25,5.380718318480787,1.7518908191542473,4,49.0,3.912023005428146
1610_CIAPIN1_P1P2_ENSG00000005194,CIAPIN1,ENSG00000005194,6387,151,10691,3.1374569497636076,3.1053978876730413,0.13949848003200432,2.8507972236922576,3.244211873729975,0.10236621652961242,25,4.866983012732117,,0,361.0,5.891644211825771
1614_CINP_P1P2_ENSG00000100865,CINP,ENSG00000100865,5816,78,10691,2.508489347822712,2.484291352275706,0.19951867736992487,2.1461824777246314,2.767439031054799,0.22039850599929434,25,3.58403512781743,,0,60.0,4.110873864173311
1628_CKAP5_P1_ENSG00000175216,CKAP5,ENSG00000175216,4582,182,10691,3.047384064955371,3.0273396921094338,0.2883334832088478,2.64907617849575,3.4330119580012446,0.38012519761874763,25,5.012090199122676,,0,85.0,4.454347296253507
1629_CKAP5_P2_ENSG00000175216,CKAP5,ENSG00000175216,4582,133,10691,0.4249404200837575,0.6530540562542807,0.6941721409800596,0.0,1.7959964970445315,1.1067543273041174,25,2.181258336148637,,0,0.0,0.0
1636_CLASRP_P1P2_ENSG00000104859,CLASRP,ENSG00000104859,7582,127,10691,1.5741180230570535,1.3603051899409562,0.6396598362046472,0.05643624950409081,2.1570788935890746,0.6809710667292874,25,3.187157350127331,,1,47.0,3.8712010109078907
1638_CLCC1_P1P2_ENSG00000121940,CLCC1,ENSG00000121940,455,47,10691,2.125765702087876,2.1154135182560254,0.1620071849348476,1.8586270094164723,2.3127198726879685,0.2742219189874091,25,2.7044117721066465,,0,1.0,0.6931471805599453
1659_CLK2_P1P2_ENSG00000176444,CLK2,ENSG00000176444,597,88,10691,1.3343521357908539,1.2142412870205246,0.5174503770162582,0.581513033974277,1.8965250089943047,0.7346471571303486,25,2.493461787121407,,0,1.0,0.6931471805599453
1667_CLNS1A_P1P2_ENSG00000074201,CLNS1A,ENSG00000074201,4802,53,10691,3.943209105137897,3.9578723265462075,0.09717036597278951,3.8281352733577205,4.111342206067779,0.1478731853814086,25,4.710117196256746,,0,148.0,5.003946305945459
166_ADRM1_P1P2_ENSG00000130706,ADRM1,ENSG00000130706,7956,105,10691,3.2811794184183745,3.311832156140316,0.20524240115791503,3.0174831420567867,3.648109595133006,0.25573139218896745,25,4.674491473419064,,0,3.0,1.3862943611198906
1671_CLP1_P1P2_ENSG00000172409,CLP1,ENSG00000172409,4604,55,10691,1.6741185824925575,1.4627970380183717,0.5827116253195459,0.5034210518294416,2.1555811897193706,0.4731180626722691,25,2.139491617075926,,0,119.0,4.787491742782046
1677_CLSPN_P1P2_ENSG00000092853,CLSPN,ENSG00000092853,217,134,10691,3.1392803834077063,3.108747952388876,0.2781914266118435,2.724718807382963,3.4086746452165397,0.24730306396857937,25,4.802298946435399,,0,159.0,5.075173815233827
167_ADSL_P1P2_ENSG00000239900,ADSL,ENSG00000239900,8228,133,10691,3.511062128610633,3.464884146870576,0.2160483465001736,3.108175603067299,3.8053877121748134,0.31830631318874847,25,5.0573398994876415,,0,23.0,3.1780538303479458
1683_CLTC_P1P2_ENSG00000141367,CLTC,ENSG00000141367,6889,157,10691,3.8981846188080578,3.841948907836026,0.2393964132812332,3.360323153185725,4.151095722341885,0.3127577626140341,25,5.643133418079126,,0,222.0,5.407171771460119
1694_CMPK1_P1P2_ENSG00000162368,CMPK1,ENSG00000162368,315,173,10691,3.4569395236013607,3.4546286041683807,0.19936594005349872,3.1310898675502203,3.6968598495547362,0.3528345087592588,25,5.285539649198765,,0,3.0,1.3862943611198906
16_AATF_P1P2_ENSG00000275700,AATF,ENSG00000275700,6714,298,10691,3.5357050234833296,3.5266222419160855,0.17340063802056166,3.285366008347079,3.77236004884365,0.26902314231266056,25,5.952222070961353,,1,2445.0,7.802209316247118
1701_CMTR1_P1P2_ENSG00000137200,CMTR1,ENSG00000137200,2854,145,10691,1.6953467930851314,1.5939921100807342,0.4219372087014168,0.7563108952976489,2.1469431023643404,0.4487423653247917,25,3.385308438992036,,0,1317.0,7.183870715062453
1709_CNIH4_P1P2_ENSG00000143771,CNIH4,ENSG00000143771,806,67,10691,3.250870355273846,3.2400817063391787,0.10418233086816998,3.053195845638302,3.3788511497724643,0.12653175378388548,25,4.2138110817859875,,0,189.0,5.247024072160486
1712_CNN2_P1P2_ENSG00000064666,CNN2,ENSG00000064666,7175,197,10691,2.2557093205393666,2.2308881409625045,0.27434349467329916,1.8442867832556662,2.53928215557368,0.28020262930613127,25,4.374293508860894,,0,2.0,1.0986122886681096
1716_CNOT1_P1P2_ENSG00000125107,CNOT1,ENSG00000125107,6399,269,10691,3.072221068885945,2.9666172623848777,0.28852317053324705,2.4585215587373646,3.3246102098831556,0.3896333121664939,25,5.290278214216302,,2,3370.0,8.12296471523406
1717_CNOT2_P1P2_ENSG00000111596,CNOT2,ENSG00000111596,5184,84,10691,2.4318311844409974,2.393851871938325,0.32007896697265015,1.8671510800178723,2.7268389973648315,0.42348096176468353,25,3.5625301788561665,,0,452.0,6.115892125483034
1718_CNOT3_P1P2_ENSG00000088038,CNOT3,ENSG00000088038,7690,332,10691,2.2411976312706883,2.2902166562419914,0.3635389882505815,1.8309064519827962,2.7582863326133737,0.5009574354153581,25,4.821994248012708,1.3521999583454087,9,2706.0,7.903596289614301
1735_COA5_P1P2_ENSG00000183513,COA5,ENSG00000183513,1166,175,10691,2.9529201989523854,2.928092867256463,0.19661074681573293,2.5962191407776327,3.188738596432247,0.2691073332982641,25,4.827205599857446,,0,3.0,1.3862943611198906
1737_COASY_P1P2_ENSG00000068120,COASY,ENSG00000068120,6769,247,10691,2.841189806505173,2.8123644844953475,0.13340014002392872,2.649483239896108,2.993060631569136,0.16951329841137674,25,5.030093767443623,,2,7.0,2.0794415416798357
1740_COG1_P1P2_ENSG00000166685,COG1,ENSG00000166685,6935,40,10691,0.0,0.14066100863198122,0.31919348514744567,0.0,0.6998292626785708,0.0,25,0.0,,0,0.0,0.0
1741_COG2_P1P2_ENSG00000135775,COG2,ENSG00000135775,841,343,10691,2.2863672594616786,2.2814562365293565,0.20527847655220105,1.9569707275734969,2.5715235506660092,0.3616254202339806,25,4.847356596567966,1.4299086930261748,11,63.0,4.1588830833596715
1742_COG3_P1P2_ENSG00000136152,COG3,ENSG00000136152,5461,56,10691,1.6601264654458199,1.6861390808561174,0.2749534555703486,1.3276647247829796,2.0626538142084643,0.4446816077415878,25,2.4890659443529333,,0,82.0,4.418840607796598
1743_COG4_P1P2_ENSG00000103051,COG4,ENSG00000103051,6451,129,10691,2.65309836782489,2.5948142168362995,0.20519917074932137,2.2317167977065466,2.8420314642268467,0.21761438400042854,25,4.157511645019768,,0,2.0,1.0986122886681096
1745_COG6_P1P2_ENSG00000133103,COG6,ENSG00000133103,5442,183,10691,1.9724740075264515,1.9301564283783208,0.19551628381347344,1.6085813908896265,2.1158331939691046,0.1679787429235302,25,3.8667195128982232,,0,15.0,2.772588722239781
1747_COG8_P1P2_ENSG00000213380,COG8,ENSG00000213380,6437,47,10691,0.0,0.3528038047409991,0.4979563577830223,0.0,1.2788033709786333,0.6535738383048415,25,0.3718560933166935,,0,4.0,1.6094379124341003
1770_COPA_P1P2_ENSG00000122218,COPA,ENSG00000122218,636,243,10691,0.5954910694576239,0.9079274572858297,0.8124416615794082,0.0,2.3368118590863127,1.016062177746348,25,3.3264964624987976,0.4021419804628374,3,614.0,6.421622267806518
1771_COPB1_P1P2_ENSG00000129083,COPB1,ENSG00000129083,4517,91,10691,2.071419176899037,1.994666358259028,0.4804284936406899,1.0244763952186777,2.4791514330739965,0.473927552237551,25,3.314505824852284,,0,804.0,6.690842277418564
1772_COPB2_P1P2_ENSG00000184432,COPB2,ENSG00000184432,1825,129,10691,2.1334976078437022,2.0651017844768,0.6146202895420081,0.9912246931250047,2.6979981753693276,0.44032737129590593,25,3.664017321576792,,0,426.0,6.056784013228625
1773_COPE_P1P2_ENSG00000105669,COPE,ENSG00000105669,7429,143,10691,4.027361290861516,4.056805663465304,0.11400953998069514,3.887040662204812,4.267055561899035,0.12201244605316042,25,5.7939736836767395,,0,21.0,3.091042453358316
1774_COPG1_P1_ENSG00000181789,COPG1,ENSG00000181789,1795,80,10691,2.557602315656859,2.558202548742204,0.05674186171507816,2.4723554964470082,2.655297922132414,0.06463622942839686,25,3.6683982378891367,,0,3.0,1.3862943611198906
1775_COPG1_P2_ENSG00000181789,COPG1,ENSG00000181789,1795,181,10691,0.0,0.13215623476242386,0.3012565570716579,0.0,0.6681146597998958,0.013031485820638254,25,0.0,,0,1.0,0.6931471805599453
1778_COPS2_P1P2_ENSG00000166200,COPS2,ENSG00000166200,5922,47,10691,3.5005544103553183,3.5055894527028704,0.11795586360764547,3.3464795219448673,3.698347509850669,0.16280349020997997,25,4.069379182314795,,0,121.0,4.804021044733257
1779_COPS3_P1P2_ENSG00000141030,COPS3,ENSG00000141030,6635,73,10691,3.3676389427102817,3.338584296992346,0.15601523414976376,3.0776165844769223,3.526687698001719,0.2058759062736546,25,4.377921905959457,,0,306.0,5.726847747587197
1780_COPS4_P1P2_ENSG00000138663,COPS4,ENSG00000138663,2108,262,10691,3.226746821801265,3.1571970743624345,0.14434411916864545,2.9113171848597896,3.3220501786714123,0.20593740666233185,25,5.439427723823227,2.3471010934369065,3,1839.0,7.517520850603031
1781_COPS5_P1P2_ENSG00000121022,COPS5,ENSG00000121022,3654,98,10691,3.5106701967159983,3.48108349515721,0.22541860669641828,3.23710670010041,3.8184489699753628,0.3984447213482709,25,4.79671174596582,,0,120.0,4.795790545596741
1782_COPS6_P1P2_ENSG00000168090,COPS6,ENSG00000168090,3342,235,10691,3.573726798899963,3.5522421760007337,0.11848458561948869,3.3579018205683626,3.698358304873647,0.0767618732285178,25,5.722064566321682,,0,1087.0,6.992096427415888
1786_COPS8_P1P2_ENSG00000198612,COPS8,ENSG00000198612,1448,224,10691,3.2319425758350047,3.2067544050472203,0.17851253604204426,2.949217069312415,3.441943587391507,0.24341328030024734,25,5.297256618609918,,0,450.0,6.111467339502679
1787_COPZ1_P2_ENSG00000111481,COPZ1,ENSG00000111481,5104,110,10691,0.0,0.14650091059161346,0.2538910851187151,0.0,0.6790438146174191,0.2752737157695226,25,0.0,,0,8.0,2.1972245773362196
1788_COPZ1_P1_ENSG00000111481,COPZ1,ENSG00000111481,5104,97,10691,2.961363735907209,2.926247647851333,0.35839433638414125,2.3448493624021647,3.4108231549996764,0.4961665032726792,25,4.328648176405928,,0,1230.0,7.115582126184454
1791_COQ2_P1P2_ENSG00000173085,COQ2,ENSG00000173085,2109,67,10691,1.7175492052126426,1.6959382689910505,0.0955031133845941,1.5287983902321953,1.8377716944627278,0.09550330397447526,25,2.651571890149678,,0,3.0,1.3862943611198906
1793_COQ4_P1P2_ENSG00000167113,COQ4,ENSG00000167113,4033,162,10691,3.5932616378403646,3.5845471802956337,0.131221856900213,3.3975794960429386,3.7725249259372866,0.14647552135933495,25,5.375989558078158,,0,3.0,1.3862943611198906
1794_COQ5_P1P2_ENSG00000110871,COQ5,ENSG00000110871,5323,113,10691,2.253971539382021,2.2567438036101057,0.1624089943815216,2.0344108850651876,2.5291397665437763,0.24155301675282814,25,3.6885989039204103,,0,1.0,0.6931471805599453
1805_COX10_P1P2_ENSG00000006695,COX10,ENSG00000006695,6620,94,10691,1.4856843250326683,1.4710069145146534,0.4824185514396709,0.7867613502376952,2.103373509015327,0.5975766156072397,25,2.9562625418662876,,0,45.0,3.828641396489095
1806_COX11_P1P2_ENSG00000166260,COX11,ENSG00000166260,6866,109,10691,2.6254949724362473,2.651813208267015,0.1663488178791547,2.3887295030132565,2.923009966649031,0.20872886573683136,25,4.093172667215409,,0,63.0,4.1588830833596715
1808_COX15_P1P2_ENSG00000014919,COX15,ENSG00000014919,4346,103,10691,2.1642362499095347,2.153321892866254,0.0817605310487303,2.0308476405749287,2.2779545581578784,0.10673758978987857,25,3.5211475335464417,,0,378.0,5.937536205082426
1810_COX17_P1P2_ENSG00000138495,COX17,ENSG00000138495,1758,143,10691,3.589588608228117,3.5599318741606987,0.1659819057364927,3.299373667794452,3.799276846477657,0.1866139119567123,25,5.279540246405184,,0,68.0,4.23410650459726
1815_COX5A_P1P2_ENSG00000178741,COX5A,ENSG00000178741,6022,85,10691,4.5904834320314425,4.594376697090621,0.09858757517444117,4.4539750594517775,4.723966995031284,0.16059391857655125,25,5.936485855599566,,0,39.0,3.6888794541139363
1816_COX5B_P1P2_ENSG00000135940,COX5B,ENSG00000135940,1162,118,10691,4.476393152728293,4.4818975232597476,0.06166396606119287,4.3957261578367595,4.565612963839723,0.07667999286662486,25,6.102216101496033,,0,37.0,3.6375861597263857
1819_COX6C_P1P2_ENSG00000164919,COX6C,ENSG00000164919,3712,117,10691,4.407255647637898,4.39992974636128,0.07933403918315966,4.294405294097403,4.511450966859257,0.1342182672489649,25,5.996549701877512,,0,34.0,3.5553480614894135
1822_COX7B_P1P2_ENSG00000131174,COX7B,ENSG00000131174,8423,120,10691,4.416296464245653,4.423420816439855,0.10860187662432876,4.2601552390438355,4.599380922882698,0.15678654994978025,25,6.0560204304516265,,0,28.0,3.367295829986474
1823_COX7C_P1P2_ENSG00000127184,COX7C,ENSG00000127184,2407,165,10691,4.593834658042324,4.559972682090998,0.09795008159083342,4.370083344535301,4.680999188855145,0.0930737259734844,25,6.479168256261083,,0,166.0,5.117993812416755
1834_CPNE7_P1P2_ENSG00000178773,CPNE7,ENSG00000178773,6519,101,10691,2.299872337060433,2.332635967913838,0.2289904027341212,2.040418745702177,2.704429260667053,0.36374999733457347,25,3.7005439000471276,,0,4.0,1.6094379124341003
1836_CPOX_P1P2_ENSG00000080819,CPOX,ENSG00000080819,1727,101,10691,2.153793621142773,2.1464040575012246,0.2441045677828283,1.7741162141512816,2.4936544568655705,0.36930462218758553,25,3.538069148457044,,0,1.0,0.6931471805599453
1839_CPSF1_P1P2_ENSG00000071894,CPSF1,ENSG00000071894,3801,50,10691,2.1743355895509504,2.141905379831509,0.20444764598072102,1.8065738986228472,2.4720939946647373,0.3140110269261953,25,2.8154903214156786,,0,569.0,6.345636360828596
1842_CPSF3_P1P2_ENSG00000119203,CPSF3,ENSG00000119203,905,627,10691,2.8947225821412865,2.9141890011380776,0.2591608935662117,2.5249639630508076,3.2644698003877166,0.40541082300497244,25,6.046170217280386,2.180079189806473,37,3584.0,8.184513753033722
1843_CPSF4_P1P2_ENSG00000160917,CPSF4,ENSG00000160917,3330,59,10691,2.3957696373269526,2.377922783517715,0.2270677592266935,2.0366863453151054,2.7178010660845873,0.2760056387720531,25,3.217559239200728,,0,2261.0,7.724004656676065
1844_CPSF6_P1P2_ENSG00000111605,CPSF6,ENSG00000111605,5179,50,10691,3.281737052057246,3.2742030371259365,0.17635582885761575,3.0320401136948636,3.51902230010049,0.273202382693297,25,3.954197393702061,,0,786.0,6.668228248417403
1856_CRCP_P1P2_ENSG00000241258,CRCP,ENSG00000241258,3261,160,10691,2.419722476855315,2.245101906700067,0.4491775366436637,1.4749355130129036,2.8022863280142194,0.645255753347793,25,4.109690512405854,,0,1.0,0.6931471805599453
1874_CRKL_P1P2_ENSG00000099942,CRKL,ENSG00000099942,8116,120,10691,3.6060794944303005,3.6226558192321265,0.17004382870658427,3.3780365799765995,3.859675378384804,0.25442250666256294,25,5.102705322582273,,0,1.0,0.6931471805599453
1877_CRLS1_P1P2_ENSG00000088766,CRLS1,ENSG00000088766,7783,111,10691,2.8541055023261026,2.833156203797976,0.2561359148824365,2.3404656358241285,3.2197251809844123,0.16924108707332008,25,4.255044688987714,,0,1.0,0.6931471805599453
1878_CRNKL1_P1P2_ENSG00000101343,CRNKL1,ENSG00000101343,7805,261,10691,1.2668160316263504,1.0545348277700093,0.7701634616729675,0.0,2.1723729393120075,1.0375592692697388,25,3.3588828471786027,0.8972398205311709,4,2060.0,7.630946580890459
1893_CSE1L_P1P2_ENSG00000124207,CSE1L,ENSG00000124207,7911,432,10691,3.6662808526609534,3.6666599254337306,0.15949105035299835,3.403443171201951,3.9014106819792898,0.14049182493178458,25,6.440210634453537,2.79944472955634,20,3850.0,8.25608813381491
1898_CSNK1A1_P1P2_ENSG00000113712,CSNK1A1,ENSG00000113712,2546,172,10691,3.834951601223847,3.8194435858926283,0.14689091243903676,3.58800764333877,4.052813593586491,0.14577247699932405,25,5.689627183057739,,0,256.0,5.54907608489522
1906_CSNK2B_P1P2_ENSG00000204435,CSNK2B,ENSG00000204435,2785,128,10691,4.146256829891323,4.115734103996038,0.17837175005034905,3.8201796160472137,4.340809096434592,0.24661878180682173,25,5.691914376957046,,0,543.0,6.298949246855942
1915_CSTF1_P1P2_ENSG00000101138,CSTF1,ENSG00000101138,7933,141,10691,2.1981219952684503,2.153503859964734,0.33765900200527194,1.5953924829671984,2.6189663355363937,0.5281562432837592,25,3.9133851069528225,,0,577.0,6.359573868672378
1918_CSTF3_P1P2_ENSG00000176102,CSTF3,ENSG00000176102,4552,66,10691,3.1093452015045813,3.059857439540815,0.21577182203610643,2.7626143802332597,3.345023811320897,0.39966651582010115,25,3.9720042923409284,,0,1161.0,7.057897937411856
1919_CS_P1P2_ENSG00000062485,CS,ENSG00000062485,5129,222,10691,3.1367274280564685,3.1376126872787227,0.1734929361877312,2.816349222751402,3.3523423341060368,0.19741477821558684,25,5.275322086886358,,2,17.0,2.8903717578961645
1927_CTCF_P1P2_ENSG00000102974,CTCF,ENSG00000102974,6417,68,10691,1.7919943969563783,1.7509798811426844,0.42415450414800776,0.9508535922243211,2.2544817966788955,0.45021321313530605,25,2.6888691783771255,,0,20.0,3.044522437723423
1939_CTNNBL1_P1P2_ENSG00000132792,CTNNBL1,ENSG00000132792,7875,69,10691,2.730160359772727,2.7370491336907157,0.14446742214293676,2.530729759487716,2.9398989017905537,0.2120605980475423,25,3.664605919856937,,0,222.0,5.407171771460119
1943_CTR9_P1P2_ENSG00000198730,CTR9,ENSG00000198730,4507,212,10691,2.6766500300506855,2.6294969084486426,0.2607876535031799,2.0940694246068245,3.009804969881948,0.196609003610408,25,4.715081840789692,,1,5928.0,8.687610843707368
1957_CTU2_P1P2_ENSG00000174177,CTU2,ENSG00000174177,6508,114,10691,2.388846721371321,2.3199991201277097,0.3050505765591635,1.747795834263442,2.7106082020366356,0.36673723477718667,25,3.8759906441648413,,0,5.0,1.791759469228055
1960_CUL1_P1P2_ENSG00000055130,CUL1,ENSG00000055130,3474,223,10691,2.740376143877369,2.6873693596626644,0.5326773283860304,2.1974019176410486,3.218668895885401,0.4122039259849548,25,4.939314171502419,,1,69.0,4.248495242049359
1961_CUL2_P1P2_ENSG00000108094,CUL2,ENSG00000108094,4210,94,10691,2.8866726093904895,2.8134512623242434,0.2642504290007792,2.3870424386634563,3.163118523940311,0.40919680306405803,25,4.06188912358202,,0,197.0,5.288267030694535
1962_CUL3_P1P2_ENSG00000036257,CUL3,ENSG00000036257,1424,120,10691,3.2291309424221395,3.1258460606446645,0.3204809639382259,2.6256827695060774,3.4587925191477136,0.3997697046676416,25,4.6421022632699325,,0,16.0,2.833213344056216
1971_CWC15_P1P2_ENSG00000150316,CWC15,ENSG00000150316,4835,184,10691,3.1383761448210623,3.1422114803608734,0.199683224749993,2.8205496385195126,3.439351848359325,0.23503871218622052,25,5.078968825421526,,0,2630.0,7.875119281040293
1972_CWC22_P1P2_ENSG00000163510,CWC22,ENSG00000163510,1318,34,10691,1.9536675884731771,1.9459413402737793,0.2508890037289372,1.637726010591113,2.2461959844938835,0.27046467855262235,25,2.2192684219653773,,0,315.0,5.755742213586912
1973_CWC25_P1P2_ENSG00000273559,CWC25,ENSG00000273559,6728,149,10691,1.93038374623884,1.8856113495854347,0.5062518305775854,1.2533947111375459,2.444605684965299,0.6490071189337305,25,3.773872044175668,,0,2.0,1.0986122886681096
1976_CWF19L2_P1P2_ENSG00000152404,CWF19L2,ENSG00000152404,4847,194,10691,2.237842471997337,2.1713165970574657,0.3094508641988999,1.5142937021977878,2.486952616151694,0.3699063437357384,25,4.172067905601577,,0,1816.0,7.504942068396171
1979_CXXC1_P1P2_ENSG00000154832,CXXC1,ENSG00000154832,7128,122,10691,1.829308664269793,1.7281046917210405,0.4998318447966187,0.903944932858573,2.36528622801842,0.521815086871984,25,3.312776438721223,,0,924.0,6.829793737512425
1999_CYC1_P1P2_ENSG00000179091,CYC1,ENSG00000179091,3792,98,10691,3.5764013550468854,3.495764551165249,0.26138526828822767,3.0389895038676658,3.7944025489243205,0.2749838062521941,25,4.8407342362128505,,0,12.0,2.5649493574615367
2000_CYCS_P1P2_ENSG00000172115,CYCS,ENSG00000172115,3180,163,10691,4.639567385654286,4.637452225943876,0.05621000747266373,4.542754094438246,4.72191994723553,0.05974208878848675,25,6.583624420063073,,0,57.0,4.060443010546419
2001_CYFIP1_P1P2_ENSG00000273749,CYFIP1,ENSG00000273749,5844,111,10691,2.2913170758601735,2.266596914182367,0.33557522227756914,1.7764204710149496,2.733018813478408,0.3779395654678095,25,3.7962857763581286,,0,1.0,0.6931471805599453
201_AHCTF1_P1P2_ENSG00000153207,AHCTF1,ENSG00000153207,879,290,10691,2.881005612760535,2.870064853509788,0.3477821494345043,2.299448893907504,3.445554405024214,0.5251858065409376,25,5.280512356325083,1.9234720477460565,3,66.0,4.204692619390966
2020_DAD1_P1P2_ENSG00000129562,DAD1,ENSG00000129562,5577,80,10691,4.318272763960606,4.310577656839849,0.12856832520364356,4.108173381797465,4.48305521822686,0.13469232873400294,25,5.548236756437378,,0,60.0,4.110873864173311
2025_DAP3_P1P2_ENSG00000132676,DAP3,ENSG00000132676,604,162,10691,3.953688031902687,3.9349096991189283,0.1368985415735807,3.7631859137553927,4.124652987022223,0.19295727966769505,25,5.7451375422904825,,0,231.0,5.44673737166631
2030_DARS_P1P2_ENSG00000115866,DARS,ENSG00000115866,1251,70,10691,3.874086572962224,3.8510683344292924,0.16351556543406917,3.6481743986742723,4.1146767917196065,0.2712182546758348,25,4.857967348245317,,0,890.0,6.792344427470809
2036_DBF4_P1P2_ENSG00000006634,DBF4,ENSG00000006634,3301,131,10691,3.1614412858416996,3.123471466789066,0.3520887634200336,2.3805533265590184,3.5531984864234785,0.342669578075224,25,4.795765025442721,,0,38.0,3.6635616461296463
2044_DBR1_P1P2_ENSG00000138231,DBR1,ENSG00000138231,1818,98,10691,2.112707848110652,2.0107148955517506,0.2361159546403349,1.7046550950093673,2.25231328524011,0.360587128309668,25,3.327532906778588,,0,806.0,6.693323668269949
204_AHCY_P1P2_ENSG00000101444,AHCY,ENSG00000101444,7843,147,10691,3.8516279650818803,3.8519170634773716,0.1163169241831613,3.6612493419836336,4.0277895267825325,0.15570575931883424,25,5.586454972582288,,0,129.0,4.867534450455582
2058_DCAF6_P1P2_ENSG00000143164,DCAF6,ENSG00000143164,669,137,10691,1.8520060504483828,1.877317407769425,0.5344836877870905,1.111275874635401,2.7695434663351257,0.7238305554747813,25,3.634895748789895,,0,3.0,1.3862943611198906
2067_DCLRE1B_P1P2_ENSG00000118655,DCLRE1B,ENSG00000118655,493,117,10691,0.6486391755591135,0.7618260821063741,0.5254817614397421,0.0,1.4878168872208555,0.9033419918615291,25,2.2661754376032612,,0,3.0,1.3862943611198906
2073_DCTN1_P1P2_ENSG00000204843,DCTN1,ENSG00000204843,1105,197,10691,2.912637395309826,2.85420301895567,0.211651516401315,2.5097528780710494,3.1395092369763518,0.2965014729821167,25,4.873789234045068,,1,1.0,0.6931471805599453
2074_DCTN2_P1P2_ENSG00000175203,DCTN2,ENSG00000175203,5149,126,10691,3.4749411145676423,3.4816251024898652,0.1467370231535011,3.3124565064161113,3.7252804610049215,0.24081648241266684,25,5.028910591292417,,1,13.0,2.639057329615259
2075_DCTN3_P1P2_ENSG00000137100,DCTN3,ENSG00000137100,3853,201,10691,3.2854453217578774,3.265049301224497,0.17189052003441346,3.03651146208769,3.5096414051302385,0.22266138278048597,25,5.233968728482213,,1,2.0,1.0986122886681096
2076_DCTN4_P1P2_ENSG00000132912,DCTN4,ENSG00000132912,2553,77,10691,2.2018473325602588,2.139406427231758,0.3143774635483162,1.5514005308883931,2.5129950501183442,0.4508451413577299,25,3.196151181438096,,0,3.0,1.3862943611198906
2077_DCTN5_P1P2_ENSG00000166847,DCTN5,ENSG00000166847,6283,141,10691,2.869955445755226,2.8366046570774057,0.1614527856661263,2.6024982322558206,3.0350701670815274,0.2838472879278706,25,4.510490354833011,,0,9.0,2.302585092994046
2078_DCTN6_P1P2_ENSG00000104671,DCTN6,ENSG00000104671,3581,64,10691,2.2567553288190045,2.2516686752194257,0.27980118154599043,1.807070178207719,2.6808938787939205,0.4057913245996345,25,3.1624504959758633,,0,3.0,1.3862943611198906
2083_DCUN1D5_P1P2_ENSG00000137692,DCUN1D5,ENSG00000137692,4844,183,10691,3.9455911311240865,3.907577564323806,0.23048364928799372,3.520420094730449,4.189635182182997,0.36669227084995626,25,5.887936115879848,,1,985.0,6.893656354602635
2087_DDB1_P1_ENSG00000167986,DDB1,ENSG00000167986,4621,85,10691,3.451531907877829,3.464175051877852,0.12984285060933007,3.2513234154012087,3.630759306313687,0.15131575666303165,25,4.696652350994487,,0,219.0,5.393627546352361
2088_DDB1_P2_ENSG00000167986,DDB1,ENSG00000167986,4621,92,10691,0.0,0.37483831293907527,0.5192236773429034,0.0,1.4835387372346756,0.806506064539558,25,0.5030152806354131,,0,0.0,0.0
2096_DDOST_P1P2_ENSG00000244038,DDOST,ENSG00000244038,107,86,10691,3.2931744488495114,3.266956291113037,0.22023652909366156,2.940394475877789,3.56446671692961,0.23491906599425194,25,4.485411005947647,,0,63.0,4.1588830833596715
20_ABCB10_P1P2_ENSG00000135776,ABCB10,ENSG00000135776,837,51,10691,0.0,0.20029587343510127,0.35918481856269163,0.0,1.0068552194614966,0.21055338794678874,25,0.0,,0,40.0,3.713572066704308
2102_DDX10_P1P2_ENSG00000178105,DDX10,ENSG00000178105,4856,104,10691,3.3762050418386327,3.3753014104415895,0.1510879245591734,3.162470559910189,3.5837814723310335,0.24152732038224167,25,4.692481211347954,,0,637.0,6.45833828334479
2103_DDX11_P1P2_ENSG00000013573,DDX11,ENSG00000013573,5014,128,10691,2.1602824003127727,1.9644093953238042,0.5432110342475489,1.1936351318177143,2.462735804990278,0.4761905152297512,25,3.6155680360485363,,0,1.0,0.6931471805599453
2105_DDX18_P1P2_ENSG00000088205,DDX18,ENSG00000088205,1210,137,10691,3.685979827256552,3.6979484005210708,0.14405264632684406,3.4664082907819624,3.8966539737168966,0.17263322845650064,25,5.422732971605226,,0,2353.0,7.763871287820222
2106_DDX19A_P1P2_ENSG00000168872,DDX19A,ENSG00000168872,6449,103,10691,2.771558930941873,2.7243027394895303,0.2633603705392127,2.244252166242468,2.961078139610732,0.2420858608303118,25,4.146474250905699,,0,3.0,1.3862943611198906
2107_DDX19B_P1_ENSG00000157349,DDX19B,ENSG00000157349,6448,152,10691,1.602250161268171,1.4989066914280915,0.521628542338446,0.8527361439802315,2.0695611583870708,0.8614736582859344,25,3.354714832508008,,0,0.0,0.0
2108_DDX19B_P2_ENSG00000157349,DDX19B,ENSG00000157349,6448,133,10691,0.0,0.12359604272515366,0.3037491941247513,0.0,0.8833708829953322,0.0,25,0.34638239429400114,,0,0.0,0.0
2109_DDX1_P1P2_ENSG00000079785,DDX1,ENSG00000079785,921,101,10691,4.186784516976149,4.2177751137030866,0.09994348356126315,4.094550952883896,4.35525320319322,0.1550192817646936,25,5.61264797315665,,0,1.0,0.6931471805599453
2110_DDX20_P1P2_ENSG00000064703,DDX20,ENSG00000064703,481,114,10691,2.4188424510709425,2.370803396870229,0.2342344175673101,2.082367346077626,2.644072301787808,0.34393064098387605,25,3.9269001585263017,,0,232.0,5.4510384535657
2111_DDX21_P1P2_ENSG00000165732,DDX21,ENSG00000165732,4256,90,10691,4.345094578250252,4.32092687505842,0.13344148755807145,4.136739329733577,4.533468123559079,0.15175745153836484,25,5.663116661525541,,0,353.0,5.869296913133774
2112_DDX23_P1P2_ENSG00000174243,DDX23,ENSG00000174243,5048,159,10691,3.078011673800378,3.009824641444278,0.25503415792185313,2.5660353924473958,3.3441385867379725,0.40890383253637896,25,4.7662707149834915,,0,2331.0,7.754481547470383
2113_DDX24_P1P2_ENSG00000089737,DDX24,ENSG00000089737,5799,286,10691,3.439286197224354,3.4179863608461947,0.2290292071463839,3.105289639034066,3.7484220703275963,0.3847510771057796,25,5.755854983330392,2.3640401280864674,5,1956.0,7.579167967396076
2114_DDX27_P1P2_ENSG00000124228,DDX27,ENSG00000124228,7913,49,10691,3.14267424317338,3.111605049908111,0.2059048446886608,2.799738110766733,3.4201296913189356,0.3367582735971384,25,3.7670070170264482,,0,127.0,4.852030263919617
2119_DDX3X_P1P2_ENSG00000215301,DDX3X,ENSG00000215301,8347,29,10691,3.268722641583385,3.25377383291196,0.1069415327825066,3.0659593819964543,3.4139073499180745,0.16876512998456006,25,3.355994754166347,,0,8.0,2.1972245773362196
2120_DDX41_P1P2_ENSG00000183258,DDX41,ENSG00000183258,2617,292,10691,2.396277754180357,2.4070911396822283,0.20047552254098555,2.1522125320210774,2.74811977458933,0.2857137456665355,25,4.84332758952031,1.728043054667807,5,5098.0,8.536799721055155
2121_DDX42_P1P2_ENSG00000198231,DDX42,ENSG00000198231,6913,44,10691,2.8615219027579473,2.8434904775367635,0.2223537760072459,2.548913554168013,3.192480887486959,0.29315368031416833,25,3.3319582798052894,,0,1.0,0.6931471805599453
2122_DDX46_P1_ENSG00000145833,DDX46,ENSG00000145833,2491,147,10691,4.292987887345891,4.27388984233933,0.13281600915080347,4.016386564181955,4.436972047069551,0.15402005709954114,25,6.015164933203329,,0,1357.0,7.213768308118642
2123_DDX46_P2_ENSG00000145833,DDX46,ENSG00000145833,2491,67,10691,0.7137858626053841,0.7059731175818166,0.5006207891655199,0.008286218580790237,1.4747646935234004,0.7343891942093406,25,1.5325312738646084,,0,0.0,0.0
2125_DDX49_P1P2_ENSG00000105671,DDX49,ENSG00000105671,7430,45,10691,3.179499061779886,3.179850818042451,0.1706292921664441,2.8795614728039878,3.450955879600971,0.1879869036889028,25,3.7215168921218083,,0,87.0,4.477336814478207
2127_DDX51_P1P2_ENSG00000185163,DDX51,ENSG00000185163,5380,128,10691,1.7399151527813062,1.6928759634691883,0.5039433909809199,0.9429694465850581,2.429447913064825,0.751297148105071,25,3.4645130564487387,,0,414.0,6.028278520230698
2128_DDX52_P1P2_ENSG00000278053,DDX52,ENSG00000278053,6719,117,10691,3.539242320132318,3.5299763215200914,0.16748343802628088,3.2281962416490773,3.7578572079291725,0.16136546639132598,25,5.033431337016826,,1,769.0,6.646390514847729
2129_DDX54_P1_ENSG00000123064,DDX54,ENSG00000123064,5295,55,10691,3.405320497990063,3.36513774272657,0.11930647567624482,3.1444613073741094,3.50199985150572,0.17510053265493708,25,4.12163218623935,,0,311.0,5.7430031878094825
2130_DDX54_P2_ENSG00000123064,DDX54,ENSG00000123064,5295,40,10691,0.5958814660223372,0.6621523303721311,0.5463193408589946,0.0,1.4434778109135924,0.8981231016058985,25,1.0344209352481326,,0,0.0,0.0
2131_DDX55_P1P2_ENSG00000111364,DDX55,ENSG00000111364,5361,163,10691,2.833565456929023,2.815222984891359,0.22498673833772423,2.3968101804349646,3.1005520813802367,0.2004934638703979,25,4.684458738887472,,0,217.0,5.384495062789089
2132_DDX56_P1P2_ENSG00000136271,DDX56,ENSG00000136271,3225,174,10691,2.862796533130007,2.868044394290625,0.2946792541216198,2.358861469482183,3.3022917309586677,0.40073816199942547,25,4.815745979557761,,0,1698.0,7.4377951216719325
2133_DDX59_P1P2_ENSG00000118197,DDX59,ENSG00000118197,733,154,10691,1.6392534379011199,1.3992258213214648,0.43985839247997943,0.868443266257804,1.8550488403272698,0.7602029289227814,25,3.2844232181309128,,0,55.0,4.02535169073515
2134_DDX5_P1P2_ENSG00000108654,DDX5,ENSG00000108654,6921,151,10691,4.361050675991839,4.351905184633082,0.1439107652866976,4.103414091520108,4.537482652890203,0.16333886309366985,25,6.1577592782006425,,0,104.0,4.653960350157523
2135_DDX6_P1P2_ENSG00000110367,DDX6,ENSG00000110367,4885,76,10691,3.193486724007016,3.1548494892831753,0.22813595187052724,2.7002586441050394,3.398101801301937,0.2874200108874696,25,4.156767542096922,,0,723.0,6.584791392385716
2155_DENR_P1P2_ENSG00000139726,DENR,ENSG00000139726,5347,251,10691,3.6369633609111935,3.633779570058179,0.15527679022517601,3.37024163861843,3.860185229470907,0.20847647312903428,25,5.873702167281856,,2,251.0,5.529429087511423
2162_DERL2_P1P2_ENSG00000072849,DERL2,ENSG00000072849,6579,124,10691,2.640289269019432,2.621985229982524,0.14323881301860011,2.4500811131180478,2.7679648430273787,0.14069091378587117,25,4.1157358330462195,,0,392.0,5.973809611869261
216_AIFM1_P1P2_ENSG00000156709,AIFM1,ENSG00000156709,8485,50,10691,3.06795840681679,3.089024905694018,0.20392283869118835,2.824412676082546,3.4637365482958735,0.2966280534224035,25,3.791686506368566,,0,3.0,1.3862943611198906
2186_DHDDS_P1P2_ENSG00000117682,DHDDS,ENSG00000117682,146,96,10691,2.0468990194006924,2.0030474554379625,0.17261951321753083,1.6100901123683302,2.162913080324635,0.1394921522747492,25,3.258864200262039,,0,1088.0,6.9930151229329605
2187_DHFR_P1P2_ENSG00000228716,DHFR,ENSG00000228716,2398,125,10691,0.0,0.4312647692843855,0.5593732292875199,0.0,1.6894367615604504,0.747503935765421,25,1.1775746770306297,,0,0.0,0.0
2188_DHODH_P2_ENSG00000102967,DHODH,ENSG00000102967,6458,80,10691,0.1257607221777821,0.4681431350550504,0.6212804325883591,0.0,1.616214366561291,0.910371908473478,25,0.7366867918708041,,0,0.0,0.0
2189_DHODH_P1_ENSG00000102967,DHODH,ENSG00000102967,6458,143,10691,1.6199400399029824,1.5775555875545786,0.5441224090149759,0.5376020527528188,2.0853262501537655,0.4699639860744462,25,3.336732896096353,,0,345.0,5.846438775057724
2190_DHPS_P1P2_ENSG00000095059,DHPS,ENSG00000095059,7343,66,10691,2.612550098951786,2.6130697869033876,0.17760953836742951,2.3173549491902405,2.884319445381854,0.22693383718754268,25,3.5564689839020036,,0,1.0,0.6931471805599453
2203_DHX15_P1P2_ENSG00000109606,DHX15,ENSG00000109606,2018,359,10691,3.556836891423281,3.467063939681269,0.2281480933272069,3.0251121700536188,3.6602807386266583,0.22140912953140468,25,6.082526444624299,2.607760219069238,8,4639.0,8.442469645220301
2204_DHX16_P1P2_ENSG00000204560,DHX16,ENSG00000204560,2761,328,10691,2.482097571459401,2.337194863915587,0.3417219763204135,1.8601520186821345,2.789777996854911,0.5062501425091765,25,4.968144349272552,1.6581474476196336,7,4911.0,8.499436469826978
2209_DHX33_P1P2_ENSG00000005100,DHX33,ENSG00000005100,6578,140,10691,2.1689913159979186,2.2020919874364173,0.31943902671553887,1.722666780306559,2.6878002993443264,0.34698377856921914,25,3.8454608661079765,,0,201.0,5.308267697401205
2212_DHX36_P1P2_ENSG00000174953,DHX36,ENSG00000174953,1854,269,10691,3.9671012126603227,3.9650603475091857,0.08161926105967023,3.813582707384388,4.063263546227872,0.08596317661718755,25,6.273374869455666,,2,1118.0,7.020190708311925
2213_DHX37_P1P2_ENSG00000150990,DHX37,ENSG00000150990,5370,217,10691,2.4235834724953147,2.3918104616942095,0.28935992437454405,1.9598405920067632,2.751012937389923,0.3704095296287053,25,4.482125597561592,,2,1288.0,7.161622002939187
2217_DHX8_P1P2_ENSG00000067596,DHX8,ENSG00000067596,6792,115,10691,0.1962096179000305,0.5511545844903115,0.7040104575800099,0.0,1.8478242991254592,0.8339834209836224,25,1.9210552952057203,,0,938.0,6.844815479208263
2218_DHX9_P1P2_ENSG00000135829,DHX9,ENSG00000135829,711,92,10691,3.5912240284449077,3.5326030609801,0.22829216375253744,3.1336091509283936,3.830484377847758,0.3325379834382174,25,4.800302377419164,,0,12.0,2.5649493574615367
2222_DICER1_P1P2_ENSG00000100697,DICER1,ENSG00000100697,5801,158,10691,2.967894140226404,2.932232352275344,0.1364385430419761,2.6882531723819496,3.094235760734596,0.1465975080610522,25,4.716421952477494,,0,161.0,5.087596335232384
2226_DIMT1_P1P2_ENSG00000086189,DIMT1,ENSG00000086189,2343,94,10691,3.4123570776641006,3.350184305730717,0.23771127885701868,3.056494961515878,3.727414504959705,0.40801501731741263,25,4.6258627248165025,,1,1048.0,6.955592608396297
2233_DIS3_P1P2_ENSG00000083520,DIS3,ENSG00000083520,5498,43,10691,3.4799088104252327,3.5005621760378154,0.0844727235525786,3.384579086705653,3.6100891411699862,0.11436052862986701,25,4.01661284482846,,0,518.0,6.251903883165888
2235_DKC1_P1P2_ENSG00000130826,DKC1,ENSG00000130826,8537,66,10691,3.9012257008293534,3.921780817331639,0.11581445080101917,3.7703855331122353,4.095384003172006,0.17813339932668315,25,4.881570680630084,,0,185.0,5.225746673713202
2238_DLD_P1P2_ENSG00000091140,DLD,ENSG00000091140,3397,311,10691,3.7336604439181245,3.729015769336194,0.1503071731608153,3.467100352275005,3.9247086011427856,0.22960902496107538,25,6.173566086095645,2.8846930047641983,8,2831.0,7.94873845481361
2251_DMAP1_P1P2_ENSG00000178028,DMAP1,ENSG00000178028,287,78,10691,2.18773764800474,2.092689074061902,0.42430271002374575,1.3284048494391156,2.5535726789423703,0.31810776485371695,25,3.137656519584798,,0,1245.0,7.1276936993473985
2274_DNAJA1_P1_ENSG00000086061,DNAJA1,ENSG00000086061,3840,238,10691,4.071159085945898,4.039585777935861,0.1378293767551635,3.822589890913058,4.200279152866895,0.16831472044671392,25,6.239444106536991,,2,3.0,1.3862943611198906
2275_DNAJA1_P2_ENSG00000086061,DNAJA1,ENSG00000086061,3840,54,10691,0.0,0.16930734505851056,0.3773585213170365,0.0,1.0738127732825182,0.14295123345007693,25,0.0,,0,0.0,0.0
2277_DNAJA3_P1P2_ENSG00000103423,DNAJA3,ENSG00000103423,6207,127,10691,2.8663500751149202,2.852628615994101,0.14840551954505812,2.5863055032674005,3.0678423096665894,0.20380486135392895,25,4.400344912449835,,0,795.0,6.679599185844383
2286_DNAJC11_P1P2_ENSG00000007923,DNAJC11,ENSG00000007923,45,46,10691,2.2077888793984095,2.1732907047725876,0.2795489113762101,1.7135231342967274,2.514638255255516,0.39911931166521386,25,2.848877573529721,,0,4.0,1.6094379124341003
2291_DNAJC17_P1P2_ENSG00000104129,DNAJC17,ENSG00000104129,5879,31,10691,1.1387148921688806,1.2239721667546677,0.2944799680753385,0.8804490335245976,1.7944762993948107,0.2844914313251268,25,1.360426553261576,,0,618.0,6.428105272684596
2292_DNAJC19_P1P2_ENSG00000205981,DNAJC19,ENSG00000205981,1897,398,10691,3.3673931421979133,3.282990151648256,0.27640253647976787,2.860244472335405,3.681236857706292,0.3829605572065753,25,6.006667764981187,2.3090434294506057,18,5816.0,8.668539943910762
22_ABCB7_P1P2_ENSG00000131269,ABCB7,ENSG00000131269,8419,199,10691,2.4006281889908845,2.4124168861580797,0.14970562148461486,2.172017265635369,2.6317145143678458,0.17604350345107367,25,4.411079952834483,,0,113.0,4.736198448394496
2304_DNAJC8_P1P2_ENSG00000126698,DNAJC8,ENSG00000126698,165,277,10691,4.311419733706935,4.29685630800476,0.08310551346424674,4.148005614384545,4.421464645289628,0.09861848756950753,25,6.645233749744102,3.376327943452124,3,154.0,5.043425116919247
2305_DNAJC9_P1P2_ENSG00000213551,DNAJC9,ENSG00000213551,4276,84,10691,3.852033143940592,3.872422664275158,0.12776445579340867,3.7129222449858,4.057567350155727,0.15384198307254815,25,5.069997503421565,,0,2.0,1.0986122886681096
2311_DNM1L_P1P2_ENSG00000087470,DNM1L,ENSG00000087470,5020,168,10691,3.173506496733637,3.1763276343887465,0.1974737532221215,2.88900353174745,3.410055358707077,0.1982382123652835,25,5.010576355092554,,0,209.0,5.3471075307174685
2312_DNM1_P1P2_ENSG00000106976,DNM1,ENSG00000106976,4029,146,10691,0.8661374860204702,0.8876931094258365,0.7094437809862592,0.0,2.012289593339155,1.2756081094483058,25,2.4720643222707563,,0,1.0,0.6931471805599453
2314_DNMT1_P1P2_ENSG00000130816,DNMT1,ENSG00000130816,7300,170,10691,4.01020373550385,4.010488282906389,0.12668212707413118,3.7900965098352017,4.154463589296444,0.1938105325815065,25,5.896058487169793,,1,86.0,4.465908118654584
2321_DNTTIP2_P1P2_ENSG00000067334,DNTTIP2,ENSG00000067334,429,264,10691,3.6117199457040723,3.590435415851135,0.17966897977825974,3.271550511471354,3.8281306204518475,0.19429727952043008,25,5.876426597487221,,2,2944.0,7.987864096085687
2328_DOHH_P1P2_ENSG00000129932,DOHH,ENSG00000129932,7221,155,10691,3.034232953701093,2.9894904249502208,0.1413291281102861,2.7997951830454726,3.1188746268540464,0.15351725974589447,25,4.7472531814813745,,0,581.0,6.366470447731438
2334_DOLK_P1P2_ENSG00000175283,DOLK,ENSG00000175283,4050,146,10691,1.5661338547601509,1.389134204569368,0.36350646639070455,0.9411073087352149,1.7855635408954937,0.5211655746834472,25,3.310705180551052,,1,20.0,3.044522437723423
2336_DONSON_P1P2_ENSG00000159147,DONSON,ENSG00000159147,8019,745,10691,2.4655492570130564,2.415433881447245,0.27850159068013036,1.84476589198228,2.747786516510985,0.20361290759703854,25,5.852614969993264,1.9524351626253866,45,2551.0,7.844632644464681
2338_DPAGT1_P1P2_ENSG00000172269,DPAGT1,ENSG00000172269,4894,135,10691,2.2349080456502377,2.1893482117646967,0.3190873897990869,1.7927375899746079,2.470203627676019,0.2928718033638855,25,3.908065591253059,,0,2.0,1.0986122886681096
2347_DPH2_P1P2_ENSG00000132768,DPH2,ENSG00000132768,284,164,10691,2.7008805042510673,2.640155949533806,0.18434887797796365,2.275663318527343,2.831880471213319,0.20449550026217,25,4.501990425844861,,1,209.0,5.3471075307174685
2348_DPH3_P1P2_ENSG00000154813,DPH3,ENSG00000154813,1528,60,10691,3.511172963764766,3.5247186604682654,0.13558832798286413,3.3130780058898823,3.7523823056298555,0.12158556324529624,25,4.379488876853153,,0,3.0,1.3862943611198906
2350_DPH6_P1P2_ENSG00000134146,DPH6,ENSG00000134146,5863,101,10691,1.7730298129470672,1.713165432331085,0.1923403056509909,1.3488056974458604,1.9188415608357092,0.11891784855728993,25,3.0817496168803844,,0,0.0,0.0
2353_DPM2_P1P2_ENSG00000136908,DPM2,ENSG00000136908,4024,153,10691,3.315733944142893,3.238228135291854,0.25468632470179375,2.6844815462545237,3.525344282962502,0.29760590551619126,25,5.068077667404066,,0,4.0,1.6094379124341003
2369_DR1_P1P2_ENSG00000117505,DR1,ENSG00000117505,427,126,10691,2.9364071227062927,2.8575292770016767,0.2343658955988872,2.476684999177532,3.0978986508436486,0.3191713447938822,25,4.415983682977364,,0,55.0,4.02535169073515
2372_DRAP1_P1P2_ENSG00000175550,DRAP1,ENSG00000175550,4717,227,10691,3.8235552161854267,3.777422305559223,0.18833266814709343,3.410460055881231,4.048806765290352,0.2264456891525537,25,5.90452813847607,,1,117.0,4.770684624465665
2373_DRG1_P1P2_ENSG00000185721,DRG1,ENSG00000185721,8177,196,10691,3.2759705619751216,3.205536875020245,0.23281470882020783,2.7619819185180954,3.503357466045178,0.17828567631774073,25,5.24977984835148,,1,15.0,2.772588722239781
237_AKIRIN2_P1P2_ENSG00000135334,AKIRIN2,ENSG00000135334,2959,169,10691,2.612246922200035,2.6018209547625117,0.30544720842644263,2.0926362609181393,3.0117015458667957,0.2911463718193006,25,4.42286532438227,,0,120.0,4.795790545596741
2382_DSN1_P1P2_ENSG00000149636,DSN1,ENSG00000149636,7869,245,10691,2.260272175584275,2.203129110747251,0.2765380998138183,1.6700816957267837,2.560214682786416,0.3471218519635535,25,4.487320532356257,,1,2506.0,7.826842098158293
2389_DTL_P1P2_ENSG00000143476,DTL,ENSG00000143476,776,136,10691,1.3098179001147243,1.4678075585452035,0.6948594405732437,0.559215372931709,2.35457370427813,1.1074551172046343,25,3.248182713453869,,0,448.0,6.1070228877422545
2394_DTYMK_P1P2_ENSG00000168393,DTYMK,ENSG00000168393,1472,121,10691,3.373911393937814,3.3678238980394197,0.2676822796063081,3.067033340855117,3.6976976989246015,0.3328885917802902,25,4.96142117326143,,0,250.0,5.5254529391317835
2414_DUT_P1P2_ENSG00000128951,DUT,ENSG00000128951,5918,49,10691,4.290837415884942,4.278296048965437,0.07566709996178414,4.13876362968363,4.40050354629382,0.09038740628230801,25,4.963114839183501,,0,213.0,5.365976015021851
2421_DYNC1H1_P1P2_ENSG00000197102,DYNC1H1,ENSG00000197102,5813,291,10691,3.302292010918662,3.181743397325495,0.2638232787843501,2.7037646241671243,3.457128074362009,0.40671678691777613,25,5.5447526079814216,2.199289739846242,4,1130.0,7.030857476116121
2422_DYNC1I2_P1P2_ENSG00000077380,DYNC1I2,ENSG00000077380,1293,300,10691,2.566784204680183,2.52365897613782,0.4579575152826156,1.7472781725510236,3.0209972753363976,0.7286990788432983,25,5.022934890618678,1.864208249423624,5,613.0,6.419994928147142
2426_DYNLL1_P1P2_ENSG00000088986,DYNLL1,ENSG00000088986,5322,71,10691,4.307853228195847,4.318656383615683,0.1154379162089804,4.147842230513203,4.4930279715074715,0.15754643944909308,25,5.447386317877451,,0,57.0,4.060443010546419
2428_DYNLRB1_P2_ENSG00000125971,DYNLRB1,ENSG00000125971,7845,107,10691,0.45160313889707693,0.613210137196263,0.6760704561674022,0.0,1.7560406259547525,1.0090147099329918,25,1.6814987121503022,,0,1.0,0.6931471805599453
2429_DYNLRB1_P1_ENSG00000125971,DYNLRB1,ENSG00000125971,7845,175,10691,2.0385369427861786,2.045470392582117,0.5274449200949984,1.2693821639460625,2.69257487075046,0.7897803767589338,25,3.912793315687414,,0,439.0,6.0867747269123065
2443_E2F6_P1P2_ENSG00000169016,E2F6,ENSG00000169016,917,150,10691,2.5671958836996573,2.6050073799433147,0.23057155310287122,2.3002183789666892,2.9503560496758316,0.34105586335485993,25,4.340929782649356,,0,5.0,1.791759469228055
2446_E4F1_P1P2_ENSG00000167967,E4F1,ENSG00000167967,6170,134,10691,2.3784178381790793,2.409834092897025,0.12936119985430458,2.255091638669702,2.5999714449221054,0.24860351335216224,25,3.994572255823606,,0,753.0,6.625392368007956
2450_EARS2_P1P2_ENSG00000103356,EARS2,ENSG00000103356,6279,192,10691,2.1442918346024795,1.960688102500398,0.34074258929259305,1.4128394688606198,2.26338102336732,0.5211655010344487,25,3.9770788599368916,,1,28.0,3.367295829986474
2456_EBNA1BP2_P1P2_ENSG00000117395,EBNA1BP2,ENSG00000117395,273,82,10691,4.0189218059470635,4.03127938286041,0.15617287587223252,3.8077573372755036,4.283177201722352,0.18907425121627952,25,5.250201141603265,,0,439.0,6.0867747269123065
2460_ECD_P1P2_ENSG00000122882,ECD,ENSG00000122882,4275,72,10691,2.4690410559694334,2.406015651479109,0.2481908214069731,1.9710128379051757,2.7124697294443925,0.36059293047999263,25,3.3531476041134245,,0,347.0,5.8522024797744745
2471_ECT2_P1P2_ENSG00000114346,ECT2,ENSG00000114346,1884,55,10691,2.180325440102483,2.2021496727618466,0.3504134465343241,1.7641649379403457,2.7715929397313803,0.3944094054412335,25,2.938217484153949,,0,1.0,0.6931471805599453
2475_EDC4_P1P2_ENSG00000038358,EDC4,ENSG00000038358,6425,166,10691,2.088930439420739,1.8910268020591838,0.5403197678513404,0.9630800288155182,2.5474006078750873,0.5922910375723238,25,3.845321512291509,,0,17.0,2.8903717578961645
2482_EEF1A1_P1P2_ENSG00000156508,EEF1A1,ENSG00000156508,2933,37,10691,3.806021914856001,3.769862513647895,0.10075726727595756,3.613554283800483,3.89593186702012,0.157910371751802,25,4.370045056228657,,0,4.0,1.6094379124341003
2484_EEF1B2_P1P2_ENSG00000114942,EEF1B2,ENSG00000114942,1380,32,10691,4.425042057088609,4.428702011181498,0.04848696852451962,4.3671014924690486,4.50093722227094,0.07749092521138046,25,5.038700695634579,,0,3.0,1.3862943611198906
2487_EEF1G_P1P2_ENSG00000254772,EEF1G,ENSG00000254772,4637,175,10691,4.692674581645042,4.684867048020541,0.0457456929983962,4.596322361683834,4.735367631672569,0.04867984846699258,25,6.724507382952093,,0,677.0,6.519147287940395
2489_EEF2_P2_ENSG00000167658,EEF2,ENSG00000167658,7232,108,10691,0.0,0.161430282607838,0.3052741793197007,0.0,0.8969269083503981,0.19571496624141577,25,0.0,,0,0.0,0.0
2490_EEF2_P1_ENSG00000167658,EEF2,ENSG00000167658,7232,213,10691,4.411030675612949,4.403879796019046,0.12945427728430633,4.214992309132415,4.5971714202433915,0.19202200193840202,25,6.62524539304654,,0,1681.0,7.427738840532894
2502_EFTUD2_P1P2_ENSG00000108883,EFTUD2,ENSG00000108883,6809,127,10691,2.0375409355125984,1.9755216614345392,0.5729514144258334,0.9497272640556882,2.712271696132648,0.6948088997327062,25,3.471011391408758,,0,1021.0,6.92951677076365
2507_EGLN2_P2_ENSG00000269858,EGLN2,ENSG00000269858,7549,204,10691,0.0,0.11855021377434688,0.27711552792850447,0.0,0.5654292426961459,0.0,25,0.0,,1,79.0,4.382026634673881
2508_EGLN2_P1_ENSG00000269858,EGLN2,ENSG00000269858,7549,158,10691,3.0086631199629617,2.9447931294219165,0.2215892071531754,2.5307063946579604,3.218705990741881,0.16835330680360627,25,4.790171342765412,,1,1.0,0.6931471805599453
2526_EIF1AD_P1P2_ENSG00000175376,EIF1AD,ENSG00000175376,4719,33,10691,2.5924087628403347,2.5997190235153935,0.13390664806062427,2.3770506133345934,2.790462403658025,0.1982517108839459,25,2.798251939714729,,0,5.0,1.791759469228055
2527_EIF1AX_P1P2_ENSG00000173674,EIF1AX,ENSG00000173674,8327,134,10691,3.8912799059024104,3.9079750489399405,0.22193345382193377,3.537126521463269,4.302559842436779,0.2798821679482364,25,5.583307844552543,,0,763.0,6.638567789166521
2529_EIF1_P1P2_ENSG00000173812,EIF1,ENSG00000173812,6751,95,10691,4.434789191676607,4.429120600198463,0.08524913720785657,4.290794374137924,4.557105311413744,0.10763833651084997,25,5.96974567876114,,0,16.0,2.833213344056216
2535_EIF2B1_P1P2_ENSG00000111361,EIF2B1,ENSG00000111361,5362,178,10691,3.442859949172097,3.4509226111983677,0.15508693198975262,3.2097888980301343,3.711914599790845,0.21301146332808552,25,5.3703917155877745,,1,1494.0,7.3098814858247865
2536_EIF2B2_P1P2_ENSG00000119718,EIF2B2,ENSG00000119718,5758,319,10691,1.9195962511346736,1.9405872342667494,0.27756052888631266,1.4303872141503202,2.241154210360977,0.3843742685117364,25,4.406616480870982,0.9662950015001784,7,4145.0,8.329899292995725
2537_EIF2B3_P1P2_ENSG00000070785,EIF2B3,ENSG00000070785,292,104,10691,3.692044929528276,3.6875930364807727,0.10281175387353121,3.5436447180865054,3.8343760440453107,0.17494363254595546,25,5.063304404403751,,0,1470.0,7.293697720601438
2538_EIF2B4_P1P2_ENSG00000115211,EIF2B4,ENSG00000115211,958,324,10691,1.9696119181865819,2.0073131810527154,0.4357273261998454,1.4157342400942514,2.5495814167625914,0.5997113674824972,25,4.620640818037116,1.1882729800126661,7,5401.0,8.59452453435256
2539_EIF2B5_P1P2_ENSG00000145191,EIF2B5,ENSG00000145191,1906,461,10691,2.7596515628060994,2.741561913081855,0.2683234820621598,2.268434345709998,3.1377181792698927,0.33792206469313646,25,5.616215116934215,1.8379118281108255,23,5106.0,8.538367426647644
2541_EIF2S1_P1P2_ENSG00000134001,EIF2S1,ENSG00000134001,5723,243,10691,3.685704937196955,3.6963800820708803,0.19509124214467036,3.3915261866233672,3.9660048962379633,0.28568636973399375,25,5.979691476781793,2.853564062775472,3,5278.0,8.571491964823617
2542_EIF2S2_P1P2_ENSG00000125977,EIF2S2,ENSG00000125977,7842,120,10691,3.6732384848547976,3.6337514494316165,0.1961139100280076,3.289434700120129,3.9446458810236487,0.26355876355010466,25,5.160751032788723,,0,419.0,6.040254711277414
2543_EIF2S3_P1P2_ENSG00000130741,EIF2S3,ENSG00000130741,8335,57,10691,4.219678719311634,4.212147083707272,0.0991395798562128,4.047713843671664,4.36306602782216,0.10212092196785161,25,5.076237633741458,,0,1688.0,7.4318919168078
2544_EIF3A_P1P2_ENSG00000107581,EIF3A,ENSG00000107581,4403,379,10691,3.8451438580538504,3.846775468600005,0.19800918827932681,3.544195313497035,4.124067503745061,0.2933558610211908,25,6.49130272468998,2.8539372117806145,17,3124.0,8.047189562170502
2545_EIF3B_P1P2_ENSG00000106263,EIF3B,ENSG00000106263,3129,34,10691,3.639648108822208,3.619809731269161,0.1563206746646728,3.413796820976511,3.8372325295616867,0.2131456354593806,25,3.949400126851656,,0,400.0,5.993961427306569
2548_EIF3D_P1P2_ENSG00000100353,EIF3D,ENSG00000100353,8192,186,10691,3.7341947891620677,3.6650568919328337,0.21696101862601846,3.308789360779257,3.929370874190329,0.3182550306512013,25,5.663117804925343,,0,2355.0,7.764720544771477
2549_EIF3E_P1P2_ENSG00000104408,EIF3E,ENSG00000104408,3730,232,10691,4.07422964116754,4.011924406202394,0.20665110882832954,3.579634707953904,4.209220904404021,0.22677971993862034,25,6.24520991094494,,1,1827.0,7.510977752014095
2550_EIF3F_P1P2_ENSG00000175390,EIF3F,ENSG00000175390,4494,67,10691,3.171160609682551,3.170837926084896,0.22534748459311243,2.832951902066208,3.484730654754955,0.19649398826173226,25,4.135310122185734,,0,133.0,4.897839799950911
2551_EIF3G_P1P2_ENSG00000130811,EIF3G,ENSG00000130811,7299,67,10691,4.05537424579373,4.050518703935971,0.16849283644888233,3.8163473068124176,4.254917729548285,0.19352533193217036,25,5.058839665045681,,0,576.0,6.3578422665081
2552_EIF3H_P1P2_ENSG00000147677,EIF3H,ENSG00000147677,3735,369,10691,4.342875405309936,4.354467763919949,0.12447953735858418,4.171619012587661,4.547483579620856,0.2132584459077531,25,6.99063497398209,3.490823895684869,16,2006.0,7.604396348796338
2553_EIF3I_P1P2_ENSG00000084623,EIF3I,ENSG00000084623,192,61,10691,3.871355906097987,3.8869526786462116,0.19232081881737825,3.5941920465559716,4.126780162583873,0.2955188361785166,25,4.945227971332017,,0,256.0,5.54907608489522
2554_EIF3J_P1P2_ENSG00000104131,EIF3J,ENSG00000104131,5912,82,10691,4.162119379600939,4.136258877537629,0.10826849386095955,3.921164823983449,4.271254148240522,0.10293890535746186,25,5.296343453549762,,0,68.0,4.23410650459726
2556_EIF3L_P1P2_ENSG00000100129,EIF3L,ENSG00000100129,8206,57,10691,4.202854123306403,4.176630123780643,0.10617103009185949,3.981326937346056,4.3111744040344275,0.14778971457532641,25,4.996896339972149,,0,39.0,3.6888794541139363
2557_EIF3M_P1P2_ENSG00000149100,EIF3M,ENSG00000149100,4550,246,10691,4.274008017276487,4.273081208819269,0.11348342447654941,4.087576691266406,4.482475123217709,0.1409617717551086,25,6.495837198081267,,0,2020.0,7.611347717403621
2558_EIF4A1_P1P2_ENSG00000161960,EIF4A1,ENSG00000161960,6597,46,10691,4.2725121656018885,4.255088871447989,0.11384335404797699,4.080681140006491,4.392713210874518,0.12641364022305712,25,5.066097641805177,,0,32.0,3.4965075614664802
2562_EIF4B_P1P2_ENSG00000063046,EIF4B,ENSG00000063046,5082,41,10691,4.361098180333099,4.36101059836098,0.08463136169978608,4.225052972784867,4.476111374047271,0.11691314563474542,25,4.93383327631372,,0,2.0,1.0986122886681096
2567_EIF4E_P1P2_ENSG00000151247,EIF4E,ENSG00000151247,2125,357,10691,3.895593237005589,3.9052604173293237,0.13074283644635482,3.698509695486704,4.096080644184901,0.19619469520770227,25,6.500282161484493,3.0120777369510887,12,2682.0,7.894690850425624
2568_EIF4G1_P1P2_ENSG00000114867,EIF4G1,ENSG00000114867,1913,372,10691,3.934456617226655,3.9176358259009527,0.22569460507120342,3.5157531258234447,4.18231270781207,0.25803521294855924,25,6.496195318960772,2.8879757765938825,14,2031.0,7.616775808698373
2569_EIF4G2_P1_ENSG00000110321,EIF4G2,ENSG00000110321,4508,196,10691,3.9962948478301343,4.019173486684479,0.15153855509887035,3.7576615451679767,4.209075070713406,0.24441737370841654,25,6.126000412394866,,1,1396.0,7.242082359256962
2570_EIF4G2_P2_ENSG00000110321,EIF4G2,ENSG00000110321,4508,146,10691,2.5554252104672686,2.498009228985805,0.4566873900834252,1.6579816339830262,3.084066528637198,0.42232196052331705,25,4.246770870532015,,0,1.0,0.6931471805599453
2576_EIF5A_P1P2_ENSG00000132507,EIF5A,ENSG00000132507,6593,140,10691,3.939616336172253,3.9348775697659484,0.2028624835853413,3.653396614808858,4.176121463478182,0.3673262022245507,25,5.702737073667462,,0,566.0,6.340359303727752
2578_EIF5_P1_ENSG00000100664,EIF5,ENSG00000100664,5822,113,10691,3.99143932815936,3.9626162593636423,0.1723890932406833,3.67363598445894,4.169500696792411,0.2728403735108289,25,5.529423059568867,,0,263.0,5.575949103146316
2579_EIF5_P2_ENSG00000100664,EIF5,ENSG00000100664,5822,62,10691,0.7999211918762091,0.8731969499104657,0.6321095882335888,0.006575553137694369,1.7953879518819664,0.9058711163808512,25,1.4886574732154085,,0,0.0,0.0
2580_EIF6_P1P2_ENSG00000242372,EIF6,ENSG00000242372,7852,129,10691,3.9782353202706813,3.915663019206454,0.15355463391776047,3.665412704136344,4.083725027287052,0.29030781076382084,25,5.5306166795977125,,0,761.0,6.635946555686647
2582_ELAC2_P1P2_ENSG00000006744,ELAC2,ENSG00000006744,6618,85,10691,2.8442923122095567,2.8186990864180688,0.14069910330838306,2.6670844397622124,2.9891748522989894,0.21453796808265269,25,3.964447713485453,,0,10.0,2.3978952727983707
2593_ELL_P1P2_ENSG00000105656,ELL,ENSG00000105656,7423,83,10691,1.4061041453617587,1.417922009041193,0.317647346217092,0.8155503277030268,1.8138685479613283,0.4519192857965726,25,2.5305638016055974,,0,29.0,3.4011973816621555
2600_ELOVL1_P1P2_ENSG00000066322,ELOVL1,ENSG00000066322,275,176,10691,2.8705197027722966,2.803522638202251,0.19095143630821182,2.4844773099653126,2.9860399309116605,0.19097440567782842,25,4.695866809401549,,0,4.0,1.6094379124341003
2604_ELP2_P1P2_ENSG00000134759,ELP2,ENSG00000134759,7112,189,10691,2.6569470719110218,2.6175944749722415,0.33406158137544695,2.135609025088238,3.0215685427018237,0.4041840230407123,25,4.628388323167718,,1,16.0,2.833213344056216
2605_ELP3_P1P2_ENSG00000134014,ELP3,ENSG00000134014,3573,119,10691,2.0825383055785514,1.9556379797397623,0.31987351568082834,1.3154037880512965,2.2096504191252717,0.2269002888638103,25,3.453392601386035,,0,94.0,4.553876891600541
2607_ELP5_P1P2_ENSG00000170291,ELP5,ENSG00000170291,6592,177,10691,2.322378136259713,2.2968156435712768,0.27433094078613235,1.8493238338193105,2.689766482910177,0.3275183031376243,25,4.246855290739684,,0,134.0,4.90527477843843
2608_ELP6_P1P2_ENSG00000163832,ELP6,ENSG00000163832,1605,83,10691,3.2604911751959498,3.229996005125599,0.18384085080853843,2.911017301879613,3.450114489199345,0.2126912732045203,25,4.387399463954777,,0,3.0,1.3862943611198906
2610_EMC1_P1P2_ENSG00000127463,EMC1,ENSG00000127463,99,83,10691,2.4343928802918633,2.4165503227545946,0.18120958566587855,2.130238684968674,2.6543373900065106,0.29685373150682093,25,3.599657962151871,,0,3.0,1.3862943611198906
2612_EMC3_P1_ENSG00000125037,EMC3,ENSG00000125037,1497,175,10691,2.843182143734807,2.778944684183007,0.3413842051898839,2.1392008589964524,3.1535544870362506,0.38740396557301304,25,4.743658858556234,,1,2.0,1.0986122886681096
2614_EMC4_P1P2_ENSG00000128463,EMC4,ENSG00000128463,5857,55,10691,3.3512784381031953,3.3547572353187856,0.0725723987892774,3.211944216175449,3.448637124730308,0.07320002065779185,25,4.095402578017382,,0,1.0,0.6931471805599453
2616_EMC7_P1P2_ENSG00000134153,EMC7,ENSG00000134153,5855,193,10691,3.1662143994468366,3.126109415679254,0.16414823117930588,2.868778638617225,3.3256186330607806,0.22937659836172086,25,5.1959278525152435,,1,10.0,2.3978952727983707
261_ALDOA_P1P2_ENSG00000149925,ALDOA,ENSG00000149925,6318,78,10691,2.0612729925060727,1.969264876753877,0.21830162572622208,1.669176251394332,2.2134538067987948,0.3757329360324264,25,3.1131818836699634,,0,1589.0,7.371489295214277
263_ALG11_P1P2_ENSG00000253710,ALG11,ENSG00000253710,5488,97,10691,1.5313814569667858,1.2498251176965034,0.7098231564998078,0.0,2.0918075979258512,0.8633015387965042,25,2.5837278344951544,,0,3.0,1.3862943611198906
2640_ENO1_P1P2_ENSG00000074800,ENO1,ENSG00000074800,51,70,10691,4.640264567985008,4.650371249081982,0.05912291166595499,4.572493947478799,4.748512142250956,0.07489004287608392,25,5.929810876223469,,0,28.0,3.367295829986474
2658_EP400_P1P2_ENSG00000183495,EP400,ENSG00000183495,5379,82,10691,2.714673153597741,2.7445365662608663,0.17374155921753517,2.535922085255125,3.029614864231722,0.24385971162850018,25,3.8800349625451243,,0,1805.0,7.498869733976931
265_ALG13_P1P2_ENSG00000101901,ALG13,ENSG00000101901,8458,170,10691,2.785475563205652,2.7460658875655004,0.11564409860107795,2.5095406458841385,2.8696653599016804,0.1288591594500561,25,4.5757312986286625,,0,71.0,4.276666119016055
266_ALG14_P1P2_ENSG00000172339,ALG14,ENSG00000172339,432,183,10691,1.512295251818328,1.4663450127381867,0.4781825179918747,0.33686023370900753,1.9143727644272495,0.3752434181070343,25,3.4469767707209096,,0,5.0,1.791759469228055
2678_EPRS_P1P2_ENSG00000136628,EPRS,ENSG00000136628,792,79,10691,4.355569814945304,4.366930738533363,0.11591757499676629,4.216695367992804,4.499697459932941,0.16096330326716402,25,5.586051574797212,,0,612.0,6.418364935936212
2689_ERAL1_P1P2_ENSG00000132591,ERAL1,ENSG00000132591,6674,116,10691,2.793025746540473,2.737520824689733,0.28718033923386843,2.1707521645512964,3.066145218497509,0.2117357158169293,25,4.282934893985463,,0,15.0,2.772588722239781
268_ALG1_P1P2_ENSG00000033011,ALG1,ENSG00000033011,6219,69,10691,1.595375051710361,1.5677755417744828,0.43746590903335514,0.6582815547485757,2.0976607582329363,0.4438941393730298,25,2.608926512399829,,0,0.0,0.0
2694_ERCC2_P1P2_ENSG00000104884,ERCC2,ENSG00000104884,7589,117,10691,2.259703136433987,2.205239957415121,0.1744963102736016,1.9044536844972855,2.3942095208247216,0.2953071879776199,25,3.7073629580607363,,0,475.0,6.16541785423142
2695_ERCC3_P1P2_ENSG00000163161,ERCC3,ENSG00000163161,1226,163,10691,2.1509709623477016,2.1336022066282436,0.206187972473325,1.863538664680421,2.4019831378369805,0.36130112208465803,25,3.9664819916737692,,1,219.0,5.393627546352361
269_ALG2_P1P2_ENSG00000119523,ALG2,ENSG00000119523,3950,247,10691,1.869352671920345,1.660539897403151,0.6516482043935222,0.17768831791389111,2.2912435297879714,0.7018641398876857,25,3.790528716100751,,1,83.0,4.430816798843313
2707_ERH_P1P2_ENSG00000100632,ERH,ENSG00000100632,5731,86,10691,3.066327614145032,3.0486766733171606,0.30353567337965615,2.535995518442232,3.4487838368705903,0.3481882735216715,25,4.343573173626434,,0,634.0,6.453624998892692
2730_ESF1_P2_ENSG00000089048,ESF1,ENSG00000089048,7791,56,10691,1.6064751560857164,1.6316858677120591,0.48421183267758827,0.8045121144590165,2.335416421889891,0.6390583220633348,25,2.320475766686499,,0,2.0,1.0986122886681096
2731_ESF1_P1_ENSG00000089048,ESF1,ENSG00000089048,7791,93,10691,3.028085564309057,2.989982028600143,0.19940991980765416,2.644686362622577,3.2877579015494365,0.23632624560107907,25,4.195815123680326,,0,934.0,6.840546529288687
2732_ESPL1_P1P2_ENSG00000135476,ESPL1,ENSG00000135476,5086,120,10691,0.0,0.1808506163081549,0.26035610989526314,0.0,0.5865550402942106,0.3470283199308425,25,1.2925069663823459,,0,1.0,0.6931471805599453
2750_ETF1_P1P2_ENSG00000120705,ETF1,ENSG00000120705,2508,52,10691,3.95824354227329,3.9897900902325745,0.10844498352400476,3.869396727943025,4.144287088375905,0.17189725111858634,25,4.671109702162258,,0,785.0,6.666956792429207
2774_EWSR1_P1P2_ENSG00000182944,EWSR1,ENSG00000182944,8156,48,10691,3.3761554111123724,3.3721902723772486,0.18209083603711668,3.1597431737555253,3.666316441155144,0.18157839343451698,25,3.9947711949261957,,0,5.0,1.791759469228055
2778_EXOC1_P1P2_ENSG00000090989,EXOC1,ENSG00000090989,2063,182,10691,2.34752608736311,2.3993372895916365,0.18114697067517002,2.1190221827665656,2.6449898352255525,0.27417899567427995,25,4.238468606540497,,0,5.0,1.791759469228055
2779_EXOC2_P1P2_ENSG00000112685,EXOC2,ENSG00000112685,2647,88,10691,2.330687241851889,2.3707774267431434,0.24393929872710202,1.971299939004645,2.6581972542316272,0.3721609905362393,25,3.5855527157565574,,0,2.0,1.0986122886681096
2780_EXOC3_P1P2_ENSG00000180104,EXOC3,ENSG00000180104,2259,247,10691,0.0,0.3436185216591733,0.5862114322561807,0.0,1.6129298766240128,0.6369655028482808,25,0.0,0.20546261931640308,3,4.0,1.6094379124341003
2781_EXOC4_P1P2_ENSG00000131558,EXOC4,ENSG00000131558,3441,108,10691,2.4542783741223984,2.4242059914434346,0.14067038943444538,2.1784609218122237,2.6106294118340165,0.1627286622094548,25,3.8656615197054816,,0,12.0,2.5649493574615367
2782_EXOC5_P1P2_ENSG00000070367,EXOC5,ENSG00000070367,5693,110,10691,2.4083578763699123,2.385703596280355,0.315732814645347,1.9140136726263741,2.8667857526760985,0.3402629023908115,25,3.8697570701835855,,0,37.0,3.6375861597263857
2784_EXOC7_P1P2_ENSG00000182473,EXOC7,ENSG00000182473,6970,32,10691,2.265835672753921,2.2744445741922035,0.07274360983283325,2.1851840343258493,2.4064002482315106,0.07900553824024081,25,2.4799843172425944,,0,153.0,5.0369526024136295
2787_EXOSC10_P1P2_ENSG00000171824,EXOSC10,ENSG00000171824,68,92,10691,2.537625635121744,2.4897208905631287,0.35842479259066773,1.9367805935856657,3.035539719956594,0.4070845387423101,25,3.89306982257144,,0,98.0,4.59511985013459
2788_EXOSC1_P1P2_ENSG00000171311,EXOSC1,ENSG00000171311,4337,77,10691,2.409995193484799,2.388946297847633,0.22618780937857455,2.0059299600871827,2.7522333394038245,0.23389857758471644,25,3.43464999383016,,0,6.0,1.9459101490553132
2789_EXOSC2_P1P2_ENSG00000130713,EXOSC2,ENSG00000130713,4067,226,10691,2.565057185850902,2.510489466522453,0.30483308780331136,2.02490271645432,2.9596874466632097,0.3961968051383411,25,4.755014339688731,,2,3044.0,8.021256180143997
2790_EXOSC3_P1P2_ENSG00000107371,EXOSC3,ENSG00000107371,3872,53,10691,2.898069189922042,2.906801566380299,0.18155166034981746,2.645906874024569,3.181715052486905,0.2056549652344919,25,3.5758730759215265,,0,729.0,6.593044534142437
2791_EXOSC4_P1P2_ENSG00000178896,EXOSC4,ENSG00000178896,3790,102,10691,3.0328057455068302,2.990236002092689,0.3057570692780398,2.661446781175892,3.4213307993132447,0.3691669811154461,25,4.356482416368448,,0,1668.0,7.419979923661835
2792_EXOSC5_P1P2_ENSG00000077348,EXOSC5,ENSG00000077348,7553,41,10691,3.034454587618171,3.0309598653577785,0.133215783367354,2.842394252434778,3.220419361503828,0.21712902888783603,25,3.4746259401274413,,0,533.0,6.280395838960195
2793_EXOSC6_P1P2_ENSG00000223496,EXOSC6,ENSG00000223496,6446,75,10691,2.7039875427391893,2.7268662702089626,0.3457297954612275,2.222375375479783,3.1766325952850227,0.5584060145799454,25,3.8258403870800057,,0,697.0,6.548219102762372
2794_EXOSC7_P1P2_ENSG00000075914,EXOSC7,ENSG00000075914,1592,113,10691,3.3631283372471925,3.374229458122698,0.2500430139884687,3.001801117810195,3.73603100026998,0.34902665884522577,25,4.885803049426995,,0,186.0,5.231108616854587
2795_EXOSC8_P1P2_ENSG00000120699,EXOSC8,ENSG00000120699,5437,126,10691,4.092052339611521,4.083007335940486,0.1361198580382468,3.8935563613841255,4.250843833871378,0.21512973764572596,25,5.670685875744774,,0,1623.0,7.392647520721623
2796_EXOSC9_P1P2_ENSG00000123737,EXOSC9,ENSG00000123737,2170,40,10691,2.7581885763660994,2.784049527856443,0.15705700914138304,2.614635900758527,3.0535059125816235,0.19024541918469584,25,3.2776306946924936,,0,653.0,6.483107351457199
2820_FAF2_P1P2_ENSG00000113194,FAF2,ENSG00000113194,2603,165,10691,3.1158716579374697,3.1326398581209873,0.1313390573779223,2.937105014331048,3.353954525788913,0.14353072647184995,25,5.013809743048581,,0,11.0,2.4849066497880004
2858_FAM136A_P1P2_ENSG00000035141,FAM136A,ENSG00000035141,1083,50,10691,3.8628882378103904,3.851629021697858,0.1307915165648804,3.640844000223213,4.044830116021808,0.15101250416107526,25,4.558600606733033,,0,2867.0,7.961370201719511
287_ALYREF_P1P2_ENSG00000183684,ALYREF,ENSG00000183684,7024,319,10691,2.4473565956724244,2.473321778638621,0.41890672097460147,1.8072363563426275,3.05370655975538,0.5859440445728499,25,4.842052396016749,1.590504773892232,7,186.0,5.231108616854587
2898_FAM207A_P1P2_ENSG00000160256,FAM207A,ENSG00000160256,8061,103,10691,3.4504727126115395,3.4486096148047807,0.20436593673533646,3.07564755302316,3.7068310938348206,0.2837140767257491,25,4.862205561535401,,0,9.0,2.302585092994046
2918_FAM32A_P1P2_ENSG00000105058,FAM32A,ENSG00000105058,7389,396,10691,2.639806875047479,2.5861293568947117,0.3747254676947936,2.011921132883903,3.2635024904720655,0.5408561912702652,25,5.304405539216122,1.9137312063389524,11,3516.0,8.165363632473982
2925_FAM50A_P1P2_ENSG00000071859,FAM50A,ENSG00000071859,8530,38,10691,2.8496230482573868,2.852940373844671,0.04640986538319955,2.790689130086048,2.9205933482922695,0.06300575428854138,25,3.231441527232342,,0,724.0,6.586171654854675
2972_FARS2_P1P2_ENSG00000145982,FARS2,ENSG00000145982,2666,40,10691,2.0946307291848614,2.1442768244658694,0.1755043824963506,1.8756181093561932,2.4041500836176266,0.2998745536332015,25,2.5498467110467375,,0,1.0,0.6931471805599453
2973_FARSA_P1P2_ENSG00000179115,FARSA,ENSG00000179115,7354,138,10691,3.6019012802781516,3.573862873285786,0.12206579267205524,3.401592286330912,3.747899681245089,0.17308659326160747,25,5.231947028685037,,0,2243.0,7.716015266642587
2974_FARSB_P1P2_ENSG00000116120,FARSB,ENSG00000116120,1420,97,10691,3.644682549566556,3.633529457422455,0.11776805528612629,3.5114193420918034,3.786350006190828,0.14800370116643924,25,4.924204064571868,,0,1473.0,7.295735072749282
2979_FASTKD5_P1P2_ENSG00000215251,FASTKD5,ENSG00000215251,7764,187,10691,1.9476987403989092,1.9463493297005507,0.34037481986509893,1.4465327492240256,2.318617262927118,0.5545449860590437,25,3.997861384357914,,0,108.0,4.6913478822291435
2983_FAU_P1P2_ENSG00000149806,FAU,ENSG00000149806,4692,48,10691,3.9489188242405717,3.9514508249235263,0.14994054646197744,3.7095421683917142,4.177533757172482,0.186946921718099,25,4.831960378313736,,0,539.0,6.29156913955832
2988_FBL_P1P2_ENSG00000105202,FBL,ENSG00000105202,7535,132,10691,4.39530885201135,4.390787410491818,0.07235536179757822,4.2772605695666615,4.4838012890646075,0.12531802651303625,25,6.074566309423947,,0,2589.0,7.859413154693583
2_AAAS_P1P2_ENSG00000094914,AAAS,ENSG00000094914,5088,212,10691,2.5323959457046854,2.4447927851178957,0.31184454615764484,1.8588330818327456,2.753860852728241,0.48536747377530665,25,4.506950799981571,,1,1.0,0.6931471805599453
301_ANAPC10_P1P2_ENSG00000164162,ANAPC10,ENSG00000164162,2204,29,10691,2.8911965099465977,2.8972853749924807,0.04482295569053538,2.8310329697860346,2.963920872959439,0.05736283231785899,25,2.9949455769479805,,0,0.0,0.0
3027_FBXO5_P1P2_ENSG00000112029,FBXO5,ENSG00000112029,3082,326,10691,1.9876003507756548,1.8579706903627327,0.6231769738350592,0.9155307894525989,2.7198582038362686,1.035514651830195,25,4.366704526013808,1.2544539758360023,6,64.0,4.174387269895637
302_ANAPC11_P1P2_ENSG00000141552,ANAPC11,ENSG00000141552,7025,77,10691,3.6885874767516724,3.69692404757575,0.1495090123189745,3.4741045076703787,3.9364399163605697,0.17287075138143848,25,4.829216456016036,,0,1.0,0.6931471805599453
303_ANAPC13_P1P2_ENSG00000129055,ANAPC13,ENSG00000129055,1811,112,10691,3.1549329874861285,3.1871805478398563,0.13199116233376076,2.970772772299254,3.3505261291466577,0.18379314303176697,25,4.5998851059994665,,0,1.0,0.6931471805599453
3042_FCF1_P1P2_ENSG00000119616,FCF1,ENSG00000119616,5755,231,10691,1.0393444546277153,0.9870408196970193,0.599332436408105,0.0,1.7061208969418922,1.0500217895248438,25,3.4570010012060672,0.48342953802202704,3,2581.0,7.856319571406588
304_ANAPC15_P1P2_ENSG00000110200,ANAPC15,ENSG00000110200,4774,424,10691,0.0,0.38995716716689216,0.582146357973881,0.0,1.462461402538135,0.7963870916740609,25,2.5988850723708756,0.44596057769391295,16,0.0,0.0
3053_FDXR_P1P2_ENSG00000161513,FDXR,ENSG00000161513,6943,140,10691,2.870983453352687,2.811751207591131,0.14243363761239003,2.512128785459851,2.9583176141236565,0.18021225426758392,25,4.482908339114411,,0,2.0,1.0986122886681096
3057_FEN1_P1P2_ENSG00000168496,FEN1,ENSG00000168496,4629,141,10691,3.4791565912771185,3.4813482809744074,0.13628964457247217,3.2735755054480946,3.732251739820918,0.15470924140421483,25,5.182763595459936,,0,3.0,1.3862943611198906
306_ANAPC1_P1P2_ENSG00000153107,ANAPC1,ENSG00000153107,1196,124,10691,2.333086117404199,2.265327509914501,0.3791688555093469,1.6468882288078017,2.828688815195761,0.2988342650864584,25,3.824392976141695,,0,6.0,1.9459101490553132
3072_FGFR1OP_P1P2_ENSG00000213066,FGFR1OP,ENSG00000213066,3108,119,10691,2.2900838104719416,2.2094343755278185,0.23009090173869373,1.8337555580535216,2.48811147483994,0.3305016585247462,25,3.695253346914898,,0,14.0,2.70805020110221
308_ANAPC4_P1P2_ENSG00000053900,ANAPC4,ENSG00000053900,2022,63,10691,2.0689430982685466,2.0200222440893736,0.3019645344178514,1.5183175695099502,2.397075636330758,0.4301100650264864,25,2.919198209967607,,0,100.0,4.61512051684126
309_ANAPC5_P1P2_ENSG00000089053,ANAPC5,ENSG00000089053,5332,40,10691,3.9238457546311736,3.9322483013718124,0.1320212943072148,3.6969860356771966,4.144137240990687,0.16307834026618462,25,4.389651852057656,,0,1.0,0.6931471805599453
3124_FNBP4_P1P2_ENSG00000109920,FNBP4,ENSG00000109920,4595,160,10691,3.61697720146592,3.5966909164505263,0.17323912180986886,3.2347325232109165,3.810631016395335,0.17367458915187806,25,5.399122778965486,,0,47.0,3.8712010109078907
3131_FNTA_P1P2_ENSG00000168522,FNTA,ENSG00000168522,3620,80,10691,3.164802215335123,3.1504795520251467,0.2006501502802716,2.7977345282009565,3.3710086170627176,0.28895375416602764,25,4.2145425413003395,,0,81.0,4.406719247264253
3170_FOXL2_P1P2_ENSG00000183770,FOXL2,ENSG00000183770,1823,164,10691,2.330873209596019,2.309603236965559,0.21158494130285094,1.9767949363080322,2.627567657599818,0.33269949889464945,25,4.199420905990668,,1,2.0,1.0986122886681096
320_ANKLE2_P1P2_ENSG00000176915,ANKLE2,ENSG00000176915,5386,126,10691,3.0302936609110622,3.094500084018756,0.2135438618922311,2.7891415484506954,3.441864805469727,0.37063489560839624,25,4.605865793748835,,0,2.0,1.0986122886681096
3214_FTSJ3_P1P2_ENSG00000108592,FTSJ3,ENSG00000108592,6914,207,10691,2.122618324814068,1.9490846608394172,0.719655595111306,0.8385726331669284,2.9263192559383273,1.2987437796173764,25,4.0317862752307905,,0,2865.0,7.960672608388117
3229_FXN_P1P2_ENSG00000165060,FXN,ENSG00000165060,3878,174,10691,2.9399653842825577,2.89381308004439,0.1547463349204405,2.6176149775450206,3.083706307365343,0.2480295736893754,25,4.773077437874436,,0,16.0,2.833213344056216
3246_GAB2_P1P2_ENSG00000033327,GAB2,ENSG00000033327,4808,674,10691,1.0124788323157108,0.9224738546192387,0.7322849437270259,0.0,1.876719299832821,1.5291992341429326,25,4.1179920787651785,0.5442164975393757,39,5927.0,8.687442166975924
3253_GABPA_P1P2_ENSG00000154727,GABPA,ENSG00000154727,7997,110,10691,1.3872018850656325,1.2562421893509237,0.6069395295158075,0.01495937211974212,2.056720423443731,0.5702478371193884,25,2.7340228046440425,,0,7.0,2.0794415416798357
325_ANKRD11_P1P2_ENSG00000167522,ANKRD11,ENSG00000167522,6516,260,10691,3.245590113369877,3.2679480759891537,0.22966339053602,2.94748367568856,3.661869113410388,0.3213933139059564,25,5.57723748528449,,1,344.0,5.84354441703136
3260_GAK_P1P2_ENSG00000178950,GAK,ENSG00000178950,1964,167,10691,0.9079852112566218,0.8130873970687857,0.6688977914075332,0.0,2.056255845853782,1.166127858359888,25,2.598169050429179,,1,1.0,0.6931471805599453
3281_GAPDH_P1_ENSG00000111640,GAPDH,ENSG00000111640,4950,123,10691,4.60382842113282,4.604486012670796,0.04728708597353089,4.529982324247126,4.664921319235725,0.06181924963915186,25,6.357990082247548,,0,13.0,2.639057329615259
3282_GAPDH_P2_ENSG00000111640,GAPDH,ENSG00000111640,4950,60,10691,0.0,0.2223323191266015,0.39082074510226045,0.0,1.1088290247186834,0.2903528614001848,25,0.3297093626943556,,0,0.0,0.0
3284_GAR1_P1P2_ENSG00000109534,GAR1,ENSG00000109534,2157,146,10691,3.5773440926544136,3.5892518024053492,0.21489556273894372,3.2661660233731165,3.908473628454224,0.3025101346717407,25,5.33099640469659,,0,69.0,4.248495242049359
3285_GARS_P1P2_ENSG00000106105,GARS,ENSG00000106105,3195,256,10691,3.00165360920738,2.9200825591204027,0.38883815282253725,2.159509736751242,3.4291774897252614,0.3232327195824549,25,5.2798956980065945,1.933522183957205,4,129.0,4.867534450455582
3291_GATA1_P1P2_ENSG00000102145,GATA1,ENSG00000102145,8366,108,10691,3.3141682865491435,3.284909112146552,0.16534336482658282,3.0277742823736227,3.542644817320013,0.18305375317858452,25,4.75126580814407,,0,5996.0,8.69901462316851
32_ABCE1_P1P2_ENSG00000164163,ABCE1,ENSG00000164163,2205,249,10691,3.701697435159305,3.7104118782527813,0.21393503659734447,3.312355948950441,3.9683278315221364,0.26578245214945007,25,6.001328396340918,,1,2587.0,7.858640655620791
3308_GBF1_P1P2_ENSG00000107862,GBF1,ENSG00000107862,4366,161,10691,2.0352721433882097,1.9475035333816104,0.34898373799840204,1.3615080873421204,2.2816353096955955,0.39715548758441166,25,3.74627832235525,,0,1749.0,7.4673710669175595
3335_GEMIN4_P1P2_ENSG00000179409,GEMIN4,ENSG00000179409,6529,81,10691,1.9414087106845876,1.9635685509255536,0.07427056620113524,1.8499362182742591,2.078287446994301,0.10811097562504157,25,3.1166558691307906,,0,42.0,3.7612001156935624
3336_GEMIN5_P1P2_ENSG00000082516,GEMIN5,ENSG00000082516,2565,133,10691,3.241485507105794,3.209108788008213,0.12729311006868205,3.014571388084716,3.3705791793133235,0.1660018527552647,25,4.81913627650802,,0,792.0,6.675823221634848
3337_GEMIN6_P1P2_ENSG00000152147,GEMIN6,ENSG00000152147,997,84,10691,2.4978833296337,2.478646016185378,0.3313766997960159,1.8889590177037336,2.875813196060601,0.3424714386195853,25,3.643372834713899,,0,3.0,1.3862943611198906
3338_GEMIN7_P1P2_ENSG00000142252,GEMIN7,ENSG00000142252,7583,136,10691,2.705332422569491,2.6990180251779172,0.18350776919380932,2.337007404754633,2.983487833990511,0.14238055195458266,25,4.352908142883334,,0,5.0,1.791759469228055
3339_GEMIN8_P1P2_ENSG00000046647,GEMIN8,ENSG00000046647,8316,86,10691,1.522172864229763,1.3835832155394263,0.33675954035596767,0.7988640435746902,1.6984588694242415,0.47265344944362986,25,2.584496368173875,,0,1.0,0.6931471805599453
3342_GFER_P1P2_ENSG00000127554,GFER,ENSG00000127554,6158,222,10691,2.7145148790571896,2.667144115965009,0.36040030674829127,1.9171877842090228,3.1173564216469547,0.45527568010047137,25,4.877336074795409,,1,332.0,5.808142489980444
3346_GFM1_P1P2_ENSG00000168827,GFM1,ENSG00000168827,1864,240,10691,3.280915304847934,3.279378936636532,0.10510266273604188,3.1163713414145016,3.4329660505244655,0.1746273401438323,25,5.482111162407695,,1,524.0,6.263398262591624
3358_GGPS1_P1P2_ENSG00000152904,GGPS1,ENSG00000152904,857,167,10691,2.540962580177843,2.4768746463425826,0.30257380498898273,1.9707467040332116,2.8255216919053754,0.413458121856336,25,4.3477019497267655,,0,2.0,1.0986122886681096
3369_GINS1_P1P2_ENSG00000101003,GINS1,ENSG00000101003,7816,186,10691,2.1240330581516447,1.9784676301226505,0.3338038379344526,1.3786409398354085,2.3031982190020166,0.46898434932901667,25,3.9400346560626835,,0,2261.0,7.724004656676065
3370_GINS2_P1P2_ENSG00000131153,GINS2,ENSG00000131153,6493,148,10691,3.5561640167042188,3.5175686098999916,0.15911443937514932,3.207500802922164,3.7071245028261472,0.16564424217902385,25,5.25039198535756,,0,1235.0,7.119635638017636
3371_GINS3_P1P2_ENSG00000181938,GINS3,ENSG00000181938,6397,100,10691,2.1903758112718505,2.183913599335421,0.1588818705322203,1.967947365662674,2.3874477052353287,0.25550371030921015,25,3.478022503069137,,0,329.0,5.799092654460526
3372_GINS4_P1P2_ENSG00000147536,GINS4,ENSG00000147536,3607,60,10691,2.187528470212539,2.1952306616790964,0.19089139259122473,1.9484914283840857,2.488030998277927,0.27402180900712825,25,3.0365560398788007,,0,381.0,5.945420608606575
3377_GIT2_P1P2_ENSG00000139436,GIT2,ENSG00000139436,5269,107,10691,0.0,0.18682007233031406,0.41034949132651427,0.0,0.9417592907244804,0.0,25,0.0,,0,32.0,3.4965075614664802
3388_GLE1_P1P2_ENSG00000119392,GLE1,ENSG00000119392,4038,57,10691,1.8202669719366096,1.8188951797434867,0.3564409224015059,1.1764654639409216,2.332638167765755,0.342077838073229,25,2.5985501275737857,,0,147.0,4.997212273764115
3394_GLI4_P1P2_ENSG00000250571,GLI4,ENSG00000250571,3774,156,10691,1.047002123415492,0.9134182224370682,0.5486076977247412,0.0,1.7874277572612445,0.6696450802606625,25,2.8824112480841086,,0,2.0,1.0986122886681096
3398_GLMN_P1P2_ENSG00000174842,GLMN,ENSG00000174842,419,79,10691,2.6067472047530016,2.581430563375312,0.1371991628937888,2.3570895751146455,2.7732399451084397,0.17980828974577268,25,3.717806747489838,,0,15.0,2.772588722239781
33_ABCF1_P1_ENSG00000204574,ABCF1,ENSG00000204574,2757,169,10691,4.140048038465384,4.110566213764477,0.11435324360110913,3.954914685328872,4.257325402427751,0.14816755260672565,25,5.952840210863527,,1,695.0,6.54534966033442
3403_GLRX3_P1P2_ENSG00000108010,GLRX3,ENSG00000108010,4431,136,10691,3.414806514645165,3.460898278216677,0.1895507937959361,3.2040166250747033,3.863524286030435,0.2311974658052729,25,5.167618907107291,,0,18.0,2.9444389791664403
3404_GLRX5_P1P2_ENSG00000182512,GLRX5,ENSG00000182512,5803,99,10691,3.8877361230992658,3.9102561041056765,0.1110293570346473,3.7689013799367204,4.06054773045878,0.15701116102725576,25,5.2479229092653545,,0,11.0,2.4849066497880004
3424_GMPPB_P1P2_ENSG00000173540,GMPPB,ENSG00000173540,1637,164,10691,1.3402748342150665,1.0270730670035686,0.5245260385543768,0.16434052175023503,1.5399257648296358,0.8977186215958293,25,3.0345599784491046,,0,15.0,2.772588722239781
3427_GMPS_P1P2_ENSG00000163655,GMPS,ENSG00000163655,1857,123,10691,3.8613622051913947,3.8368286049809335,0.19274960489831974,3.555334949021776,4.133234883807422,0.296581125792573,25,5.379875193978421,,0,64.0,4.174387269895637
342_ANKRD49_P1P2_ENSG00000168876,ANKRD49,ENSG00000168876,4832,144,10691,1.848503451173739,1.8223859096130532,0.2964093006457979,1.2622160573402303,2.1916273350481004,0.35550900419711806,25,3.4584296422151635,,0,4.0,1.6094379124341003
3434_GNB1L_P1P2_ENSG00000185838,GNB1L,ENSG00000185838,8100,76,10691,2.774770819338343,2.742089998429671,0.1857125746149087,2.381322389659836,2.9423741319028176,0.23420683517983543,25,3.8426068012094765,,0,3.0,1.3862943611198906
3445_GNL2_P1P2_ENSG00000134697,GNL2,ENSG00000134697,233,351,10691,3.8105921871094823,3.7726536869314367,0.22043156057353902,3.2924887628712587,4.037851946867907,0.22998828178787223,25,6.349810515879969,2.9629433515326835,9,2155.0,7.6760099320288875
3446_GNL3L_P1P2_ENSG00000130119,GNL3L,ENSG00000130119,8386,69,10691,2.997956124242395,2.992898947096924,0.14166082865041182,2.687746433022218,3.1623347614951656,0.1383443884010176,25,3.9046754725601183,,0,138.0,4.9344739331306915
3447_GNL3_P1P2_ENSG00000163938,GNL3,ENSG00000163938,1677,38,10691,3.9035662945545857,3.904005540291506,0.12743129204213902,3.735829408665923,4.105696160665174,0.1432703981135992,25,4.324093501685832,,0,112.0,4.727387818712341
3451_GNPNAT1_P1P2_ENSG00000100522,GNPNAT1,ENSG00000100522,5681,112,10691,2.596836584590319,2.549611833309764,0.2559065536852651,2.0846909597022782,2.905128743169693,0.24310582285099125,25,3.952865684468314,,0,4.0,1.6094379124341003
3471_GOLT1B_P1P2_ENSG00000111711,GOLT1B,ENSG00000111711,4991,279,10691,1.7336262788353611,1.6461877665848914,0.42558800471080593,1.0448963286815172,2.081128464928479,0.5354224916858383,25,4.084427659742626,0.4549054415178439,3,286.0,5.659482215759621
3472_GON4L_P2_ENSG00000116580,GON4L,ENSG00000116580,605,135,10691,0.0,0.25445496801367207,0.48254703433126,0.0,1.0973982498650925,0.23991691231667478,25,0.6030624095941015,,0,0.0,0.0
3473_GON4L_P1_ENSG00000116580,GON4L,ENSG00000116580,605,102,10691,2.615157235028603,2.5680974918958737,0.2588650842766733,2.1009313461589585,2.9111230448821073,0.29680411070949786,25,3.898234274938102,,0,17.0,2.8903717578961645
3479_GOSR2_P1P2_ENSG00000108433,GOSR2,ENSG00000108433,6819,84,10691,2.3273752430328405,2.151498846427385,0.4722932017464081,1.3557920227619602,2.784053797884746,0.7834550051000368,25,3.3911404999038095,,0,1.0,0.6931471805599453
348_ANKS6_P1P2_ENSG00000165138,ANKS6,ENSG00000165138,3947,95,10691,2.335824333144608,2.316409362732458,0.29304211326044094,1.7899491378386057,2.6858208057050152,0.29731956340263244,25,3.6078147804731273,,0,1.0,0.6931471805599453
34_ABCF1_P2_ENSG00000204574,ABCF1,ENSG00000204574,2757,160,10691,0.0,0.24293809538796413,0.4622714165842908,0.0,1.1081503360314235,0.28072060629821305,25,0.0,,0,0.0,0.0
3501_GPKOW_P1P2_ENSG00000068394,GPKOW,ENSG00000068394,8375,107,10691,1.4880564756679258,1.1765213989784522,0.534149830367584,0.06967664715982386,1.688628471135704,0.8061068457163335,25,2.6869130086215183,,0,1156.0,7.053585727193677
3502_GPN1_P1P2_ENSG00000198522,GPN1,ENSG00000198522,963,86,10691,2.3809482419145236,2.2976620429775028,0.33682154120775626,1.5782667688700507,2.710820564162938,0.33146841968231433,25,3.564536073891808,,0,2389.0,7.779048644925556
3503_GPN2_P1P2_ENSG00000142751,GPN2,ENSG00000142751,151,44,10691,1.806826150360698,1.7126571683908431,0.26154719871401894,1.2623915942337678,2.0214690986969934,0.26347636758234994,25,2.252065770463271,,0,481.0,6.1779441140506
3504_GPN3_P1P2_ENSG00000111231,GPN3,ENSG00000111231,5276,276,10691,3.3229563241025817,3.3323251584052587,0.1688767359450723,3.050749442622121,3.601593969223899,0.20807980538641901,25,5.693213862992747,2.427617372357438,4,5960.0,8.692993531219926
350_ANLN_P1P2_ENSG00000011426,ANLN,ENSG00000011426,3204,96,10691,2.69736504388232,2.6811895851730325,0.14282277055104842,2.4438735271009775,2.8487484951830373,0.1327850056620954,25,3.9975494188951757,,0,1.0,0.6931471805599453
3517_GPS1_P1P2_ENSG00000169727,GPS1,ENSG00000169727,7035,431,10691,2.6735251132133047,2.5376448659606847,0.39738736128551566,1.7245388465806457,2.9563680739159683,0.47536289480777594,25,5.395831813634916,1.7231699745607991,19,1798.0,7.494986233950533
3530_GRB2_P2_ENSG00000177885,GRB2,ENSG00000177885,6955,106,10691,0.0,0.3391696035251631,0.43380482154212285,0.0,1.0521920284888109,0.763230270688582,25,0.9551201280191712,,0,0.0,0.0
3531_GRB2_P1_ENSG00000177885,GRB2,ENSG00000177885,6955,63,10691,1.0646083315005146,1.0884971359400117,0.6749199999819517,0.06714450012387517,2.410585100946318,0.9902107813869304,25,2.0997980468018294,,0,414.0,6.028278520230698
3541_GRPEL1_P1P2_ENSG00000109519,GRPEL1,ENSG00000109519,2002,123,10691,2.6972677503365845,2.7097693852106413,0.2868409666067009,2.2882317063216546,3.154824552858625,0.2873925776113464,25,4.320634825638565,,0,916.0,6.821107472256465
3543_GRSF1_P1P2_ENSG00000132463,GRSF1,ENSG00000132463,2078,172,10691,3.1413315017807424,3.1489737350728633,0.1842501345649098,2.9023287720886177,3.3729839063476144,0.21769365926066886,25,5.0672646926047396,,0,682.0,6.52649485957079
3545_GRWD1_P1P2_ENSG00000105447,GRWD1,ENSG00000105447,7629,189,10691,2.947605576818434,2.9122806544969095,0.27693617737667603,2.5189978245544045,3.193713406601171,0.2085435951434036,25,4.953295808838189,,0,3.0,1.3862943611198906
3554_GSPT1_P1P2_ENSG00000103342,GSPT1,ENSG00000103342,6238,108,10691,4.105365711557575,4.114785238728939,0.1543470631346463,3.8528634614898025,4.369642024987402,0.16019106410984207,25,5.579584759556793,,0,2010.0,7.606387389772652
3566_GTF2A1_P1P2_ENSG00000165417,GTF2A1,ENSG00000165417,5772,113,10691,2.0672959564288442,2.090908340314955,0.3658578525957129,1.568624866491095,2.5302807098205555,0.5391743901011152,25,3.5741244639821312,,0,758.0,6.6320017773956295
3567_GTF2A2_P1P2_ENSG00000140307,GTF2A2,ENSG00000140307,5951,173,10691,4.139120420628463,4.1205362768903795,0.1268945925038405,3.931191344747899,4.313974795209157,0.2016941246107402,25,6.018869913268187,,0,1097.0,7.001245622069476
3568_GTF2B_P1P2_ENSG00000137947,GTF2B,ENSG00000137947,408,35,10691,3.127853272840226,3.1398285078499066,0.09283466697119777,3.025217826513705,3.2842296758106677,0.1497834006045391,25,3.406095383021893,,0,121.0,4.804021044733257
3569_GTF2E1_P1P2_ENSG00000153767,GTF2E1,ENSG00000153767,1763,181,10691,1.711314723713098,1.7124444248162503,0.4169479973197452,1.0031537436393652,2.2104246221339583,0.4395638740020418,25,3.7225431080171933,,0,661.0,6.495265555937008
3570_GTF2E2_P1P2_ENSG00000197265,GTF2E2,ENSG00000197265,3582,70,10691,2.9197903215947907,2.9095305877636712,0.09029531112532162,2.746209693514033,3.0226692379224476,0.12618235213258266,25,3.887114232975525,,0,230.0,5.442417710521793
3571_GTF2F1_P1P2_ENSG00000125651,GTF2F1,ENSG00000125651,7263,41,10691,3.035370495719206,3.067888071679531,0.1603526611449112,2.8687590260034397,3.354606836598629,0.18593425732963587,25,3.521638254885825,,0,4.0,1.6094379124341003
3572_GTF2F2_P1P2_ENSG00000188342,GTF2F2,ENSG00000188342,5458,59,10691,3.6298036591593927,3.635201043373659,0.10912599955906631,3.4612897294809577,3.796411828522294,0.15342090019875565,25,4.459594966127703,,0,444.0,6.09807428216624
3573_GTF2H1_P1P2_ENSG00000110768,GTF2H1,ENSG00000110768,4528,434,10691,2.205706749583237,2.244154064943516,0.3134690312629803,1.7041488384341246,2.6675165908891207,0.41693506668015656,25,5.096336235281095,1.432044626072668,21,5503.0,8.61323037961318
3574_GTF2H2C_P1P2_ENSG00000183474,GTF2H2C,ENSG00000183474,2366,126,10691,2.039650525538847,1.9783080229626098,0.16696016585738885,1.6918550958058811,2.185148383694901,0.2788105092175557,25,3.5407370362083133,,0,19.0,2.995732273553991
"3575_GTF2H2_ENST00000274400.5,ENST00000330280.7_ENSG00000145736",GTF2H2,ENSG00000145736,2369,156,10691,2.683796972136562,2.576100417355168,0.35270254041236354,2.156104302831371,2.987293139796371,0.4662615313722793,25,4.413323753778051,,0,18.0,2.9444389791664403
3576_GTF2H3_P1P2_ENSG00000111358,GTF2H3,ENSG00000111358,5363,76,10691,3.1980396856405795,3.1767549129748454,0.14032843903510595,2.9738176599381827,3.384305328433564,0.1658322355170765,25,4.262285007130012,,0,50.0,3.9318256327243257
3577_GTF2H4_P1P2_ENSG00000213780,GTF2H4,ENSG00000213780,2768,115,10691,1.8986405364834027,1.886924425713635,0.317529593064075,1.4594920230046762,2.314534974923108,0.4251690772756249,25,3.4245674977935194,,1,165.0,5.111987788356544
3583_GTF3A_P1P2_ENSG00000122034,GTF3A,ENSG00000122034,5416,88,10691,4.46048698573678,4.450237189748316,0.07325545834273121,4.337774749869651,4.5749984531627135,0.09351904380629605,25,5.758907165710881,,0,14.0,2.70805020110221
3584_GTF3C1_P1P2_ENSG00000077235,GTF3C1,ENSG00000077235,6292,160,10691,2.849086473306419,2.87412541640772,0.12696651759175823,2.6979831369687832,3.079918376045248,0.17145151512763945,25,4.643047979089096,,0,24.0,3.2188758248682006
3585_GTF3C2_P1P2_ENSG00000115207,GTF3C2,ENSG00000115207,957,114,10691,2.759659863196793,2.7622690193185035,0.1697855589792767,2.524749437643817,2.982888854296152,0.2754789404285316,25,4.232583927639645,,0,15.0,2.772588722239781
3586_GTF3C3_P1P2_ENSG00000119041,GTF3C3,ENSG00000119041,1343,132,10691,2.9034970850993744,2.893160578750527,0.11268749061585823,2.695265235070692,3.0564382062029174,0.1735819117950168,25,4.50706326865306,,0,58.0,4.07753744390572
3587_GTF3C4_P1P2_ENSG00000125484,GTF3C4,ENSG00000125484,4080,129,10691,1.127427909539002,0.9801663739711505,0.7952186339707303,0.0,2.0127323478660966,1.6468243810211334,25,2.51157736884565,,0,1.0,0.6931471805599453
3588_GTF3C5_P1P2_ENSG00000148308,GTF3C5,ENSG00000148308,4083,166,10691,2.854506933170816,2.807958820581325,0.23207262773945386,2.4059104739286767,3.076574188734084,0.2941434221024526,25,4.687664261749135,,0,1.0,0.6931471805599453
3589_GTF3C6_P1P2_ENSG00000155115,GTF3C6,ENSG00000155115,3002,243,10691,4.139703430309336,4.118700187906584,0.15080379681540107,3.883783894265314,4.299697791299024,0.09176475854652821,25,6.311162846911595,,2,4.0,1.6094379124341003
3594_GTPBP4_P1P2_ENSG00000107937,GTPBP4,ENSG00000107937,4139,71,10691,3.734745871603717,3.737224136549908,0.13409163913890618,3.5306587038795594,3.9453366491494926,0.12333435872612775,25,4.718332413412233,,0,208.0,5.342334251964811
3599_GUCD1_P1P2_ENSG00000138867,GUCD1,ENSG00000138867,8140,279,10691,0.0,0.2564033329082168,0.501535691338041,0.0,1.1610035412651853,0.30745709857101045,25,2.293991973879792,0.5079067671423564,6,1952.0,7.577121930876679
3601_GUK1_P1P2_ENSG00000143774,GUK1,ENSG00000143774,827,118,10691,4.009389336154361,3.991913766222188,0.13449866913484493,3.8138440446373694,4.181388109763164,0.222154032452766,25,5.569107079411072,,0,2.0,1.0986122886681096
3614_H2AFX_P1P2_ENSG00000188486,H2AFX,ENSG00000188486,4893,139,10691,3.2719447658425684,3.219400446380139,0.24211883219384947,2.702430272309251,3.4918024192160093,0.20880779700592234,25,4.9072754515308175,,0,2.0,1.0986122886681096
3616_H2AFZ_P1P2_ENSG00000164032,H2AFZ,ENSG00000164032,2131,106,10691,4.582861633077518,4.559776044819847,0.06847163500975664,4.456081977505632,4.643305830255747,0.12277236312554063,25,6.193200733151768,,0,23.0,3.1780538303479458
3617_H3F3A_P1P2_ENSG00000163041,H3F3A,ENSG00000163041,815,237,10691,4.142138103601012,4.162116412253229,0.12186524754639352,4.0189383576428295,4.347807422935986,0.17476142063173583,25,6.4764905370220704,3.125230378944115,3,3.0,1.3862943611198906
3631_HARS2_P1P2_ENSG00000112855,HARS2,ENSG00000112855,2528,62,10691,1.5333221873636842,1.5523640001774488,0.10043064857632186,1.3991403392348922,1.6984541251730694,0.09847950891493773,25,2.4259433429468853,,0,99.0,4.605170185988092
3632_HARS_P1P2_ENSG00000170445,HARS,ENSG00000170445,2527,289,10691,2.9840474243395163,2.9003482759836885,0.22523582438152032,2.4992394102829243,3.1704960157136277,0.3420109831584748,25,5.363667927533146,1.9200584136316512,5,5499.0,8.612503371220562
3634_HAUS1_P1P2_ENSG00000152240,HAUS1,ENSG00000152240,7118,53,10691,2.399681947217095,2.402970869545547,0.29856759847991926,2.0122546127868466,2.817144549263572,0.5359614640836101,25,3.0801166397299022,,0,7.0,2.0794415416798357
3636_HAUS3_P1P2_ENSG00000214367,HAUS3,ENSG00000214367,1979,164,10691,1.7638586090711914,1.6139862717702989,0.6156055056422751,0.459709206380209,2.299855387189788,0.7288532675959436,25,3.626446617584094,,0,1.0,0.6931471805599453
3637_HAUS4_P1P2_ENSG00000092036,HAUS4,ENSG00000092036,5583,189,10691,3.1046838385845827,3.0896310275204386,0.12742264925335198,2.8989527799576225,3.2245926128496465,0.14054984976246931,25,5.04718263085006,,0,809.0,6.697034247666484
3638_HAUS5_P1P2_ENSG00000249115,HAUS5,ENSG00000249115,7490,160,10691,1.4161196363702462,1.1684939052839698,0.6940219964948486,0.0076385416152757275,2.0057287134845843,1.1451356992240664,25,3.1653703800635014,,0,120.0,4.795790545596741
3639_HAUS6_P1P2_ENSG00000147874,HAUS6,ENSG00000147874,3827,33,10691,2.568319452142327,2.601629028128894,0.16683692342549017,2.310409111630992,2.8935428444673454,0.16608169387225624,25,2.820368678709869,,0,10.0,2.3978952727983707
3642_HAUS8_P1P2_ENSG00000131351,HAUS8,ENSG00000131351,7397,122,10691,1.6283758309195964,1.7415086500522756,0.474728910665911,0.9689907202498134,2.3716805040448055,0.6355733300977975,25,3.2536415822416958,,0,18.0,2.9444389791664403
3654_HBS1L_P1P2_ENSG00000112339,HBS1L,ENSG00000112339,3045,143,10691,3.053807614822396,3.0581960496295784,0.29056815516182893,2.6507112906496046,3.4463748572265933,0.4442663246530443,25,4.8638290397259185,,0,3332.0,8.11162807830774
3658_HCFC1_P1P2_ENSG00000172534,HCFC1,ENSG00000172534,8521,55,10691,1.5770789396883145,1.490045197052866,0.6645705716364418,0.11139300973941252,2.280619323747366,0.7802835721649728,25,2.016104891493816,,0,442.0,6.093569770045136
3664_HDAC3_P1P2_ENSG00000171720,HDAC3,ENSG00000171720,2532,60,10691,2.617417473026953,2.60898874470876,0.27369089629226184,2.2304127050333493,3.0059870483159052,0.33096948928424386,25,3.4203116120521178,,0,14.0,2.70805020110221
3667_HDAC7_P1P2_ENSG00000061273,HDAC7,ENSG00000061273,5040,171,10691,0.9892481948791931,1.004135058033701,0.7169625375954376,0.0,2.07198344204582,1.1859444084694235,25,3.0668318620005883,,1,1435.0,7.269616749608169
3677_HEATR1_P1P2_ENSG00000119285,HEATR1,ENSG00000119285,862,234,10691,3.6610582264786333,3.626533405534077,0.16965720727442715,3.3809593061378087,3.8524471402834397,0.1997563344514135,25,5.81262433325131,,0,2890.0,7.969357742016346
3683_HECTD1_P1P2_ENSG00000092148,HECTD1,ENSG00000092148,5624,130,10691,3.746286812529127,3.757075051051328,0.1379096552253429,3.6079274453552412,3.9957207424185186,0.1859711497360066,25,5.364909465327006,,0,3.0,1.3862943611198906
3716_HGS_P1P2_ENSG00000185359,HGS,ENSG00000185359,7016,99,10691,2.7815950237802665,2.7723983445210845,0.15299923123190473,2.50490808167714,2.9804122426339474,0.20737302495542043,25,4.07043555058319,,0,1323.0,7.188412736496954
3731_HINFP_P1P2_ENSG00000172273,HINFP,ENSG00000172273,4896,160,10691,1.6084767354278724,1.3883353422835825,0.48730988088697175,0.49853068132312783,1.8259230464723797,0.7012498967169944,25,3.225642270301175,,1,1658.0,7.413970290190444
3740_HIRA_P2_ENSG00000100084,HIRA,ENSG00000100084,8092,221,10691,2.756766371960645,2.6686010344904143,0.43974974016406077,2.0998993541674214,3.2271474008375867,0.7846080335784742,25,4.939008933752215,1.3967668360201673,3,58.0,4.07753744390572
3741_HIRA_P1_ENSG00000100084,HIRA,ENSG00000100084,8092,120,10691,0.0,0.06358437594116359,0.17583484992908496,0.0,0.4842706929691198,0.0,25,0.0,,0,5.0,1.791759469228055
3751_HIST1H2AE_P1P2_ENSG00000277075,HIST1H2AE,ENSG00000277075,2723,123,10691,1.1228377911343568,0.888987902976817,0.5086991847653127,0.0,1.3584417183841189,0.27845336908204255,25,2.278931752181954,,0,0.0,0.0
3760_HIST1H2BC_P1P2_ENSG00000180596,HIST1H2BC,ENSG00000180596,2716,64,10691,2.2341116120775766,2.240837202954631,0.2436542178877958,1.7991896792390472,2.5715208376906458,0.2538035014946072,25,3.197491144064011,,0,2.0,1.0986122886681096
3766_HIST1H2BJ_P1P2_ENSG00000124635,HIST1H2BJ,ENSG00000124635,2734,43,10691,3.0049263201680887,2.9667143065431945,0.21618730128202338,2.5491640883746647,3.218342452603695,0.31407402272104834,25,3.396005304966926,,0,2.0,1.0986122886681096
376_AP2M1_P2_ENSG00000161203,AP2M1,ENSG00000161203,1908,191,10691,2.2083129611565155,1.9153118805130378,0.6109551327612693,1.0124334639832324,2.6522730367450293,0.9257935831032948,25,3.8991553271610315,,0,2.0,1.0986122886681096
3770_HIST1H2BN_P1P2_ENSG00000233822,HIST1H2BN,ENSG00000233822,2739,107,10691,2.5931428412400037,2.5446630594205493,0.20254686506457772,2.1683405717720285,2.78982339925966,0.24702890354908158,25,3.947992139237271,,0,1.0,0.6931471805599453
3787_HIST2H2AC_P1P2_ENSG00000184260,HIST2H2AC,ENSG00000184260,526,73,10691,1.0312767351673342,0.9009829897125828,0.8074069934103998,0.0,1.9519614082676724,1.5531348362410868,25,2.0541873938389665,,0,0.0,0.0
378_AP2S1_P1P2_ENSG00000042753,AP2S1,ENSG00000042753,7612,123,10691,3.9792593564135235,3.984111804440189,0.14071867191391899,3.7663942717646286,4.214279702416078,0.18778094548317137,25,5.593249395658853,,0,203.0,5.318119993844216
3802_HJURP_P1P2_ENSG00000123485,HJURP,ENSG00000123485,1446,111,10691,2.3373219577940527,2.3231007730576207,0.16370000619425262,2.124701966942159,2.5191569259670907,0.24288453566489832,25,3.774949611810021,,0,10.0,2.3978952727983707
3809_HLA-C_P1P2_ENSG00000204525,HLA-C,ENSG00000204525,2773,44,10691,0.0,0.08333379170987965,0.23078624003070194,0.0,0.5301336538219218,0.0,25,0.0,,0,0.0,0.0
3825_HMGA1_P1P2_ENSG00000137309,HMGA1,ENSG00000137309,2828,114,10691,4.57820175717929,4.571733138247267,0.054441419370176714,4.483418016499983,4.652565552775486,0.07811843432399268,25,6.266281742485279,,0,5.0,1.791759469228055
3827_HMGB1_P1_ENSG00000189403,HMGB1,ENSG00000189403,5425,107,10691,1.936190876133925,1.9549969964740017,0.36141439923707824,1.4728065798618373,2.5968126097002577,0.3427318170507214,25,3.383605958684757,,0,1.0,0.6931471805599453
3828_HMGB1_P2_ENSG00000189403,HMGB1,ENSG00000189403,5425,134,10691,0.0,0.28339637656545946,0.47573361108875895,0.0,1.2757465200722173,0.5738969794814417,25,1.294549887259375,,0,0.0,0.0
3832_HMGCR_P1P2_ENSG00000113161,HMGCR,ENSG00000113161,2382,166,10691,3.288440370212661,3.2748883979196446,0.18655425447766194,3.041699846252777,3.506193865251702,0.20122505147103897,25,5.113714822499126,,0,25.0,3.258096538021482
3833_HMGCS1_P1P2_ENSG00000112972,HMGCS1,ENSG00000112972,2319,230,10691,2.933813126170442,2.940394425251392,0.1621944825858476,2.6615390779075367,3.1497365401195845,0.2465060866247435,25,5.097520556538466,,1,537.0,6.2878585601617845
3835_HMGN2_P1P2_ENSG00000198830,HMGN2,ENSG00000198830,147,107,10691,3.965601946004216,3.9972535470460673,0.2160007900035908,3.6857213275563603,4.281127065909024,0.36633253010296807,25,5.51518735706085,,0,1.0,0.6931471805599453
3861_HNRNPC_P1P2_ENSG00000092199,HNRNPC,ENSG00000092199,5570,334,10691,4.331545885023432,4.299183013486607,0.19365760524102515,3.9412388032577033,4.577918472144143,0.1985250422888969,25,6.784889326669471,3.1810611691137773,7,2950.0,7.989899374942939
3866_HNRNPH1_P1P2_ENSG00000169045,HNRNPH1,ENSG00000169045,2628,160,10691,3.369349824515917,3.332256452090155,0.23604521134110154,2.915426583627778,3.590862263391137,0.30917983362211565,25,5.098938005506999,,0,394.0,5.978885764901122
3872_HNRNPL_P1_ENSG00000104824,HNRNPL,ENSG00000104824,7517,69,10691,2.8533866376971027,2.863519951433331,0.2912410009399597,2.4970344294758116,3.3385148984176864,0.46531249295050525,25,3.8911194285782065,,0,454.0,6.12029741895095
3873_HNRNPM_P1_ENSG00000099783,HNRNPM,ENSG00000099783,7286,117,10691,4.370175005675451,4.379016090476868,0.07115820396682526,4.288146807553253,4.5019897985609925,0.09971557912007345,25,5.9473011811392755,,0,441.0,6.091309882077698
3874_HNRNPM_P2_ENSG00000099783,HNRNPM,ENSG00000099783,7286,141,10691,0.0,0.3359976482538757,0.4777852968269249,0.0,1.1158671705819134,0.5599860421355864,25,0.0,,0,0.0,0.0
3875_HNRNPR_P1P2_ENSG00000125944,HNRNPR,ENSG00000125944,118,149,10691,4.414533415692006,4.416459246308594,0.08537682390943294,4.264026532685508,4.552470841241502,0.10244358997861003,25,6.239882011283887,,0,5.0,1.791759469228055
3878_HNRNPU_P1P2_ENSG00000153187,HNRNPU,ENSG00000153187,873,93,10691,4.120339208002033,4.1052221362502985,0.11328820790418469,3.8958923163028656,4.245530124223336,0.1297181104809022,25,5.524452637615921,,0,352.0,5.8664680569332965
3910_HOXC10_P1P2_ENSG00000180818,HOXC10,ENSG00000180818,5096,83,10691,1.9711570016529605,1.913946128203862,0.3880789016891637,1.152133084457004,2.3465722391907935,0.5539666048520817,25,3.010633147652172,,0,0.0,0.0
3946_HSCB_P1P2_ENSG00000100209,HSCB,ENSG00000100209,8151,86,10691,1.9255756992652682,1.7642216299073008,0.2742136481958856,1.3671712787621497,2.030899447589588,0.47445039898219177,25,3.0059447535087243,,0,53.0,3.9889840465642745
3950_HSD17B12_P1P2_ENSG00000149084,HSD17B12,ENSG00000149084,4571,142,10691,2.8653478887934214,2.8203200902146235,0.19972469319501945,2.5394528927917315,3.069256771648993,0.24899548395130644,25,4.533276688383147,,0,900.0,6.803505257608338
3959_HSF1_P1P2_ENSG00000185122,HSF1,ENSG00000185122,3797,131,10691,1.1488790807707725,1.1735732995122574,0.8065164193380064,0.010584691039149769,2.5268478587643517,0.986560875650693,25,2.9354345188031727,,0,149.0,5.0106352940962555
3969_HSP90B1_P1P2_ENSG00000166598,HSP90B1,ENSG00000166598,5242,114,10691,4.43938970459449,4.436632281433486,0.08964173997602663,4.298570899267745,4.563280186272162,0.10473854606877975,25,6.011924254623415,,0,6.0,1.9459101490553132
3971_HSPA14_P1P2_ENSG00000284024,HSPA14,ENSG00000284024,4168,120,10691,2.321778258157507,2.2919150454581403,0.23036734477370624,1.9222167459538082,2.574415038001035,0.3886194592286629,25,3.7340538556296665,,0,28.0,3.367295829986474
3978_HSPA5_P1P2_ENSG00000044574,HSPA5,ENSG00000044574,4014,438,10691,3.0215395989982374,2.9498375620456505,0.37042019687538563,2.3600574271129675,3.440823347732265,0.35891246357004913,25,5.73797547026154,2.0921210317431744,23,5412.0,8.596558746796978
3979_HSPA8_P1P2_ENSG00000109971,HSPA8,ENSG00000109971,4905,255,10691,3.2414906843957723,3.3094186577345392,0.29111304674735383,2.9377256959651437,3.789132216444686,0.5077625520237548,25,5.663586260400442,2.171916068867964,4,1989.0,7.595889917718538
3980_HSPA9_P1P2_ENSG00000113013,HSPA9,ENSG00000113013,2509,420,10691,4.483403071800542,4.4531289813621395,0.12873398796189145,4.215231956076704,4.60595603262046,0.19369678253621814,25,7.173314617556533,3.560108939924332,17,6034.0,8.705331133531631
3985_HSPD1_P1P2_ENSG00000144381,HSPD1,ENSG00000144381,1346,145,10691,4.04853775970896,4.050114934101039,0.18602317236991592,3.6636734905220716,4.2922456087837935,0.14173930853039618,25,5.896638831135823,,0,29.0,3.4011973816621555
3986_HSPE1_P1P2_ENSG00000115541,HSPE1,ENSG00000115541,1347,29,10691,4.3324413788015335,4.330185954049605,0.036250597121845404,4.284237099502649,4.387163861612817,0.04132079928444643,25,4.707489820494187,,0,262.0,5.572154032177765
3990_HTATSF1_P1P2_ENSG00000102241,HTATSF1,ENSG00000102241,8499,96,10691,2.1354079314320153,2.2296461960677907,0.3831053628607924,1.7440417115546953,2.782554679270261,0.5123936593165084,25,3.582683803729666,,0,4.0,1.6094379124341003
3993_HUS1_P1P2_ENSG00000136273,HUS1,ENSG00000136273,3235,201,10691,1.555300494241925,1.2808700178943402,0.46002736756018414,0.5230479486151298,1.6906268953756518,0.6176440014896145,25,3.4421060697027004,,1,6.0,1.9459101490553132
3994_HUWE1_P1P2_ENSG00000086758,HUWE1,ENSG00000086758,8383,94,10691,3.4749730881534506,3.4111249438816413,0.20747214693632798,3.0476301377773773,3.6936264333466498,0.26193393729307823,25,4.706119949748789,,0,180.0,5.198497031265826
39_ABHD11_P1P2_ENSG00000106077,ABHD11,ENSG00000106077,3276,49,10691,1.452885288069518,1.4512484229716462,0.12440989207487749,1.2890887795753667,1.5980356626784602,0.14309338588357767,25,2.101316316232533,,0,3.0,1.3862943611198906
4000_HYOU1_P1P2_ENSG00000149428,HYOU1,ENSG00000149428,4890,37,10691,2.9315858222044335,2.9642338670855697,0.08629183608795947,2.8647927223378353,3.092734920270252,0.1501953336575581,25,3.27220768348779,,0,2.0,1.0986122886681096
4003_IARS2_P1P2_ENSG00000067704,IARS2,ENSG00000067704,794,216,10691,3.5367284118773377,3.4993547099085687,0.15005276298189194,3.23643420978296,3.6711986930191696,0.16191296524450527,25,5.691243163470854,,2,1491.0,7.307872780763706
4004_IARS_P1P2_ENSG00000196305,IARS,ENSG00000196305,3915,58,10691,3.96679653175319,3.969499551045078,0.1126559995730584,3.8028450945676093,4.143432274303897,0.16596123391460305,25,4.771387728207656,,0,481.0,6.1779441140506
4042_IFITM2_P1P2_ENSG00000185201,IFITM2,ENSG00000185201,4444,150,10691,3.17726328959326,3.157890917311682,0.086733296337216,2.9943732555347076,3.267295546801153,0.08925709744678878,25,4.870640332197601,,0,3.0,1.3862943611198906
4061_IGBP1_P1P2_ENSG00000089289,IGBP1,ENSG00000089289,8401,281,10691,2.631184676721431,2.6014301284434693,0.30919763643799,2.0500356653480214,2.950101005464859,0.48610937236498675,25,4.999286775462968,1.9084280441399324,4,2517.0,7.831220214604293
4088_IK_P1_ENSG00000113141,IK,ENSG00000113141,2525,204,10691,2.288613449181292,2.466574915891615,0.3853044918573387,2.0603995761282587,3.0210254034526742,0.6290734989509836,25,4.385869092636832,,0,571.0,6.349138991379798
4089_IK_P2_ENSG00000113141,IK,ENSG00000113141,2525,85,10691,0.0,0.2470712955281967,0.4466220895113261,0.0,1.2498291765938427,0.24334863148453617,25,0.0,,0,2.0,1.0986122886681096
4099_ILF2_P1P2_ENSG00000143621,ILF2,ENSG00000143621,566,56,10691,4.346221773784139,4.359868370781873,0.07579534594456722,4.234508629573746,4.460218791354345,0.09933437563015257,25,5.217514013282084,,0,131.0,4.882801922586371
4100_ILF3_P1P2_ENSG00000129351,ILF3,ENSG00000129351,7316,138,10691,4.267849684239021,4.266048755835018,0.11509187234393242,4.07907395290774,4.431508145836078,0.09443748573014421,25,5.984715504868854,,1,348.0,5.855071922202427
4107_IMP3_P1P2_ENSG00000177971,IMP3,ENSG00000177971,6031,27,10691,2.6361739965836457,2.6338102179662455,0.07622528936722121,2.5169605778540296,2.746312487338761,0.08687712439201833,25,2.6925483615881323,,0,10.0,2.3978952727983707
4108_IMP4_P1P2_ENSG00000136718,IMP4,ENSG00000136718,1238,164,10691,3.497266032350193,3.4813743496492293,0.16144377014357614,3.2461513607349737,3.701573358264966,0.2372211357913625,25,5.309832903674438,,0,2343.0,7.759614150696903
4115_IMPDH2_P1P2_ENSG00000178035,IMPDH2,ENSG00000178035,1625,77,10691,3.940414317916927,3.918275007037392,0.09540757544529326,3.750883799877729,4.037720550056799,0.15828453219818162,25,5.005746666965703,,0,278.0,5.631211781821365
4116_INCENP_P1P2_ENSG00000149503,INCENP,ENSG00000149503,4634,59,10691,0.030573294475289833,0.4696985305474615,0.6164895198008774,0.0,1.5279117943416545,0.7682803791589612,25,1.3622582172984607,,0,37.0,3.6375861597263857
4121_ING3_P1P2_ENSG00000071243,ING3,ENSG00000071243,3412,65,10691,1.964952289585171,1.9220606073964421,0.32333846775280783,1.3820020476759276,2.421349005501002,0.4414739940569037,25,2.957146785552875,,0,37.0,3.6375861597263857
4126_INO80B_P1P2_ENSG00000115274,INO80B,ENSG00000115274,1107,116,10691,1.3136353937498801,1.1251873895268936,0.4389913391975791,0.27319926915468434,1.462361507989719,0.3021650450784388,25,2.720937738209684,,1,329.0,5.799092654460526
4130_INO80_P1P2_ENSG00000128908,INO80,ENSG00000128908,5880,151,10691,1.9502673124770782,1.7853504019948714,0.4666331984410119,0.9442037996798197,2.298332635289265,0.574656019364095,25,3.5046580674425565,,1,713.0,6.570882962339584
4146_INTS1_P1P2_ENSG00000164880,INTS1,ENSG00000164880,3123,211,10691,2.056668316609401,2.0837681113847806,0.45739380531283574,1.188886022918548,2.591140103596644,0.49124465494876146,25,4.217677692263359,,1,90.0,4.51085950651685
4147_INTS2_P1P2_ENSG00000108506,INTS2,ENSG00000108506,6901,354,10691,2.290079994085199,2.2556216833896277,0.1371359017877463,1.9638849461535308,2.396424080794875,0.12710592927367603,25,4.8336244162135715,1.1021846085981308,8,6036.0,8.705662478796427
4148_INTS3_P1P2_ENSG00000143624,INTS3,ENSG00000143624,567,106,10691,1.8040210672970913,1.7376952115106394,0.3923217254636939,1.2572600703584031,2.1587319307493,0.30636686618760245,25,3.2876680945502255,,0,722.0,6.583409222158765
4149_INTS4_P1P2_ENSG00000149262,INTS4,ENSG00000149262,4805,48,10691,1.7630538586380207,1.7536617184505405,0.2891951594869716,1.324244279262749,2.103373509015327,0.5340309460824226,25,2.3452289717146124,,0,1269.0,7.146772179452637
4150_INTS5_P1P2_ENSG00000185085,INTS5,ENSG00000185085,4643,64,10691,1.893604386657475,1.890979339066527,0.28861887627975863,1.3531725335651295,2.2134527713848566,0.4268627883439553,25,2.7502470367570395,,0,2860.0,7.95892649305011
4151_INTS6_P1P2_ENSG00000102786,INTS6,ENSG00000102786,5485,146,10691,2.3541227833876617,2.443891209899112,0.34881400111330935,1.8999767230066456,2.969082323435351,0.5457336099356245,25,4.136325920606,,0,66.0,4.204692619390966
4152_INTS7_P1P2_ENSG00000143493,INTS7,ENSG00000143493,775,79,10691,2.52223812602325,2.467602309821692,0.13854193996668207,2.2496022397653466,2.6240367506065794,0.1912615868243681,25,3.5579510151501696,,0,1750.0,7.467942332285852
4153_INTS8_P1P2_ENSG00000164941,INTS8,ENSG00000164941,3696,323,10691,2.241687710272454,2.2213195112494013,0.3172543003691934,1.6038996025741619,2.605749710373342,0.4319140147366278,25,4.6968165476566535,0.6393253660128679,4,6000.0,8.699681400989514
4154_INTS9_P1P2_ENSG00000104299,INTS9,ENSG00000104299,3576,229,10691,1.763597079807234,1.7755273067633035,0.24032108003061245,1.4739651584000653,2.0612729925060727,0.35387987574729585,25,3.876953604471519,,1,3663.0,8.20631072579402
4160_IPO11_P1P2_ENSG00000086200,IPO11,ENSG00000086200,2344,72,10691,2.2125676079877383,2.223875034236803,0.40813322811914987,1.541382516386345,2.8420258625055017,0.6178519305896872,25,3.2653789887182425,,0,10.0,2.3978952727983707
4161_IPO13_P1P2_ENSG00000117408,IPO13,ENSG00000117408,283,51,10691,1.58749944137666,1.5863566487627807,0.10928841087939609,1.4190384017361477,1.7529804487752114,0.17124703491311344,25,2.269520010081585,,0,191.0,5.2574953720277815
4164_IPO7_P1P2_ENSG00000205339,IPO7,ENSG00000205339,4501,75,10691,3.869702522376705,3.86478510032468,0.13197456950228614,3.675991135274821,4.091976239921625,0.1819083928483045,25,4.9097615377705415,,0,15.0,2.772588722239781
4166_IPO9_P1P2_ENSG00000198700,IPO9,ENSG00000198700,737,187,10691,3.245305096770692,3.245757564895921,0.2083050310864815,2.926615334375833,3.54611268931867,0.28013822507076735,25,5.278393704181405,,0,58.0,4.07753744390572
4205_ISCA2_P1P2_ENSG00000165898,ISCA2,ENSG00000165898,5753,232,10691,2.3819333797025473,2.3737318114515826,0.26474521105028037,2.0705091112918805,2.727877306644613,0.43119572637048353,25,4.599017369322264,,2,27.0,3.332204510175204
4206_ISCU_P1P2_ENSG00000136003,ISCU,ENSG00000136003,5258,58,10691,2.414407443121846,2.473389536564523,0.3457574356842101,2.0652041184436944,3.0539381884572654,0.45403145928726696,25,3.292276386815413,,0,61.0,4.127134385045092
4208_ISG20L2_P1P2_ENSG00000143319,ISG20L2,ENSG00000143319,622,73,10691,3.223159827354136,3.224162787238632,0.08461832054592865,3.0976016284983667,3.342215567803375,0.14553502711445576,25,4.258325382826841,,0,443.0,6.095824562432225
4217_ISY1_P1P2_ENSG00000240682,ISY1,ENSG00000240682,1793,30,10691,2.267665147782975,2.3097957678101384,0.1758430824076918,2.0882358732080943,2.598195382752023,0.19833142870471443,25,2.421001367171489,,0,2.0,1.0986122886681096
4255_JMJD6_P1P2_ENSG00000070495,JMJD6,ENSG00000070495,6979,193,10691,2.1578567621689557,2.0827865360046447,0.4180430346595872,1.218803581079865,2.6076318591361516,0.4816184542709674,25,4.124726001605432,,0,9.0,2.302585092994046
4270_KANSL1_P1P2_ENSG00000120071,KANSL1,ENSG00000120071,6816,51,10691,2.7562492252077737,2.724406522042096,0.2598424016228113,2.332258227010655,3.1203072472462923,0.33672365678234684,25,3.4041526118467,,0,850.0,6.7464121285733745
4271_KANSL2_P1P2_ENSG00000139620,KANSL2,ENSG00000139620,5046,158,10691,2.3023606250646793,2.2243154850295905,0.29294833323807346,1.677092112040124,2.550586779674467,0.27742921071126503,25,4.019359982063556,,1,2565.0,7.850103545175582
4272_KANSL3_P1P2_ENSG00000114982,KANSL3,ENSG00000114982,1155,187,10691,2.0754865213990352,2.0057985292988683,0.27741973528170905,1.550785737757606,2.300846250069409,0.3726724845503535,25,3.965885914083549,,2,1499.0,7.313220387090301
4273_KARS_P1P2_ENSG00000065427,KARS,ENSG00000065427,6473,59,10691,3.3288624881243347,3.2659682965559984,0.20200415372386563,2.888167735203376,3.471800294139857,0.20544771614258828,25,4.007408747622462,,0,260.0,5.564520407322694
4276_KAT5_P1P2_ENSG00000172977,KAT5,ENSG00000172977,4709,118,10691,1.5650831850740181,1.4748059861073117,0.5847036377102718,0.42512068743254744,2.1865164468324094,0.750308794354029,25,2.9021797395982896,,0,3.0,1.3862943611198906
4280_KAT8_P2_ENSG00000103510,KAT8,ENSG00000103510,6346,89,10691,0.0,0.3917116867392839,0.6261962421747331,0.0,1.6637665456827493,0.5568282472817849,25,0.6583222180985088,,0,0.0,0.0
4281_KAT8_P1_ENSG00000103510,KAT8,ENSG00000103510,6346,198,10691,2.4814832529157314,2.4499713398920506,0.2358592235290777,2.0902756771214945,2.7315752507380258,0.39212066322230044,25,4.467927951113973,,0,2479.0,7.8160138391590275
4284_KATNB1_P1P2_ENSG00000140854,KATNB1,ENSG00000140854,6390,178,10691,2.146301839778967,2.0918988722643217,0.31432320139825876,1.6116230673023595,2.442462865768124,0.43533399910643267,25,3.997511359042196,,1,2.0,1.0986122886681096
4291_KCMF1_P1P2_ENSG00000176407,KCMF1,ENSG00000176407,1122,154,10691,2.350762684523859,2.3651041550219065,0.45098615897153743,1.7000655535890175,2.925071659769652,0.7731082524907809,25,4.200274639957722,,0,36.0,3.6109179126442243
4301_KCTD10_P1P2_ENSG00000110906,KCTD10,ENSG00000110906,5263,76,10691,1.7074352658772485,1.7545908781957058,0.2225906096119012,1.427771410470104,2.0439953590115203,0.3820979923636798,25,2.9233003545328815,,0,430.0,6.066108090103747
4319_KDM2A_P1P2_ENSG00000173120,KDM2A,ENSG00000173120,4739,117,10691,0.0,0.4388648766972365,0.6660004540215602,0.0,1.7426955858040227,0.5325848226013749,25,1.3171737330555804,,0,1.0,0.6931471805599453
431_AQR_P1P2_ENSG00000021776,AQR,ENSG00000021776,5861,90,10691,2.3837199924262675,2.3484760282000763,0.21023194311795163,1.9817039149764257,2.70586391439703,0.17770964687159863,25,3.603296215700982,,0,3297.0,8.101071503119543
4349_PRORP_P1P2_ENSG00000100890,PRORP,ENSG00000100890,5639,42,10691,3.010416978032047,3.014593368823977,0.09367340421491274,2.8843392374968273,3.164407462546821,0.14734634790033896,25,3.475213106339413,,0,21.0,3.091042453358316
4357_ICE1_P1P2_ENSG00000164151,ICE1,ENSG00000164151,2268,429,10691,2.4186158233348705,2.3251203794912034,0.44744249188809343,1.4788988788269315,2.875645015427369,0.5131273218469614,25,5.196607113156298,1.3936113013917777,20,1975.0,7.588829878307813
435_ARCN1_P1P2_ENSG00000095139,ARCN1,ENSG00000095139,4884,333,10691,2.2959512535800375,2.227068542623261,0.5341258137698428,1.2208553502616621,2.8430696263587865,0.587562972426416,25,4.827333198885218,1.4465652006169558,9,765.0,6.641182169740591
4360_KIAA1143_P1P2_ENSG00000163807,KIAA1143,ENSG00000163807,1589,198,10691,3.0317713267116213,3.028213396028529,0.23918918574873002,2.6109276641990706,3.3224312876843327,0.26079995308657056,25,5.0460437513983925,,0,1.0,0.6931471805599453
4374_KIF11_P1P2_ENSG00000138160,KIF11,ENSG00000138160,4316,974,10691,0.8137411509741652,0.9770151541464626,0.8563450175373073,0.0,2.4742820943521355,1.6106032817601292,25,4.629847923840316,0.8352860021183873,47,2.0,1.0986122886681096
4376_KIF14_P1P2_ENSG00000118193,KIF14,ENSG00000118193,732,118,10691,3.008334692391639,2.9205944680401537,0.3617360918163967,2.215076685653058,3.2902825495154695,0.30907884564465826,25,4.515131446020835,,0,1.0,0.6931471805599453
4379_KIF18A_P1P2_ENSG00000121621,KIF18A,ENSG00000121621,4541,47,10691,2.3886201323438394,2.3825367579719137,0.06887655044676048,2.27068113444,2.4891599438750176,0.09578054453750795,25,2.9322942042369893,,0,0.0,0.0
4380_KIF18B_P1P2_ENSG00000186185,KIF18B,ENSG00000186185,6810,122,10691,1.5768661613028425,1.4604569337680817,0.28455239630215795,0.940920143913533,1.7656943164250474,0.20027066263006965,25,3.0585645486848985,,0,26.0,3.295836866004329
4384_KIF20A_P1P2_ENSG00000112984,KIF20A,ENSG00000112984,2502,96,10691,1.763965830286403,1.6673812686554894,0.2654323125717835,1.3114220486545807,1.9952669201993867,0.4514186123449404,25,3.0203246362583327,,0,395.0,5.981414211254481
4389_KIF23_P1P2_ENSG00000137807,KIF23,ENSG00000137807,5999,87,10691,1.0807778903947716,1.0377379487498986,0.6838051066444215,0.0,2.072258703016827,0.8924077038696712,25,2.3984522191614843,,0,1.0,0.6931471805599453
4394_KIF4A_P1P2_ENSG00000090889,KIF4A,ENSG00000090889,8403,129,10691,2.927885499683541,2.8680845345033172,0.17924027663813066,2.5531992448402168,3.074654371555609,0.24826121988151195,25,4.457771038028256,,0,4.0,1.6094379124341003
4401_KIN_P1P2_ENSG00000151657,KIN,ENSG00000151657,4153,160,10691,2.232454001707105,2.1931247919260546,0.28124695332802613,1.8209461413406258,2.595153410189197,0.38987273443292736,25,4.0348079925383855,,1,440.0,6.089044875446846
4405_KLC2_P1P2_ENSG00000174996,KLC2,ENSG00000174996,4723,127,10691,1.3270346806557392,1.0693205648903825,0.49272763647456663,0.08327096128504952,1.49492460902965,0.756807489626371,25,2.6615710018842256,,1,0.0,0.0
440_ARF4_P1P2_ENSG00000168374,ARF4,ENSG00000168374,1693,89,10691,3.3616598867622893,3.3794871725341413,0.22347222316143742,3.100274679267997,3.7255862025341906,0.31139819962380866,25,4.571721602929378,,0,1.0,0.6931471805599453
4463_KPNA6_P1P2_ENSG00000025800,KPNA6,ENSG00000025800,187,78,10691,3.6470435935844248,3.639730938609349,0.08909238867272949,3.4820085784217487,3.7431105093985604,0.11890107625384871,25,4.717273340314974,,0,42.0,3.7612001156935624
4464_KPNB1_P1P2_ENSG00000108424,KPNB1,ENSG00000108424,6825,366,10691,3.5718399240620613,3.5513322747232325,0.25849890087232064,3.173172770724814,3.8898686002067646,0.4077687202930109,25,6.043885090693889,2.4433927449180652,13,2089.0,7.644919344958857
4470_KRI1_P1P2_ENSG00000129347,KRI1,ENSG00000129347,7312,52,10691,2.5872830934922284,2.5189598960694086,0.15250496686301673,2.2851561980222845,2.703509880188362,0.2848022871858329,25,3.17481971981762,,0,337.0,5.823045895483019
4472_KRR1_P1P2_ENSG00000111615,KRR1,ENSG00000111615,5192,449,10691,3.4389925272645216,3.458322967864184,0.2234205387127642,3.104937597514651,3.818704150241997,0.30226493952525013,25,6.274635026832965,2.592885819866914,26,3382.0,8.12651816878071
4473_KRT10_P2_ENSG00000186395,KRT10,ENSG00000186395,6749,64,10691,3.4901194898655947,3.4682116579637636,0.14918909914446615,3.2786260577011443,3.6854887278963924,0.20466879867084575,25,4.343268647569706,,0,3.0,1.3862943611198906
4474_KRT10_P1_ENSG00000186395,KRT10,ENSG00000186395,6749,118,10691,2.8138164088717903,2.7763195776100598,0.26172674315237704,2.2854317395822976,3.0732848907500694,0.3185552183449447,25,4.313326285633018,,0,2.0,1.0986122886681096
4478_KRT8_P1_ENSG00000170421,KRT8,ENSG00000170421,5080,189,10691,1.8274593238711077,1.5881862461721057,0.7915119279735893,0.16389768650941752,2.4725063477731117,1.2660579237224834,25,3.7506612318708124,,1,2.0,1.0986122886681096
4479_KRT8_P2_ENSG00000170421,KRT8,ENSG00000170421,5080,158,10691,1.7817679207857973,1.6292314592301438,0.7072795702983771,0.43483698914114643,2.6766608793628257,0.8780315549603728,25,3.4977219241758646,,1,3.0,1.3862943611198906
4484_KTI12_P1P2_ENSG00000198841,KTI12,ENSG00000198841,323,52,10691,1.853985260415442,1.8823671852304358,0.29567199867540933,1.3982297976199385,2.3338184150849073,0.38134073762270204,25,2.5730037580485727,,0,2.0,1.0986122886681096
4487_KXD1_P1P2_ENSG00000105700,KXD1,ENSG00000105700,7425,101,10691,3.1477939188186825,3.13679014790274,0.13806234708648774,2.9539055625598247,3.309622534110964,0.16372612108337892,25,4.496347246911287,,0,6.0,1.9459101490553132
4506_LAMTOR2_P1P2_ENSG00000116586,LAMTOR2,ENSG00000116586,611,66,10691,3.45208644200988,3.4456518583792293,0.08562398177394667,3.303972675121741,3.553481682320914,0.12027490346955672,25,4.360409547409565,,0,77.0,4.356708826689592
4507_LAMTOR3_P1P2_ENSG00000109270,LAMTOR3,ENSG00000109270,2129,40,10691,2.823526256959077,2.815675245540243,0.07721118250593519,2.6834706294697677,2.9307657542738608,0.10487696662328583,25,3.2574100665571324,,0,15.0,2.772588722239781
4508_LAMTOR4_P1P2_ENSG00000188186,LAMTOR4,ENSG00000188186,3346,136,10691,4.099814143059507,4.085995651093635,0.13559135633649935,3.84190838516134,4.2719418139415515,0.1558813443401652,25,5.777993997858249,,0,66.0,4.204692619390966
4521_LARS2_P1P2_ENSG00000011376,LARS2,ENSG00000011376,1594,149,10691,2.480785641316601,2.3915710387597566,0.17996142770591506,2.110326923595247,2.5465740241131467,0.24388544815873203,25,4.146250733749026,,0,7.0,2.0794415416798357
4522_LARS_P1P2_ENSG00000133706,LARS,ENSG00000133706,2541,100,10691,3.844262941349007,3.8531808295218157,0.15829813065475123,3.5881208531541513,4.089498470397818,0.18649212998166487,25,5.244530746750591,,0,737.0,6.6039438246004725
4523_LAS1L_P1P2_ENSG00000001497,LAS1L,ENSG00000001497,8396,83,10691,3.460767059479979,3.40323484333586,0.18903851688701823,3.0752167702784567,3.615685064921335,0.17788468535169022,25,4.518946730336166,,0,106.0,4.672828834461906
452_ARFRP1_P1P2_ENSG00000101246,ARFRP1,ENSG00000101246,7970,138,10691,1.1855630862478526,1.120177413188431,0.6996567612785463,0.0,2.055764068562084,1.0915154573655852,25,2.8288038257574106,,0,0.0,0.0
4552_LENG8_P1P2_ENSG00000167615,LENG8,ENSG00000167615,7695,121,10691,2.424265545630053,2.397595603934619,0.34850061790327025,1.9749663465951732,2.897803342540071,0.25991074085669386,25,3.9098296161708235,,0,30.0,3.4339872044851463
4557_LETM1_P1P2_ENSG00000168924,LETM1,ENSG00000168924,1974,124,10691,2.9306467493300716,2.9534109996044204,0.14105425984698985,2.8031811161859883,3.1799675533651124,0.20179205043862147,25,4.455350158173815,,0,233.0,5.455321115357702
455_ARGLU1_P1P2_ENSG00000134884,ARGLU1,ENSG00000134884,5534,498,10691,3.909671011944601,3.912450732918142,0.1718082892875641,3.6564613996119593,4.139875731725204,0.239618296830308,25,6.797884037859165,3.1370175770466666,28,840.0,6.734591659972948
4589_LIMS1_P1P2_ENSG00000169756,LIMS1,ENSG00000169756,1188,287,10691,1.5814850606415725,1.368187701663345,0.8769021465904494,0.0,2.5093720103620067,1.0451733492627837,25,3.9649839561319817,0.8240755573598048,5,1.0,0.6931471805599453
4594_LIN54_P2_ENSG00000189308,LIN54,ENSG00000189308,2107,205,10691,0.5102653007881611,0.7460699072642838,0.7494713644945138,0.0,1.936880831544919,1.4489606213426702,25,2.936386753570133,,0,0.0,0.0
4595_LIN54_P1_ENSG00000189308,LIN54,ENSG00000189308,2107,101,10691,0.0,0.3526273517615307,0.5589794621160601,0.0,1.3979914530564979,0.6222978842413733,25,1.1771661914267022,,0,78.0,4.3694478524670215
4624_LONP1_P1P2_ENSG00000196365,LONP1,ENSG00000196365,7255,128,10691,3.2919000761405917,3.243693627300803,0.204894407828302,2.8033540907794245,3.4794415212568537,0.17360807082203733,25,4.825776761011114,,0,175.0,5.170483995038151
4653_LRPPRC_P1P2_ENSG00000138095,LRPPRC,ENSG00000138095,1010,110,10691,4.219593527251413,4.212742080530861,0.09006685085174863,4.079426334905337,4.323270553959615,0.10385111541485248,25,5.677996171952104,,0,263.0,5.575949103146316
4654_LRR1_P1P2_ENSG00000165501,LRR1,ENSG00000165501,5661,122,10691,2.1619002324075547,2.231615982839345,0.423142777684154,1.7952645736706487,2.9491426649722396,0.6014321280613986,25,3.844670741630158,,0,4.0,1.6094379124341003
4684_LSG1_P1P2_ENSG00000041802,LSG1,ENSG00000041802,1933,116,10691,2.6305358925025697,2.5766358915616685,0.30353440979802704,2.155837336610617,3.0241236810636862,0.39447001790831315,25,4.081084663098435,,0,830.0,6.7226297948554485
4685_LSM10_P1P2_ENSG00000181817,LSM10,ENSG00000181817,229,135,10691,3.991330540494643,3.9664120672326884,0.10975002035699398,3.7911808663196727,4.116645541316327,0.12566231227071922,25,5.588618832194118,,0,68.0,4.23410650459726
4687_LSM12_P1P2_ENSG00000161654,LSM12,ENSG00000161654,6796,63,10691,3.328591011673889,3.3307074671729002,0.20247047887069933,3.059385569422271,3.6191117569629254,0.2585743983979123,25,4.2098184159014185,,0,50.0,3.9318256327243257
4691_LSM2_P1P2_ENSG00000204392,LSM2,ENSG00000204392,2792,357,10691,3.873435533446211,3.8640925712303136,0.1910507062582546,3.550825137033864,4.111105053812542,0.2896670846136611,25,6.482572484585504,2.9348693264812717,9,3371.0,8.123261319121745
4692_LSM3_P1P2_ENSG00000170860,LSM3,ENSG00000170860,1515,74,10691,4.289795508897925,4.292023951449433,0.14759897572342992,4.067715105072169,4.499727695579099,0.2567702580628186,25,5.454775140787357,,0,621.0,6.432940092739179
4693_LSM4_P1P2_ENSG00000130520,LSM4,ENSG00000130520,7418,84,10691,4.1389575446197915,4.131169950630649,0.12582775505895216,3.93184186524623,4.325223453382526,0.1612907311483074,25,5.413187904165777,,0,894.0,6.796823718274855
4694_LSM5_P2_ENSG00000106355,LSM5,ENSG00000106355,3196,160,10691,3.816864735567416,3.7681584897268725,0.18840873419739135,3.4510747768203442,3.9940477140687434,0.28141137734432453,25,5.5712688800588,,1,32.0,3.4965075614664802
4695_LSM5_P1_ENSG00000106355,LSM5,ENSG00000106355,3196,42,10691,4.112552983120621,4.111157523932379,0.10297046071991046,3.921028427256116,4.261879518247955,0.11237926928646047,25,4.681103087324054,,0,498.0,6.212606095751519
4696_LSM6_P1P2_ENSG00000164167,LSM6,ENSG00000164167,2209,461,10691,3.4423718715864937,3.4031526151419387,0.1758418076583319,3.0800489044467683,3.6381738054189197,0.21119018718334948,25,6.224385417652076,2.591048058728548,24,3956.0,8.283241441385425
4697_LSM7_P1P2_ENSG00000130332,LSM7,ENSG00000130332,7210,140,10691,4.336715814600632,4.338173252534608,0.10273334354833687,4.196481910408424,4.501883288895403,0.12850151289475686,25,6.122992210093883,,0,1340.0,7.201170883281678
46_ABHD17A_P1P2_ENSG00000129968,ABHD17A,ENSG00000129968,7199,95,10691,2.9215804100930494,2.8494367321643894,0.2851067031485274,2.3786519806223825,3.2529511624342424,0.3594442139942564,25,4.097399887196638,,0,1.0,0.6931471805599453
4700_LST1_P1_ENSG00000204482,LST1,ENSG00000204482,2779,72,10691,0.78726557024803,0.6549468936288306,0.40102078622891185,0.0,1.1163303106380236,0.3021104599303964,25,1.5470848266276258,,0,0.0,0.0
4701_LST1_P2_ENSG00000204482,LST1,ENSG00000204482,2779,77,10691,0.765148003589305,0.5119432488900587,0.439859283350268,0.0,0.9863973442071161,0.8301678890182767,25,1.6599957934394387,,0,0.0,0.0
4713_LTV1_P1P2_ENSG00000135521,LTV1,ENSG00000135521,3063,318,10691,3.138035759659983,3.1158217611118966,0.31430850661455256,2.728226704076762,3.5336864112045214,0.5343780228364734,25,5.593900988805968,2.560508745458993,7,2997.0,8.005700678662542
4716_LUC7L3_P1P2_ENSG00000108848,LUC7L3,ENSG00000108848,6858,45,10691,3.984234290414361,3.986992597641079,0.11822991005461715,3.776860609671873,4.120872503302963,0.11608188629574467,25,4.613802934355716,,0,397.0,5.986452005284438
4729_LYRM4_P1P2_ENSG00000214113,LYRM4,ENSG00000214113,2665,70,10691,2.9149575722455987,2.8826737803558946,0.2873306106864852,2.344102902987472,3.236779380640997,0.31014917563972055,25,3.862538989481043,,0,5.0,1.791759469228055
4746_MAD2L1_P1P2_ENSG00000164109,MAD2L1,ENSG00000164109,2168,154,10691,3.534991493218339,3.4527994478638813,0.2851027954140236,2.844602698874212,3.7345493526044335,0.18050163086509885,25,5.321438758418017,,0,137.0,4.927253685157205
4747_MAD2L2_P1P2_ENSG00000116670,MAD2L2,ENSG00000116670,72,200,10691,3.2809341304980806,3.2426274828954003,0.14747991407610156,3.0161257570981843,3.401984524412939,0.19569640627150697,25,5.293322980972416,,0,3.0,1.3862943611198906
4778_MAGOH_P1P2_ENSG00000162385,MAGOH,ENSG00000162385,336,242,10691,3.3735517690899597,3.3731926488417385,0.38579865525082063,2.762554177216877,3.9663081544501275,0.373955604496631,25,5.679818520764781,2.734048309575161,4,1208.0,7.097548850614793
4780_MAK16_P1P2_ENSG00000198042,MAK16,ENSG00000198042,3589,213,10691,2.973723968918906,2.9431353883668283,0.249163646254291,2.4237931339904195,3.27155197267653,0.272511656361464,25,4.993567392532802,,1,1357.0,7.213768308118642
4795_MANF_P1P2_ENSG00000145050,MANF,ENSG00000145050,1656,142,10691,3.043073465641734,3.0172066895789773,0.12450114186479046,2.837497558660447,3.1550121239439717,0.14773588618127942,25,4.71638662680149,,0,5.0,1.791759469228055
4856_MARS2_P1P2_ENSG00000247626,MARS2,ENSG00000247626,1349,75,10691,1.4647305629697693,1.2297619768022816,0.3848349033372467,0.6410164858491828,1.6473101536454624,0.6932421769489789,25,2.3125722895486382,,0,83.0,4.430816798843313
4857_MARS_P1P2_ENSG00000166986,MARS,ENSG00000166986,5146,89,10691,3.2294674183552416,3.2362768915062516,0.10431937855356149,3.073621400545162,3.404101737054646,0.132352887068107,25,4.411710950388562,,0,620.0,6.431331081933479
4862_MASTL_P1P2_ENSG00000120539,MASTL,ENSG00000120539,4196,112,10691,1.5128848846314804,1.3628371190163575,0.6120602521573386,0.07342071031460401,2.1431432412441027,0.8511992890044442,25,2.9737752469668415,,0,2.0,1.0986122886681096
4863_MAT2A_P1P2_ENSG00000168906,MAT2A,ENSG00000168906,1127,52,10691,3.609477464761571,3.6072825304786984,0.17087088826586255,3.3642308624991712,3.867058475513326,0.20173818207077776,25,4.304139774171177,,0,354.0,5.872117789475416
4868_MAU2_P1P2_ENSG00000129933,MAU2,ENSG00000129933,7439,66,10691,1.3294377897039429,1.2923370726190533,0.7073093967018926,0.024155368942335404,2.134861503104707,0.9300733311255331,25,2.270358459105755,,0,78.0,4.3694478524670215
4871_MAX_P1P2_ENSG00000125952,MAX,ENSG00000125952,5718,180,10691,2.379189339210269,2.3465624425369156,0.4052006736165279,1.6688059748843562,2.82153606118855,0.46952492470217866,25,4.338295755433365,,1,5541.0,8.620110725422924
4887_MBTPS1_P1P2_ENSG00000140943,MBTPS1,ENSG00000140943,6486,68,10691,2.205771751001735,2.1862577580760303,0.23577491020909336,1.891737334397298,2.5374620940198027,0.3197016332950735,25,3.1666430356389634,,0,12.0,2.5649493574615367
4888_MBTPS2_P1P2_ENSG00000012174,MBTPS2,ENSG00000012174,8329,214,10691,1.7269737960248317,1.7253366460221762,0.11076306461109672,1.578992817317606,1.8965301038938789,0.13270489369282168,25,3.843129537182097,,1,46.0,3.8501476017100584
4896_MCL1_P1P2_ENSG00000143384,MCL1,ENSG00000143384,538,86,10691,2.0358746464936828,1.9682837971815246,0.4184541256459533,1.2185712040634864,2.420099185878687,0.43043973764225063,25,3.199138939219436,,0,1.0,0.6931471805599453
4897_MCM10_P1P2_ENSG00000065328,MCM10,ENSG00000065328,4164,219,10691,3.006425551123402,2.9042570840661908,0.25724134055192,2.4563903369799274,3.1543539416997475,0.38737985479024806,25,5.003952511789564,1.9124719726260153,3,1330.0,7.193685818395112
4898_MCM2_P1P2_ENSG00000073111,MCM2,ENSG00000073111,1783,123,10691,3.137367983149894,3.1509997081217636,0.15235763290883048,2.86254640530847,3.3518308038903544,0.19998403859241298,25,4.7150794449091205,,0,305.0,5.723585101952381
4899_MCM3AP_P1P2_ENSG00000160294,MCM3AP,ENSG00000160294,8072,105,10691,3.020306093510025,3.024691480828389,0.1432492851454306,2.8414919797784144,3.2314451376784845,0.1387409563412647,25,4.387885003045406,,0,433.0,6.073044534100405
4900_MCM3_P1P2_ENSG00000112118,MCM3,ENSG00000112118,2908,124,10691,4.08791503550058,4.109419229335228,0.10045550531115298,3.9966446003760403,4.273074813107723,0.10965566459644371,25,5.695651137053872,,0,61.0,4.127134385045092
4901_MCM4_P1P2_ENSG00000104738,MCM4,ENSG00000104738,3624,87,10691,3.653760245847457,3.636963534525936,0.20187104791391053,3.2634050176203844,3.9003372387374116,0.23366219594683857,25,4.856351582461107,,0,147.0,4.997212273764115
4902_MCM5_P1P2_ENSG00000100297,MCM5,ENSG00000100297,8187,90,10691,3.191406523773153,3.1445342629100885,0.2432838293611876,2.751058718597208,3.421745554445065,0.40442604816947814,25,4.418292052527599,,0,48.0,3.8918202981106265
4903_MCM6_P1P2_ENSG00000076003,MCM6,ENSG00000076003,1250,102,10691,3.530859243815193,3.538947887682206,0.15956787681088924,3.347203956853452,3.802920990099464,0.2285947809221609,25,4.827843405986879,,0,96.0,4.574710978503383
4904_MCM7_P1P2_ENSG00000166508,MCM7,ENSG00000166508,3343,160,10691,3.4987718311144684,3.4386579853468096,0.22508549203410613,3.010952225580514,3.7167841857453077,0.2721575436453674,25,5.286650061806924,,0,45.0,3.828641396489095
4907_MCMBP_P1P2_ENSG00000197771,MCMBP,ENSG00000197771,4411,145,10691,2.5726202709390917,2.5693413703363297,0.18989560686181933,2.2901933339874665,2.825015766647752,0.2786495070984438,25,4.313273433666715,,0,321.0,5.7745515455444085
490_ARID3A_P1P2_ENSG00000116017,ARID3A,ENSG00000116017,7172,31,10691,3.239438541615141,3.2411821759127593,0.12772157524192237,3.0642937642062194,3.4114838603055135,0.1698788232226227,25,3.3776693315997823,,0,11.0,2.4849066497880004
4910_MCRS1_P1P2_ENSG00000187778,MCRS1,ENSG00000187778,5060,71,10691,1.8968088415399778,1.840256510422802,0.44346309108325116,0.9303549538448922,2.410148908647247,0.3593136230690195,25,3.025276140674692,,0,6.0,1.9459101490553132
4921_MDN1_P1P2_ENSG00000112159,MDN1,ENSG00000112159,2965,84,10691,3.6353757766162915,3.641375928082907,0.1507561101468125,3.4009481825167263,3.823318730630701,0.26539628070662324,25,4.852530267957718,,0,169.0,5.135798437050262
4930_MED10_P1P2_ENSG00000133398,MED10,ENSG00000133398,2269,516,10691,3.1895031333493367,3.174907174934487,0.21654271330663288,2.8747331773339266,3.5608518276246506,0.26450442604129654,25,6.230622061517841,2.4401794205577225,34,6028.0,8.704336438489406
4931_MED11_P1P2_ENSG00000161920,MED11,ENSG00000161920,6564,237,10691,1.7380321763605846,1.6657929595496077,0.47355314421834843,1.1654879682506918,2.2423557932304763,0.4744939983971088,25,4.0160257035568865,,0,5596.0,8.62998601889136
4932_MED12_P1P2_ENSG00000184634,MED12,ENSG00000184634,8405,573,10691,2.017656477986244,1.9176280576735665,0.2169464628571851,1.5475884026615194,2.128097774449223,0.22661295103496504,25,5.035739343402994,1.1350682688123461,36,6033.0,8.705165419719007
4935_MED14_P1P2_ENSG00000180182,MED14,ENSG00000180182,8345,117,10691,1.8086338684356684,1.678173474941563,0.3305452990563086,1.0865115921837338,2.022070986053686,0.4884536609124255,25,3.1126722985524626,,0,4547.0,8.422442854870427
4939_MED17_P1P2_ENSG00000042429,MED17,ENSG00000042429,4830,151,10691,2.4083631087734343,2.3263218997882023,0.3594199354351997,2.012161636636166,2.6819765078089466,0.21293726306363636,25,4.066198241019319,,0,5976.0,8.695674048824253
4941_MED19_P1P2_ENSG00000156603,MED19,ENSG00000156603,4606,544,10691,1.779636062000294,1.748101030967733,0.36266227661637135,1.1781952620919556,2.1576204019850356,0.4286266857729988,25,4.8097358667210885,0.994356269097222,36,6033.0,8.705165419719007
4942_MED1_P1P2_ENSG00000125686,MED1,ENSG00000125686,6733,254,10691,3.3537776608216694,3.288013513184175,0.19389825606272273,3.0017609246287105,3.5378804082022475,0.16372825099413202,25,5.56978783064021,2.1674041568873723,3,6022.0,8.70334075304372
4943_MED20_P1P2_ENSG00000124641,MED20,ENSG00000124641,2865,80,10691,1.2094524274485836,1.2454752877141504,0.4859302070886488,0.275714203803608,1.790964330937157,0.638701381436684,25,2.445640883609335,,0,4102.0,8.319473692442186
4944_MED21_P1P2_ENSG00000152944,MED21,ENSG00000152944,5004,63,10691,2.5361350178083986,2.5041742845552535,0.1600624893822113,2.214922961916735,2.693383288613882,0.18586230160241746,25,3.3407542628099853,,0,5131.0,8.543250725735527
4945_MED22_P1P2_ENSG00000148297,MED22,ENSG00000148297,4087,289,10691,1.4733982289420602,1.4057268680035433,0.5759980838876223,0.2118240113756564,2.009886109064393,0.9398314369227406,25,3.9634718706455847,0.5651603929969871,8,5976.0,8.695674048824253
4949_MED26_P1P2_ENSG00000105085,MED26,ENSG00000105085,7394,105,10691,0.9979044360222454,0.9095172966353704,0.6382251978813047,0.0,1.7396669145205566,1.2577516667703872,25,2.1107847421428403,,0,51.0,3.9512437185814275
4951_MED28_P1P2_ENSG00000118579,MED28,ENSG00000118579,2012,73,10691,3.6062685976912,3.599196440989673,0.13956937174004433,3.39712160233445,3.799867943020195,0.17577645899717753,25,4.596895829538961,,0,4445.0,8.399760094524142
4952_MED29_P1P2_ENSG00000063322,MED29,ENSG00000063322,7528,93,10691,1.5880272699317861,1.5511873364157702,0.5176064110540204,0.395801700034018,2.071457190087125,0.46126192924075915,25,2.8454406732135165,,0,2957.0,7.992268643270745
4953_MED30_P1P2_ENSG00000164758,MED30,ENSG00000164758,3738,288,10691,1.917584613322006,1.8590956246310424,0.17663927966016207,1.4601344490419175,2.025027749619541,0.14740532661814765,25,4.15250299907805,0.25743874103241765,5,6033.0,8.705165419719007
4954_MED31_P1P2_ENSG00000108590,MED31,ENSG00000108590,6583,38,10691,1.391990668555959,1.4727915803767915,0.29436145397548924,1.1180552061049134,2.0578973168787127,0.38958988991106325,25,1.9982905374049915,,0,70.0,4.2626798770413155
4955_MED4_P1P2_ENSG00000136146,MED4,ENSG00000136146,5468,66,10691,3.5670838725207568,3.5771613781376903,0.13913051239846982,3.3630227641612316,3.780191462889405,0.19866915609990254,25,4.486158608685593,,0,4216.0,8.34687925374656
4956_MED6_P1P2_ENSG00000133997,MED6,ENSG00000133997,5736,246,10691,2.717105799649677,2.6274787186993485,0.24404989821742415,2.2875849756571647,2.900662283192148,0.24642826703844145,25,4.882537533909955,,0,6002.0,8.700014623251842
4957_MED7_P1P2_ENSG00000155868,MED7,ENSG00000155868,2567,272,10691,1.808639044022725,1.6169365020114068,0.3959041760325766,0.9016970393739193,2.079261840321818,0.5949444298546922,25,3.930626114292571,0.0,3,6031.0,8.704833909687792
4958_MED8_P1P2_ENSG00000159479,MED8,ENSG00000159479,276,112,10691,2.909710032993289,2.899612232308725,0.23358230461197269,2.573618320136782,3.2790943752717614,0.2779751111433497,25,4.3147351587062275,,0,2202.0,7.697575346802343
4976_MEPCE_P1P2_ENSG00000146834,MEPCE,ENSG00000146834,3348,127,10691,0.8289819890036685,0.907895608502143,0.7873264693037301,0.0,1.9710209440244435,1.505496544548657,25,2.1624302655475183,,1,1.0,0.6931471805599453
497_ARIH1_P1P2_ENSG00000166233,ARIH1,ENSG00000166233,6006,59,10691,2.598250714320397,2.60876250364784,0.14403276411265656,2.378347529728046,2.8139713897104537,0.15544002627908382,25,3.445642739869043,,0,70.0,4.2626798770413155
4984_METAP1_P1P2_ENSG00000164024,METAP1,ENSG00000164024,2126,102,10691,2.288307130811541,2.213139896458292,0.3125367138091439,1.7821070195373807,2.5202679788951152,0.5758429853052607,25,3.708453028075509,,0,9.0,2.302585092994046
4985_METAP2_P1P2_ENSG00000111142,METAP2,ENSG00000111142,5217,161,10691,4.123926054505793,4.116324013160628,0.1275349722007612,3.9755485994567428,4.374385036186458,0.17231209520837254,25,5.967527629143791,,0,519.0,6.253828811575473
4991_METTL14_P1P2_ENSG00000145388,METTL14,ENSG00000145388,2165,121,10691,2.0593929391682506,1.9146721333497139,0.4451138580686291,1.0244867659294505,2.3579717407645626,0.555430312715329,25,3.4732742721402525,,0,347.0,5.8522024797744745
4994_METTL16_P1P2_ENSG00000127804,METTL16,ENSG00000127804,6548,42,10691,2.750317752977253,2.749845474931684,0.07475744910338053,2.639318091106798,2.854646805983489,0.08881699779922769,25,3.184992879906945,,0,51.0,3.9512437185814275
4995_METTL17_P1P2_ENSG00000165792,METTL17,ENSG00000165792,5566,122,10691,2.784779969346189,2.706665534239127,0.23514391465872428,2.2675255723978287,3.0178931658598955,0.31295602384669596,25,4.243617332970769,,0,26.0,3.295836866004329
4997_METTL1_P1P2_ENSG00000037897,METTL1,ENSG00000037897,5155,208,10691,1.900985989188979,1.8460976016680106,0.4009860038360893,0.9696987363418987,2.3020451361909795,0.5177460801955232,25,3.931957549458798,0.6291062879384031,4,16.0,2.833213344056216
5000_METTL23_P1P2_ENSG00000181038,METTL23,ENSG00000181038,6980,114,10691,1.2791125761360713,1.2342175421158013,0.6409654758669868,0.08821373726847824,2.2196104124835205,0.8014135545643175,25,2.778089208538808,,0,0.0,0.0
5004_METTL3_P1P2_ENSG00000165819,METTL3,ENSG00000165819,5575,138,10691,2.7196102658680608,2.7353029046060566,0.23138198118028697,2.3389316336601795,3.090755409106525,0.27096216222700864,25,4.442031111970008,,0,345.0,5.846438775057724
5011_MEX3A_P1P2_ENSG00000254726,MEX3A,ENSG00000254726,612,171,10691,1.9158025800296001,1.8684889648570138,0.33389746163070255,1.3808046406279961,2.286450882813381,0.5937332242198747,25,3.764945873524582,,0,61.0,4.127134385045092
5016_MFAP1_P1P2_ENSG00000140259,MFAP1,ENSG00000140259,5907,197,10691,2.5227414758330844,2.553185567656012,0.36124802062161365,2.0193496502084956,3.0410942452064553,0.5444740959552865,25,4.750678033770568,,0,3586.0,8.185071477532283
5022_MFN2_P1_ENSG00000116688,MFN2,ENSG00000116688,78,42,10691,0.9012344392016207,0.9480453533910336,0.4714999045154915,0.2654590474864979,1.8909489741581034,0.41214354714152635,25,1.605507855945621,,0,19.0,2.995732273553991
5023_MFN2_P2_ENSG00000116688,MFN2,ENSG00000116688,78,93,10691,0.0,0.2077478863371796,0.5115628743478934,0.0,1.3460574961886678,0.0,25,0.0,,0,0.0,0.0
5077_MICOS10_P1P2_ENSG00000173436,MICOS10,ENSG00000173436,103,87,10691,4.422629058048139,4.419297042836502,0.09146978583937568,4.257754877807244,4.5333304962050445,0.1129451719154293,25,5.706031224861561,,0,124.0,4.8283137373023015
5079_MIOS_P1P2_ENSG00000164654,MIOS,ENSG00000164654,3155,163,10691,2.002770461722521,1.8997401382797359,0.2583996383749676,1.4308086644000841,2.130816927845799,0.46828958938400067,25,3.7110286081083275,,0,246.0,5.5093883366279774
507_ARL2_P1P2_ENSG00000213465,ARL2,ENSG00000213465,4684,74,10691,3.65105808786652,3.655698059566049,0.10038325644216675,3.521375444081431,3.810256663868163,0.1502293036591107,25,4.703805250279039,,0,105.0,4.663439094112067
5080_MIPEP_P1P2_ENSG00000027001,MIPEP,ENSG00000027001,5407,90,10691,1.499542412678584,1.4999645342047823,0.09363678174179837,1.3505641434163913,1.6532705413439177,0.13731767947245022,25,2.7588379311614792,,0,5.0,1.791759469228055
5082_MIS12_P1P2_ENSG00000167842,MIS12,ENSG00000167842,6580,82,10691,1.9155413550709197,1.9194902377988716,0.2901702612755733,1.3217599502487911,2.309005702818251,0.2507211658538391,25,3.1105466821346495,,0,5.0,1.791759469228055
5083_MIS18A_P1P2_ENSG00000159055,MIS18A,ENSG00000159055,8006,129,10691,3.290582769914921,3.3100076005085475,0.1558900317529688,3.0457018982416075,3.541343961635121,0.18503991218720506,25,4.842061862040531,,0,1.0,0.6931471805599453
5084_MIS18BP1_P1P2_ENSG00000129534,MIS18BP1,ENSG00000129534,5659,107,10691,3.245544115784003,3.2178696832507256,0.179946694902858,2.8704430651061656,3.394597443870053,0.2093453078941474,25,4.623988009548625,,0,1.0,0.6931471805599453
5089_NIFK_P1P2_ENSG00000155438,NIFK,ENSG00000155438,1223,240,10691,3.9569235433906926,3.9309079215210567,0.17823031967159128,3.6387382361478027,4.168214524430956,0.2368915735677355,25,6.1363019465255,,0,1919.0,7.560080465021827
5098_MKRN1_P1P2_ENSG00000133606,MKRN1,ENSG00000133606,3461,160,10691,0.04622273545313148,0.45229555736706517,0.5560669169997341,0.0,1.4549695911297622,0.8415127004636251,25,1.0581838292312529,,0,0.0,0.0
510_ARL4D_P1P2_ENSG00000175906,ARL4D,ENSG00000175906,6791,120,10691,1.2001812185300396,0.8995733044873176,0.5107505989920812,0.0,1.358449611370492,0.754710556790173,25,2.451724477769202,,0,4.0,1.6094379124341003
5115_MLST8_P1P2_ENSG00000167965,MLST8,ENSG00000167965,6168,78,10691,2.6310365278954615,2.536761975164902,0.26712106999694196,2.001720310799881,2.876189042887263,0.358011138841003,25,3.698327529888062,,0,6.0,1.9459101490553132
5123_MMGT1_P1P2_ENSG00000169446,MMGT1,ENSG00000169446,8497,183,10691,1.2594197811773433,1.2143671156650009,0.6163658979664559,0.060876451237828734,1.899814597592486,0.7447993838896225,25,3.285834665268257,,0,1.0,0.6931471805599453
5126_MMS19_P1P2_ENSG00000155229,MMS19,ENSG00000155229,4339,129,10691,2.164239936406378,2.1079594831723494,0.18528232562356992,1.816159840327103,2.3337090080525122,0.3092085480128839,25,3.7809447942981196,,0,8.0,2.1972245773362196
5127_MMS22L_P1P2_ENSG00000146263,MMS22L,ENSG00000146263,2971,57,10691,2.753128032267619,2.702079232184667,0.17624848348355363,2.350031038405718,2.892462783006852,0.1946084492360982,25,3.4926814959864707,,0,366.0,5.905361848054571
5128_MNAT1_P1P2_ENSG00000020426,MNAT1,ENSG00000020426,5708,85,10691,2.5470655158725073,2.602795955939492,0.2164954091241086,2.373902549574721,2.942368088761674,0.22543821891059768,25,3.7335073896402995,,0,413.0,6.025865973825314
5138_MOB4_P1P2_ENSG00000115540,MOB4,ENSG00000115540,1348,118,10691,2.7643427522682837,2.787363686621494,0.22140298174155815,2.4058970665949957,3.1355781418562754,0.23060190585630735,25,4.338627385276601,,0,125.0,4.836281906951478
5142_MOCS3_P1P2_ENSG00000124217,MOCS3,ENSG00000124217,7927,118,10691,0.5157915341636734,0.6364816164193052,0.6032380604087955,0.0,1.7248776620607902,1.1197211908025184,25,2.2267796824791004,,0,3.0,1.3862943611198906
5163_MPHOSPH10_P1P2_ENSG00000124383,MPHOSPH10,ENSG00000124383,1087,43,10691,3.596490738378796,3.613049931670554,0.13235738493473523,3.4086694154842276,3.7976334114914074,0.19704820577084448,25,4.142701326537649,,0,484.0,6.184148890937483
5190_MRGBP_P1P2_ENSG00000101189,MRGBP,ENSG00000101189,7959,74,10691,2.9820586341343485,2.9119157058288,0.21421915878728476,2.629693043462829,3.139244863407612,0.3317612107716217,25,3.9308512074085544,,0,198.0,5.293304824724492
5193_MRPL10_P1P2_ENSG00000159111,MRPL10,ENSG00000159111,6826,102,10691,2.707377727636283,2.7214257174581475,0.23918105347022264,2.4542674083357916,3.0426724777575096,0.20219162742359575,25,4.133927027112225,,0,148.0,5.003946305945459
5196_MRPL13_P1P2_ENSG00000172172,MRPL13,ENSG00000172172,3741,87,10691,4.018062981028103,4.022852197128242,0.14271176975526478,3.7641299794120915,4.22043094492295,0.24120933824554847,25,5.230597411862815,,0,178.0,5.187385805840755
5197_MRPL14_P1P2_ENSG00000180992,MRPL14,ENSG00000180992,2894,211,10691,4.298843031233587,4.289684710826339,0.11840055550349181,4.146127275102677,4.534976067833992,0.14609582139322796,25,6.411839485054988,,2,115.0,4.7535901911063645
5198_MRPL15_P1P2_ENSG00000137547,MRPL15,ENSG00000137547,3632,46,10691,3.9872105898462635,3.961632958079258,0.1044603636625753,3.842434108608562,4.086300569947346,0.12209964968532017,25,4.527319980784427,,0,20.0,3.044522437723423
5199_MRPL16_P1P2_ENSG00000166902,MRPL16,ENSG00000166902,4614,85,10691,3.808676559847747,3.804962794711961,0.1080216326043062,3.6452256006635846,3.9504607398609557,0.22743402950864722,25,4.996105556006662,,0,63.0,4.1588830833596715
5200_MRPL17_P1P2_ENSG00000158042,MRPL17,ENSG00000158042,4492,99,10691,2.5549363629086277,2.5576132759280896,0.1839646024420944,2.2349299040195976,2.7906244354614413,0.2653893841100894,25,3.9016757262701054,,0,241.0,5.488937726156687
5201_MRPL18_P1P2_ENSG00000112110,MRPL18,ENSG00000112110,3099,180,10691,3.6923942168171737,3.6811551045792266,0.16489596134444667,3.5028362695246487,3.9535507717290805,0.23261136972840957,25,5.640532294201136,,0,671.0,6.51025834052315
5202_MRPL19_P1P2_ENSG00000115364,MRPL19,ENSG00000115364,1118,192,10691,3.340763360734312,3.3768158729133186,0.18377299399895058,3.140965995126847,3.6228164642193277,0.21847160260728948,25,5.390956684901752,,0,663.0,6.498282149476434
5203_MRPL1_P1P2_ENSG00000169288,MRPL1,ENSG00000169288,2096,165,10691,3.2723219205888476,3.278194322939936,0.18882123994152106,3.01225707563764,3.5060033046177272,0.30598293741651084,25,5.133584728058253,,0,32.0,3.4965075614664802
5204_MRPL20_P1P2_ENSG00000242485,MRPL20,ENSG00000242485,17,120,10691,3.950206244840106,3.9145125716602513,0.16605585391928124,3.6446410493343318,4.161340977047054,0.2718460933212459,25,5.485035923820974,,0,50.0,3.9318256327243257
5206_MRPL22_P1P2_ENSG00000082515,MRPL22,ENSG00000082515,2566,96,10691,3.9920410881802173,3.9902327620447227,0.09399049112982824,3.8043958724900198,4.117092121975775,0.11223782811329386,25,5.30568742632013,,0,170.0,5.14166355650266
5208_MRPL24_P1P2_ENSG00000143314,MRPL24,ENSG00000143314,624,193,10691,2.3999189351952075,2.4068422944482237,0.30770512851680304,1.8445336174429927,2.8293237941943077,0.3191721470255877,25,4.513609727442602,,0,246.0,5.5093883366279774
5209_MRPL27_P1P2_ENSG00000108826,MRPL27,ENSG00000108826,6852,102,10691,3.823981482532226,3.8415803964359423,0.16625207151562607,3.630236631518366,4.107944249951363,0.2672714587981373,25,5.234000154106264,,0,231.0,5.44673737166631
5210_MRPL28_P1P2_ENSG00000086504,MRPL28,ENSG00000086504,6120,52,10691,3.536764292019563,3.5390217939945967,0.11712989944910225,3.3550896528834655,3.7297393317956864,0.12312931584517761,25,4.2830585541172885,,0,9.0,2.302585092994046
5211_MRPL2_P1P2_ENSG00000112651,MRPL2,ENSG00000112651,2879,147,10691,3.2911213621061166,3.2185970641711914,0.19715586577004907,2.896216360633527,3.502240472640586,0.2691026542254411,25,5.006414419696566,,0,295.0,5.69035945432406
5214_MRPL32_P1P2_ENSG00000106591,MRPL32,ENSG00000106591,3212,67,10691,3.535402380272226,3.528657303856729,0.108363342245104,3.3855397410573973,3.6840897879857284,0.1638450132020437,25,4.478236388399306,,0,101.0,4.624972813284271
5215_MRPL33_P1P2_ENSG00000243147,MRPL33,ENSG00000243147,966,150,10691,3.253656711432038,3.2363977337271255,0.1879455991162392,2.9562988666269536,3.4374833984837614,0.2593949361593255,25,4.993959022207118,,1,288.0,5.666426688112432
5216_MRPL34_P1P2_ENSG00000130312,MRPL34,ENSG00000130312,7403,27,10691,4.061295725146875,4.06887143030685,0.03432469763588358,4.021529491969221,4.123114067510018,0.04137895552734161,25,4.118681693504211,,0,15.0,2.772588722239781
5217_MRPL35_P1P2_ENSG00000132313,MRPL35,ENSG00000132313,1137,171,10691,3.48664881724453,3.4686865828535773,0.09850027569686728,3.3318560614980983,3.598679108914961,0.10053980002788165,25,5.343646707411311,,0,649.0,6.476972362889683
5218_MRPL36_P1P2_ENSG00000171421,MRPL36,ENSG00000171421,2266,189,10691,3.79174853374523,3.796446854653762,0.1804124144953548,3.5143409197378594,4.04017434646979,0.2341385895285404,25,5.816723095777819,,1,420.0,6.042632833682381
5219_MRPL37_P1P2_ENSG00000116221,MRPL37,ENSG00000116221,345,116,10691,3.9964376533246924,4.005143136480021,0.10774993322660731,3.8380455399330278,4.174941845407378,0.13258669065913908,25,5.527306839345997,,0,169.0,5.135798437050262
5220_MRPL38_P1P2_ENSG00000204316,MRPL38,ENSG00000204316,6966,155,10691,3.6379635549070435,3.6188259670098812,0.1762613227903175,3.3487333662701544,3.8353521336700735,0.23294045638188443,25,5.3651705668702645,,0,163.0,5.099866427824199
5221_MRPL39_P1P2_ENSG00000154719,MRPL39,ENSG00000154719,7995,154,10691,3.3733348864050643,3.317811883053928,0.14253216974440827,3.0889595262214002,3.4960996509186395,0.19126606414028702,25,5.124224732309907,,0,468.0,6.150602768446279
5222_MRPL3_P1P2_ENSG00000114686,MRPL3,ENSG00000114686,1804,175,10691,3.9258273678827074,3.9741098983320353,0.20734892555470702,3.7434751852159245,4.324707240044418,0.3000486906655371,25,5.970724165432017,,0,313.0,5.749392985908253
5224_MRPL41_P1P2_ENSG00000182154,MRPL41,ENSG00000182154,4131,69,10691,4.415711353086492,4.41183480360073,0.0681077096696148,4.306968698962352,4.510715503922597,0.07452582831885302,25,5.451406373300741,,0,76.0,4.343805421853684
5226_MRPL43_P1P2_ENSG00000055950,MRPL43,ENSG00000055950,4355,95,10691,2.9123718429602308,2.9065720520913585,0.17107124196942614,2.6889976474610426,3.1652503103630276,0.19318256681346213,25,4.211437750066433,,0,161.0,5.087596335232384
5227_MRPL44_P1P2_ENSG00000135900,MRPL44,ENSG00000135900,1423,73,10691,2.9980576671551167,2.9881503827066775,0.19006686313864016,2.7644294649685595,3.2338625785821553,0.2793326544221988,25,4.017010453175806,,0,35.0,3.58351893845611
5228_MRPL45_P1P2_ENSG00000278845,MRPL45,ENSG00000278845,6720,179,10691,2.8684404740408884,2.8342055437946794,0.2797811553984299,2.5012671489921146,3.235951946797815,0.4116010766687057,25,4.753066052796962,,1,9.0,2.302585092994046
5232_MRPL49_P1P2_ENSG00000149792,MRPL49,ENSG00000149792,4694,40,10691,2.024620312742471,2.034683845520776,0.22755402663315596,1.7044562756501977,2.4121094720861747,0.33776765469658265,25,2.5203580746561602,,0,130.0,4.875197323201151
5233_MRPL4_P1P2_ENSG00000105364,MRPL4,ENSG00000105364,7301,125,10691,4.008489504283233,4.007880066401696,0.119780184102018,3.7897980697766367,4.148757289445504,0.13145428301994722,25,5.641553039798351,,0,70.0,4.2626798770413155
5234_MRPL50_P1P2_ENSG00000136897,MRPL50,ENSG00000136897,3958,171,10691,3.205954406729891,3.1449842999071116,0.22829158874553995,2.6750566749639018,3.4079296530727303,0.26893303964440163,25,5.055354490384951,,0,315.0,5.755742213586912
5235_MRPL51_P1P2_ENSG00000111639,MRPL51,ENSG00000111639,4948,111,10691,4.176232332825288,4.1889375116374215,0.10855312358099901,4.079384467095121,4.379265930035728,0.10727581512953765,25,5.678425779914289,,0,271.0,5.605802066295998
5238_MRPL54_P1P2_ENSG00000183617,MRPL54,ENSG00000183617,7229,142,10691,3.5029719479597903,3.480404928362043,0.20783614771489609,3.2202122645136133,3.7721583136362447,0.24909387770747315,25,5.153526434776251,,0,93.0,4.543294782270004
5239_MRPL55_P1P2_ENSG00000162910,MRPL55,ENSG00000162910,826,170,10691,3.80229143827355,3.7320925244877365,0.17082661943760843,3.41036860697919,3.8882119424382044,0.2342297030189,25,5.569515962771895,,0,319.0,5.768320995793772
523_ARMC6_P1P2_ENSG00000105676,ARMC6,ENSG00000105676,7433,86,10691,1.8673907812640314,1.7406008399545212,0.5677826581605164,0.7934785125900793,2.543667993884814,0.7022491800006714,25,3.1529322976470695,,0,0.0,0.0
5240_MRPL9_P1P2_ENSG00000143436,MRPL9,ENSG00000143436,558,121,10691,3.3087153425106863,3.282051805545488,0.17936549087340362,3.0226562138855204,3.4915494624297776,0.28297612226783375,25,4.772011652684011,,0,33.0,3.5263605246161616
5241_MRPS10_P1P2_ENSG00000048544,MRPS10,ENSG00000048544,2869,121,10691,3.2057135741955802,3.193077631673761,0.1691879330130874,2.9363407510117057,3.450865949322268,0.20914360509240204,25,4.739360037597186,,0,124.0,4.8283137373023015
5242_MRPS11_P1P2_ENSG00000181991,MRPS11,ENSG00000181991,6072,95,10691,3.414826465711904,3.357160526500831,0.15553555480739256,3.069374410580975,3.5224595659344398,0.225282421179406,25,4.6483349225975665,,0,183.0,5.214935757608986
5243_MRPS12_P1P2_ENSG00000128626,MRPS12,ENSG00000128626,7521,55,10691,4.106253585095838,4.093089091805632,0.06333231076065675,3.977690772432699,4.15891190328506,0.06791411540901304,25,4.877801743753793,,0,37.0,3.6375861597263857
5244_MRPS14_P1P2_ENSG00000120333,MRPS14,ENSG00000120333,693,92,10691,3.3989487275862484,3.4199170869824354,0.11775526167703133,3.2856811829464503,3.5873586914190416,0.1812545048436207,25,4.65242847806981,,0,386.0,5.958424693029782
5246_MRPS16_P1P2_ENSG00000182180,MRPS16,ENSG00000182180,4277,41,10691,3.8611131113187103,3.8562557992792352,0.06855424394160521,3.746919092101923,3.966479001907499,0.06995762752588863,25,4.316678015444737,,0,18.0,2.9444389791664403
5248_MRPS18A_P1P2_ENSG00000096080,MRPS18A,ENSG00000096080,2892,121,10691,2.7219321518297654,2.7516368936542666,0.2794268856567033,2.330262954849814,3.1231934623520132,0.5046888839465873,25,4.265068955640367,,0,166.0,5.117993812416755
5249_MRPS18B_P1P2_ENSG00000204568,MRPS18B,ENSG00000204568,2759,59,10691,3.742255415417767,3.7425189341482845,0.179354618262837,3.462941429969356,3.96159621228309,0.1946563643930359,25,4.603980916922526,,0,28.0,3.367295829986474
5251_MRPS21_P1P2_ENSG00000266472,MRPS21,ENSG00000266472,533,146,10691,4.091171871209685,4.107207796463538,0.07989222862993055,4.012140401119808,4.241887427771654,0.11448071373047952,25,5.851548308610582,,0,342.0,5.83773044716594
5252_MRPS22_P1P2_ENSG00000175110,MRPS22,ENSG00000175110,1824,165,10691,3.4459347727262544,3.4185322738952766,0.18310926539156158,3.2229091735600415,3.6021051225591845,0.16359825996854793,25,5.289756932626583,,0,96.0,4.574710978503383
5253_MRPS23_P1P2_ENSG00000181610,MRPS23,ENSG00000181610,6873,119,10691,4.132718818773223,4.12863943681501,0.10687316486619855,3.957645075816409,4.251212213960822,0.1338984129239975,25,5.675288441382797,,0,133.0,4.897839799950911
5254_MRPS24_P1P2_ENSG00000062582,MRPS24,ENSG00000062582,3216,145,10691,4.324157946001347,4.300154785512126,0.09790624694483127,4.136816545724746,4.428339745785351,0.10419497582590331,25,6.0415476471268414,,0,85.0,4.454347296253507
5255_MRPS25_P1P2_ENSG00000131368,MRPS25,ENSG00000131368,1520,99,10691,4.083338031325321,4.0799339380725765,0.07979699409584914,3.981610337325716,4.186364535488283,0.07971529393635723,25,5.423262581282714,,0,43.0,3.784189633918261
5256_MRPS26_P1P2_ENSG00000125901,MRPS26,ENSG00000125901,7763,120,10691,3.8046645643418113,3.800640920551848,0.11050188801603324,3.612682312879865,3.9388865650962828,0.14713266203109843,25,5.361474895674963,,0,92.0,4.532599493153256
5257_MRPS27_P1P2_ENSG00000113048,MRPS27,ENSG00000113048,2373,81,10691,3.1643492447121124,3.2127500248569745,0.14891250860241242,3.000943399115374,3.4562806327509743,0.24085975608904198,25,4.344071997925379,,0,198.0,5.293304824724492
5258_MRPS28_P1P2_ENSG00000147586,MRPS28,ENSG00000147586,3670,158,10691,3.0142913618294354,2.971302317019915,0.25855746409339947,2.4736152275588488,3.2693917023102523,0.26573205943888656,25,4.743747104448822,,0,143.0,4.969813299576001
5259_MRPS2_P1P2_ENSG00000122140,MRPS2,ENSG00000122140,4096,109,10691,3.1031599439506,3.075437113797618,0.21696385633464377,2.7349352232674216,3.3100693275628768,0.3278649056687337,25,4.523728668270324,,0,62.0,4.143134726391533
5261_MRPS31_P1P2_ENSG00000102738,MRPS31,ENSG00000102738,5444,107,10691,3.21340016761477,3.2512385438216143,0.1192025492995156,3.1077136068970814,3.4809730292518983,0.1525570243406711,25,4.637492978870771,,0,36.0,3.6109179126442243
5263_MRPS34_P1P2_ENSG00000074071,MRPS34,ENSG00000074071,6147,141,10691,4.390441120090669,4.359415957430579,0.1450859659722648,4.16511084087822,4.569480465403916,0.14541116520565023,25,6.116960621825671,,0,667.0,6.504288173536645
5264_MRPS35_P1P2_ENSG00000061794,MRPS35,ENSG00000061794,5008,201,10691,3.7082945341157165,3.6953070237184527,0.11793687986685747,3.5062946541186606,3.8350256578933224,0.1649843464983043,25,5.7220101925321005,,1,358.0,5.883322388488279
5266_MRPS5_P1P2_ENSG00000144029,MRPS5,ENSG00000144029,1144,73,10691,3.6105178760380285,3.6224138265415218,0.16398781141249139,3.44754538979016,3.8339157753545687,0.18051318236974634,25,4.6400089971760545,,0,42.0,3.7612001156935624
5267_MRPS6_P1P2_ENSG00000243927,MRPS6,ENSG00000243927,8024,152,10691,3.730454820240694,3.7050092361466485,0.14777810480073894,3.461923194136287,3.9170776190688645,0.18986887912650197,25,5.505327042772057,,0,50.0,3.9318256327243257
5268_MRPS7_P1P2_ENSG00000125445,MRPS7,ENSG00000125445,6952,123,10691,3.8526258273792817,3.8628589879655424,0.13381522696830814,3.6261611197282346,4.111762039513966,0.06048279089276276,25,5.430764970958848,,0,89.0,4.499809670330265
5269_MRPS9_P1P2_ENSG00000135972,MRPS9,ENSG00000135972,1182,76,10691,3.2114757056972096,3.1646893149101434,0.19912435407388415,2.752102092947214,3.3811670321005844,0.21986285909800074,25,4.193013581650944,,0,77.0,4.356708826689592
5272_MRTO4_P1P2_ENSG00000053372,MRTO4,ENSG00000053372,100,83,10691,3.4991408121845278,3.475309388035798,0.2098003641545903,3.163614052676605,3.7447637004434084,0.33258061686330986,25,4.727272624748641,,0,8.0,2.1972245773362196
5290_MSRB1_P1P2_ENSG00000198736,MSRB1,ENSG00000198736,6153,205,10691,2.395359058193091,2.3300705830586823,0.22144260667551488,1.9899536320811626,2.5764171029943936,0.4309489195967915,25,4.406493627660387,,1,4.0,1.6094379124341003
5293_MSTO1_P1P2_ENSG00000125459,MSTO1,ENSG00000125459,602,100,10691,0.31520851338405254,0.5213792649950293,0.6133483302258685,0.0,1.6790542315005368,1.0967618926708882,25,1.120289366698512,,0,0.0,0.0
5298_MT2A_P1P2_ENSG00000125148,MT2A,ENSG00000125148,6378,112,10691,2.093920694422773,1.9774609309574713,0.42550677028214856,1.1325571817735172,2.4332014217944096,0.533120594391276,25,3.5629698220211576,,0,6.0,1.9459101490553132
5302_MTBP_P1P2_ENSG00000172167,MTBP,ENSG00000172167,3742,191,10691,0.4142572484252852,0.5480111257416829,0.5527559537089412,0.0,1.3917213802216901,1.2441017810693078,25,2.389247049726757,,2,484.0,6.184148890937483
5315_MTG2_P1P2_ENSG00000101181,MTG2,ENSG00000101181,7954,146,10691,1.6406285535983733,1.5569532655427993,0.6434108863954234,0.26460372995524606,2.45410534077308,0.7541228373075359,25,3.1756050534949143,,0,1.0,0.6931471805599453
5339_MTOR_P1P2_ENSG00000198793,MTOR,ENSG00000198793,69,101,10691,2.427270382415608,2.3545433510557894,0.23556458833022254,1.996914723241018,2.6841160474267447,0.23321954482561047,25,3.7101927161168864,,0,1204.0,7.094234845924755
5340_MTPAP_P1P2_ENSG00000107951,MTPAP,ENSG00000107951,4202,90,10691,2.328532903547932,2.2836744528238535,0.23842366725127753,1.756951132769349,2.5415361221382584,0.24446085282810426,25,3.467296421998032,,0,321.0,5.7745515455444085
5356_MVD_P1P2_ENSG00000167508,MVD,ENSG00000167508,6506,104,10691,2.4836948436957202,2.5140640013044657,0.17285245728791965,2.290836259452744,2.7758795967056935,0.2240928790266512,25,3.9201013803424742,,0,790.0,6.673297967767654
5357_MVK_P1P2_ENSG00000110921,MVK,ENSG00000110921,5266,136,10691,0.9636204852308063,1.0352787278088798,0.4741371193568075,0.42256272390171173,1.6351627815433278,0.790242430650133,25,2.8163872315148764,,0,26.0,3.295836866004329
535_ARPC2_P2_ENSG00000163466,ARPC2,ENSG00000163466,1395,70,10691,0.0,0.3011742619029437,0.480494938887613,0.0,1.2162311712546756,0.5379853776837351,25,0.6192969925937344,,0,0.0,0.0
5365_MYBBP1A_P1P2_ENSG00000132382,MYBBP1A,ENSG00000132382,6561,109,10691,2.7941585665439934,2.758556179876463,0.17520061706085577,2.57096809838063,2.9479630144867794,0.18898436988059508,25,4.191495348464527,,0,570.0,6.3473892096560105
5367_MYBL2_P1P2_ENSG00000101057,MYBL2,ENSG00000101057,7888,106,10691,3.180336878319041,3.189922276434641,0.2504992744176094,2.869826327060569,3.5681375017524832,0.3604769178819156,25,4.499955617228785,,0,183.0,5.214935757608986
536_ARPC2_P1_ENSG00000163466,ARPC2,ENSG00000163466,1395,157,10691,4.182972001763904,4.159086567916563,0.11694622133526622,3.913504179247899,4.291719173272795,0.11048341886209911,25,5.9924958964885775,,0,2.0,1.0986122886681096
5370_MYCBP_P1P2_ENSG00000214114,MYCBP,ENSG00000214114,245,208,10691,3.5756662105758688,3.6098877327690366,0.20129337465214972,3.3210197476652406,3.904252102130468,0.26754315485052604,25,5.62590602783311,,0,1.0,0.6931471805599453
5374_MYC_P1P2_ENSG00000136997,MYC,ENSG00000136997,3760,74,10691,1.171368859430628,1.0690079526729297,0.5492678474030284,0.24310077691215787,1.895913532356644,0.8413443764665323,25,1.8121405080597197,,0,96.0,4.574710978503383
538_ARPC3_P2_ENSG00000111229,ARPC3,ENSG00000111229,5275,126,10691,1.3712111865870857,1.306396580712995,0.6395186446188462,0.5337698111504835,2.317547207362301,0.775034170680358,25,3.014217265915057,,0,1.0,0.6931471805599453
5413_MZF1_P1P2_ENSG00000099326,MZF1,ENSG00000099326,7739,128,10691,0.5498486318633365,0.6520554635944592,0.5481474034581293,0.0,1.396636784414669,1.0929510369560265,25,2.3838277710811395,,0,0.0,0.0
5414_MZT1_P1P2_ENSG00000204899,MZT1,ENSG00000204899,5496,455,10691,3.7534717823307773,3.7502758398394214,0.1487900196687208,3.509483879871368,3.978831308587727,0.20391750929536823,25,6.618436230295165,2.890952154094527,27,269.0,5.598421958998375
541_ARPC4_P1P2_ENSG00000241553,ARPC4,ENSG00000241553,1492,220,10691,3.3800663103968485,3.4067416778381885,0.12566023718126326,3.2468085319511815,3.632493335883087,0.14059479832665112,25,5.521640933757542,,1,61.0,4.127134385045092
5420_N6AMT1_P1P2_ENSG00000156239,N6AMT1,ENSG00000156239,7998,138,10691,1.8173829835165498,1.6196578817820586,0.33604513802334834,1.1602672923979087,1.9239774820766158,0.5074195413995508,25,3.1714324125090494,,0,70.0,4.2626798770413155
5422_NAA10_P1P2_ENSG00000102030,NAA10,ENSG00000102030,8520,137,10691,3.8826420087063194,3.8358162755266507,0.16729302373005261,3.5594279062180227,4.0782161906040635,0.24386260075806687,25,5.52729421002831,,0,106.0,4.672828834461906
5424_NAA15_P1P2_ENSG00000164134,NAA15,ENSG00000164134,2192,128,10691,3.607261554419809,3.5964465624853195,0.20117808731005307,3.3246946328137885,3.934382424897078,0.26543780646444626,25,5.135987520936678,,0,217.0,5.384495062789089
5426_NAA20_P1P2_ENSG00000173418,NAA20,ENSG00000173418,7804,182,10691,3.427502654226981,3.4534806466025816,0.15568441606628125,3.216216720528663,3.6551301942867016,0.23067751779525159,25,5.367172664262171,,1,117.0,4.770684624465665
5427_NAA25_P1P2_ENSG00000111300,NAA25,ENSG00000111300,5290,176,10691,2.9275136538779187,2.8990066639941108,0.22027856019867217,2.582372831183422,3.1854486250180925,0.26028770554040204,25,4.820762818018932,,0,535.0,6.284134161070802
5429_NAA35_P1P2_ENSG00000135040,NAA35,ENSG00000135040,3902,193,10691,2.6895383232518926,2.646632053178613,0.2573808170689289,2.189757497269323,2.9425059284261135,0.3334358323882518,25,4.724432180389069,,1,12.0,2.5649493574615367
5430_NAA38_P1P2_ENSG00000183011,NAA38,ENSG00000183011,6604,368,10691,0.2935258642578015,0.6639284498194984,0.8481721974805654,0.0,2.251516739276253,1.013400642103749,25,2.5219988861465685,0.08555961578853795,12,3520.0,8.166500319155052
5432_NAA50_P1P2_ENSG00000121579,NAA50,ENSG00000121579,1751,108,10691,3.6703268151398905,3.6469505297930223,0.2070917689726884,3.3263096508429886,3.9837878883242115,0.310787278275928,25,5.07673983636852,,0,18.0,2.9444389791664403
5441_NACA_P1P2_ENSG00000196531,NACA,ENSG00000196531,5136,354,10691,4.498267230142752,4.47686264616065,0.10969141003994366,4.294088788582157,4.625639257206526,0.16522350087937454,25,7.04132463701299,3.548399450891226,10,5892.0,8.681520484837913
5448_NAE1_P1P2_ENSG00000159593,NAE1,ENSG00000159593,6406,88,10691,4.212432785202977,4.209607705281041,0.06722485363398373,4.108770086102881,4.302707763260393,0.08258461919519,25,5.455339281102022,,0,117.0,4.770684624465665
5449_NAF1_P1P2_ENSG00000145414,NAF1,ENSG00000145414,2226,94,10691,2.5814476185874997,2.459462650631222,0.36396249640230294,1.7618304211774427,2.862245319430421,0.552075969295676,25,3.6711996299149043,,0,5.0,1.791759469228055
5452_NAGLU_P1P2_ENSG00000108784,NAGLU,ENSG00000108784,6767,265,10691,1.1514726824951171,1.0295495623039759,0.5775898433644427,0.0,1.763391233416431,0.6367752906758294,25,3.4014609672940046,0.5836447422603874,6,3.0,1.3862943611198906
5464_NAPG_P1P2_ENSG00000134265,NAPG,ENSG00000134265,7075,62,10691,1.8149251525129626,1.8308873368796343,0.3289002583939145,1.318726592886882,2.301466441725571,0.3841905804478358,25,2.701179895710252,,0,1.0,0.6931471805599453
5468_NARS_P1P2_ENSG00000134440,NARS,ENSG00000134440,7138,172,10691,2.9037855968949637,2.86348422160338,0.2036945176459692,2.533389384241375,3.0921484272833304,0.2843136876173755,25,4.782797847117414,,0,2494.0,7.822044008185619
5469_NASP_P1P2_ENSG00000132780,NASP,ENSG00000132780,299,184,10691,4.007710842964665,4.049184784922953,0.15981850677980958,3.845575635738223,4.341823085935552,0.1942080402330424,25,6.094484800902293,,0,1.0,0.6931471805599453
5470_NAT10_P1P2_ENSG00000135372,NAT10,ENSG00000135372,4558,30,10691,2.784788329675941,2.801922304470669,0.08934800224887635,2.7126217106487807,2.953917215664681,0.09914098227183787,25,2.9245347718789656,,0,282.0,5.645446897643238
5476_NBAS_P1P2_ENSG00000151779,NBAS,ENSG00000151779,920,107,10691,2.8689295874579632,2.913659512272156,0.20545268743415518,2.6511860028160825,3.1532904897737937,0.3416821256056757,25,4.370448718918936,,0,190.0,5.25227342804663
5477_NBEAL1_P1P2_ENSG00000144426,NBEAL1,ENSG00000144426,1375,99,10691,0.6726420074285001,0.753594360737179,0.6797446714477313,0.0,1.752321396993271,1.3197496305769574,25,1.5038516809645863,,0,0.0,0.0
5487_NCAPD2_P1P2_ENSG00000010292,NCAPD2,ENSG00000010292,4949,48,10691,2.3912679564134613,2.346118318411196,0.2286820301000715,1.9318940804003744,2.6272489039178084,0.26815876508034897,25,2.921463652083026,,0,0.0,0.0
5488_NCAPD3_P1P2_ENSG00000151503,NCAPD3,ENSG00000151503,4926,81,10691,3.1115470032889956,3.127287816933757,0.1548831009115992,2.864930010039385,3.3411311606956318,0.2601580872927203,25,4.240702102613485,,0,1.0,0.6931471805599453
5489_NCAPG2_P1P2_ENSG00000146918,NCAPG2,ENSG00000146918,3517,84,10691,2.9544750652931455,2.914126401952162,0.12600147106566298,2.682578804103129,3.085140776369733,0.16362506537491184,25,4.048929351448735,,0,2.0,1.0986122886681096
5490_NCAPG_P1P2_ENSG00000109805,NCAPG,ENSG00000109805,2014,79,10691,3.244514582058044,3.269271790090063,0.15293932935249424,3.0591785706113277,3.538451205027791,0.23997910231808417,25,4.41825077017874,,0,2.0,1.0986122886681096
5491_NCAPH2_P1P2_ENSG00000025770,NCAPH2,ENSG00000025770,8291,143,10691,2.605633390021173,2.5739806235579157,0.2999915660116659,2.00673455001795,2.930303654848907,0.363061174968371,25,4.30721773042275,,0,9.0,2.302585092994046
5492_NCAPH_P1P2_ENSG00000121152,NCAPH,ENSG00000121152,1153,68,10691,3.0719442680721807,3.0786247752870786,0.17512867682865244,2.7824048314273773,3.35602255718468,0.16346726453804683,25,4.027848005787479,,0,108.0,4.6913478822291435
5493_NCBP1_P1P2_ENSG00000136937,NCBP1,ENSG00000136937,3940,60,10691,2.4495239407262814,2.403405727369255,0.3638232916871944,1.793823507174507,2.890354236279062,0.5638875845852591,25,3.218262856457244,,0,1021.0,6.92951677076365
5494_NCBP2_P1P2_ENSG00000114503,NCBP2,ENSG00000114503,1949,992,10691,2.607436437109107,2.5648194962982473,0.3125770268186677,2.080845895979056,3.0643770523382736,0.3485841747480749,25,6.136119059358871,2.1902608361455904,46,6028.0,8.704336438489406
5499_NCKAP1_P1P2_ENSG00000061676,NCKAP1,ENSG00000061676,1322,70,10691,2.587974590939532,2.5393710219425185,0.26112426047911924,2.1707771754089094,2.883197428332079,0.39915736068050567,25,3.5686642660504457,,0,106.0,4.672828834461906
5503_NCL_P2_ENSG00000115053,NCL,ENSG00000115053,1435,152,10691,0.0,0.17029793024030673,0.3807058433729134,0.0,0.8381580935387939,0.0,25,0.0,,0,0.0,0.0
5504_NCL_P1_ENSG00000115053,NCL,ENSG00000115053,1435,146,10691,4.430024928261554,4.433697343747112,0.10628439370093576,4.269498618688731,4.563038098860495,0.20205232300384335,25,6.309972424246077,,0,239.0,5.480638923341991
5508_NCOA4_P1P2_ENSG00000266412,NCOA4,ENSG00000266412,4224,134,10691,1.0099550266778818,1.0350780729351594,0.8388725962311757,0.0,2.0705370573206654,1.485003844647695,25,2.5826062318826684,,0,2.0,1.0986122886681096
5518_NDC1_P1P2_ENSG00000058804,NDC1,ENSG00000058804,338,39,10691,2.3696176166785237,2.4020857225882604,0.2396392903310022,2.0112311896358532,2.755017938878417,0.28854842870041875,25,2.7996492744117547,,0,0.0,0.0
5519_NDC80_P1P2_ENSG00000080986,NDC80,ENSG00000080986,7059,214,10691,2.1420885974806336,2.102939943541458,0.4710936665270802,1.4080061649630486,2.809139196691561,0.6567142426781829,25,4.132044496131663,,2,1534.0,7.336285660021297
5531_NDUFA11_P1P2_ENSG00000174886,NDUFA11,ENSG00000174886,7257,80,10691,4.451283323292275,4.4339476091703744,0.08007525568655599,4.2941394347648085,4.541196673518995,0.08678001808213143,25,5.629906819115163,,0,2.0,1.0986122886681096
5535_NDUFA2_P1P2_ENSG00000131495,NDUFA2,ENSG00000131495,2524,187,10691,2.9479818130814968,2.864851096608725,0.4639910400636331,2.2944003224062235,3.388192009333885,0.3461212882584048,25,4.914461000727069,,0,1725.0,7.453561871643373
5537_NDUFA4_P1P2_ENSG00000189043,NDUFA4,ENSG00000189043,3160,86,10691,4.670334308825431,4.6678248873835955,0.06209231782767706,4.574819428081003,4.7482694622417005,0.08750797396551846,25,6.08521316792383,,0,3.0,1.3862943611198906
5539_NDUFA6_P1P2_ENSG00000184983,NDUFA6,ENSG00000184983,8251,169,10691,3.8800734244467,3.869828544389867,0.09388615759138656,3.6965941404764746,3.9921856915024736,0.14256869231744673,25,5.708058589435608,,0,63.0,4.1588830833596715
5541_NDUFA8_P1P2_ENSG00000119421,NDUFA8,ENSG00000119421,3995,109,10691,3.9953487298661665,3.9807365244925528,0.12714823746526135,3.745202109430648,4.173028609624208,0.09345539238174094,25,5.4330828226932875,,0,56.0,4.04305126783455
5543_NDUFAB1_P1P2_ENSG00000004779,NDUFAB1,ENSG00000004779,6281,160,10691,4.36343145940885,4.375004418930928,0.12310009812657823,4.235355283372188,4.576068809154941,0.10756364446116695,25,6.245892032872068,,1,570.0,6.3473892096560105
5546_NDUFAF3_P1P2_ENSG00000178057,NDUFAF3,ENSG00000178057,1624,81,10691,3.2489636226660084,3.2392309700403876,0.15501325722402132,2.992906043960321,3.439170789501589,0.16891227937654696,25,4.417486915252279,,0,3.0,1.3862943611198906
5551_NDUFB10_P1P2_ENSG00000140990,NDUFB10,ENSG00000140990,6154,154,10691,4.522742189226931,4.514835695606507,0.0712356023948229,4.3835259950616186,4.619265148905913,0.06868288458496696,25,6.3742102674224554,,0,56.0,4.04305126783455
5555_NDUFB3_P1P2_ENSG00000119013,NDUFB3,ENSG00000119013,1362,141,10691,3.9798673930927473,3.9672903851389805,0.13518525066681894,3.776230157296267,4.170962910578917,0.16966881448797988,25,5.622255224653099,,0,1.0,0.6931471805599453
5556_NDUFB4_P1P2_ENSG00000065518,NDUFB4,ENSG00000065518,1761,166,10691,4.000557697946673,3.9833463623565395,0.08777853577596359,3.798843509832358,4.0851561385343675,0.11451314485138786,25,5.850676312316398,,1,192.0,5.262690188904886
5558_NDUFB6_P1P2_ENSG00000165264,NDUFB6,ENSG00000165264,3838,190,10691,3.8581402464372303,3.852156292521932,0.16627020211334761,3.5836630770415723,4.0641398945458,0.1865818726062658,25,5.850639606137562,,0,24.0,3.2188758248682006
5559_NDUFB7_P1P2_ENSG00000099795,NDUFB7,ENSG00000099795,7380,74,10691,4.1502983014392605,4.147209639214515,0.12151440793686204,3.954341522840973,4.3127589865276414,0.16637401872255353,25,5.226691154147273,,0,1.0,0.6931471805599453
5560_NDUFB8_P1P2_ENSG00000166136,NDUFB8,ENSG00000166136,4352,193,10691,4.098909922318856,4.110163274020332,0.10858329868432325,3.9489492951925635,4.260914086764334,0.13166467818792515,25,6.140502475522725,,1,77.0,4.356708826689592
5567_NDUFS3_P1P2_ENSG00000213619,NDUFS3,ENSG00000213619,4591,112,10691,3.8620391617472847,3.8772438900038857,0.17228616541318098,3.6304602491528404,4.090498191312863,0.27967969658429537,25,5.328542207245924,,0,4.0,1.6094379124341003
5569_NDUFS5_P1_ENSG00000168653,NDUFS5,ENSG00000168653,247,103,10691,4.702155337771733,4.691954049215152,0.0439591139302158,4.627697105300325,4.752322632048529,0.053604099071829836,25,6.2744933950883786,,0,16.0,2.833213344056216
5570_NDUFS5_P2_ENSG00000168653,NDUFS5,ENSG00000168653,247,92,10691,0.5435086933864266,0.586309216072053,0.562381206798513,0.0,1.4730385538394337,1.0434865336123107,25,1.7579912485361184,,0,0.0,0.0
5583_NEDD1_P1P2_ENSG00000139350,NEDD1,ENSG00000139350,5223,142,10691,0.9420894153296734,0.9605998205503198,0.6531000357511411,0.0,1.919120560004611,0.9094781794425076,25,2.80264938180772,,0,132.0,4.890349128221754
5588_NEDD8_P1P2_ENSG00000129559,NEDD8,ENSG00000129559,5607,197,10691,4.557406435972872,4.566500940579426,0.06757816171179498,4.4735869137127064,4.665112238071412,0.10736232267273937,25,6.651813402881636,,1,1382.0,7.232010331664759
5598_NELFA_P1P2_ENSG00000185049,NELFA,ENSG00000185049,1976,89,10691,2.7314638830988325,2.6858973920542297,0.25146104911802675,2.153143578062467,2.9739219033523416,0.2454802695130187,25,3.991708744449564,,0,464.0,6.142037405587356
5599_NELFB_P1P2_ENSG00000188986,NELFB,ENSG00000188986,4127,140,10691,2.604599613986604,2.5868983524674865,0.21874817532511792,2.165958058671648,2.8670368365052914,0.193012091294261,25,4.211780456962266,,0,886.0,6.787844982309579
5600_NELFCD_P1P2_ENSG00000101158,NELFCD,ENSG00000101158,7943,201,10691,3.4633013778592345,3.4317168774997504,0.15342442882346766,3.1633169868143627,3.5927523253427043,0.242017187172622,25,5.422137973847978,,0,597.0,6.393590753950631
5601_NELFE_P1P2_ENSG00000204356,NELFE,ENSG00000204356,2798,74,10691,3.0004251232776737,2.980115749296503,0.23687977967999574,2.484067900154562,3.2943245132600287,0.29877558117409375,25,3.9744233389363712,,0,154.0,5.043425116919247
5602_NEMF_P1P2_ENSG00000165525,NEMF,ENSG00000165525,5667,63,10691,3.458702745338898,3.4607448163213803,0.0659740327979811,3.3721299590182454,3.5487573507450927,0.0619203056694686,25,4.340787037386975,,0,31.0,3.4657359027997265
5624_NFATC2IP_P1P2_ENSG00000176953,NFATC2IP,ENSG00000176953,6303,118,10691,3.0245189328101887,3.022574962094584,0.2522101105324561,2.699046369848239,3.3778151914169636,0.3584430584016052,25,4.548316035910987,,0,1.0,0.6931471805599453
5651_NFRKB_P1P2_ENSG00000170322,NFRKB,ENSG00000170322,4923,228,10691,2.296075021871357,2.2206290357658767,0.24325395594077043,1.6818390265063927,2.4845951129876402,0.3022478064499019,25,4.37174894710795,,2,800.0,6.68586094706836
5652_NFS1_P1P2_ENSG00000244005,NFS1,ENSG00000244005,7858,82,10691,1.703008774188744,1.4786990502471002,0.5930103105863119,0.3606745712193992,2.13279004495499,0.6886556355813507,25,2.7898180174679434,,0,329.0,5.799092654460526
5657_NFYB_P1P2_ENSG00000120837,NFYB,ENSG00000120837,5246,28,10691,1.5513429144704176,1.588401669937631,0.14323227164527214,1.4359451021587508,1.8353698328290524,0.16935996516129648,25,1.705515953884773,,0,1.0,0.6931471805599453
5665_NHLRC2_P1P2_ENSG00000196865,NHLRC2,ENSG00000196865,4395,91,10691,2.4163462304317282,2.394050744821352,0.09532467371666722,2.2334912504495477,2.5443332216485137,0.10907879040138369,25,3.615185333223526,,0,2.0,1.0986122886681096
5667_NHP2_P1P2_ENSG00000145912,NHP2,ENSG00000145912,2623,66,10691,3.874464551263782,3.90332076262684,0.1276987006544915,3.740280622473467,4.117678109692409,0.19987465063840704,25,4.893730136771984,,0,39.0,3.6888794541139363
5673_NIP7_P1P2_ENSG00000132603,NIP7,ENSG00000132603,6438,279,10691,3.420666653564779,3.3857079353946613,0.22560196180942582,3.0365566408593048,3.7555259028464145,0.3140360688129542,25,5.8047278850671,2.3800670304776497,4,1261.0,7.140453043101158
5680_NISCH_P1P2_ENSG00000010322,NISCH,ENSG00000010322,1673,144,10691,1.708722825310712,1.6901677759910216,0.4778482801988187,0.8413353080470731,2.170753277846812,0.6439412760646912,25,3.4832990023174304,,0,2.0,1.0986122886681096
5683_NKAP_P1P2_ENSG00000101882,NKAP,ENSG00000101882,8473,123,10691,2.9209023884524536,2.884709043131053,0.27981346018891096,2.4481540800616526,3.36223572770979,0.24319688938542816,25,4.383780009200153,,0,1507.0,7.318539548567902
5702_NLE1_P1P2_ENSG00000073536,NLE1,ENSG00000073536,6704,413,10691,2.2756512707785825,2.220022044856715,0.2617092020110834,1.779285732837798,2.6038442214362476,0.3621216944183434,25,5.023756684146041,1.3506707063205399,15,2322.0,7.750614732770409
5707_NMD3_P1P2_ENSG00000169251,NMD3,ENSG00000169251,1870,64,10691,2.3968498863824728,2.4135383996150397,0.24282740101499428,2.0533014428030754,2.7812255093971,0.3688839792886127,25,3.356584501261214,,0,199.0,5.298317366548036
5726_NOB1_P1P2_ENSG00000141101,NOB1,ENSG00000141101,6443,53,10691,3.0512264784626266,3.054252375630589,0.14376549992874949,2.795814290757705,3.2710406362918087,0.171650330668486,25,3.80904691763718,,0,120.0,4.795790545596741
5729_NOC2L_P1P2_ENSG00000188976,NOC2L,ENSG00000188976,2,28,10691,3.6018068479508796,3.605771413094019,0.06723042410700311,3.5331700826758876,3.717501926899267,0.08502605406103791,25,3.684982458824974,,0,38.0,3.6635616461296463
5730_NOC3L_P1P2_ENSG00000173145,NOC3L,ENSG00000173145,4322,83,10691,2.7422325165992745,2.6270927901254373,0.3303364859393075,2.114252018532799,3.0389535531942844,0.45702531176665717,25,3.927425146649734,,0,330.0,5.802118375377063
5731_NOC4L_P1P2_ENSG00000184967,NOC4L,ENSG00000184967,5381,34,10691,2.837463211179292,2.8566464570885763,0.1417407228490601,2.6908179725643033,3.1240547488966017,0.15015932717124825,25,3.0616852133679333,,0,294.0,5.68697535633982
5733_NOL11_P1P2_ENSG00000130935,NOL11,ENSG00000130935,6929,271,10691,3.617898069152413,3.6171660990617496,0.1345446244348612,3.4648441050972223,3.8244215595829405,0.18421699913412493,25,5.883938849592346,2.4433197513438456,8,2513.0,7.829630389150193
5734_NOL12_P1P2_ENSG00000273899,NOL12,ENSG00000273899,8202,93,10691,2.714988054715355,2.724946731513884,0.21487589765920292,2.392183561330987,3.0517188230918415,0.21757382907061862,25,3.9085978876537606,,0,309.0,5.736572297479192
5735_NOL6_P1P2_ENSG00000165271,NOL6,ENSG00000165271,3846,114,10691,0.8007455114881514,0.8285945825225418,0.5462250754654183,0.0,1.6848785785891771,0.809750502267891,25,2.1990279910166453,,0,2056.0,7.6290038896529575
5736_NOL7_P1P2_ENSG00000225921,NOL7,ENSG00000225921,2688,73,10691,3.6858856598440233,3.6931626725871047,0.21896618733740064,3.3657550063909354,3.9761667875880846,0.3947187777051311,25,4.803129273441056,,0,41.0,3.7376696182833684
5737_NOL8_P1P2_ENSG00000198000,NOL8,ENSG00000198000,3916,79,10691,3.661672349554353,3.6504932872670635,0.13322915173604957,3.509508746804137,3.8536757265817028,0.1988079385093533,25,4.737831894530507,,0,340.0,5.831882477283517
5738_NOL9_P1P2_ENSG00000162408,NOL9,ENSG00000162408,40,33,10691,2.9100669968406496,2.9276722322465023,0.08241031271767481,2.839267837542883,3.094801775340092,0.10273547306808384,25,3.1340734847733667,,0,17.0,2.8903717578961645
5739_NOLC1_P1P2_ENSG00000166197,NOLC1,ENSG00000166197,4365,119,10691,4.131710387320746,4.123934805135191,0.12394191422686215,3.983718334257383,4.2788352230213125,0.1614224834877085,25,5.650954577192899,,0,52.0,3.970291913552122
5740_NOM1_P1P2_ENSG00000146909,NOM1,ENSG00000146909,3512,80,10691,2.714306659828792,2.7134191584853937,0.2512703855594149,2.211154398597649,3.0689724683662334,0.23793430209363198,25,3.9023607856099347,,0,298.0,5.700443573390686
5745_NOP10_P1P2_ENSG00000182117,NOP10,ENSG00000182117,5858,147,10691,4.06000723290703,4.048040944227405,0.15647934234593747,3.72966446346174,4.237143377728401,0.18282514657856375,25,5.798790985788109,,1,351.0,5.863631175598097
5746_NOP14_P1P2_ENSG00000087269,NOP14,ENSG00000087269,1987,47,10691,3.4437224697621516,3.444256047166007,0.13297221155979327,3.280994378564537,3.686343350777629,0.14959683846667504,25,4.023460802604401,,0,281.0,5.641907070938114
5747_NOP16_P1P2_ENSG00000048162,NOP16,ENSG00000048162,2600,149,10691,3.425024507088764,3.4043650352344788,0.20657563397867987,3.043610572992946,3.699960551974564,0.2946688043908616,25,5.252096217709571,,0,1136.0,7.036148493750536
5748_NOP2_P1P2_ENSG00000111641,NOP2,ENSG00000111641,4951,58,10691,2.4799042446454207,2.501289082512332,0.15718493985837798,2.2248555064714037,2.718863246784796,0.2204926390269999,25,3.2857094632198023,,0,768.0,6.645090969505644
5749_NOP56_P1P2_ENSG00000101361,NOP56,ENSG00000101361,7757,99,10691,0.2688236850252502,0.5181704282179213,0.5985565146966713,0.0,1.6056663232071895,0.9478364309767748,25,0.9439757069080708,,0,0.0,0.0
5750_NOP58_P1P2_ENSG00000055044,NOP58,ENSG00000055044,1370,55,10691,3.685773914504847,3.6746523592853975,0.15838338008330488,3.472312696022964,3.9180582679164226,0.21233690740900624,25,4.419029301143738,,0,408.0,6.013715156042802
5751_NOP9_P1P2_ENSG00000196943,NOP9,ENSG00000196943,5612,78,10691,0.9643127586465448,0.9016563908779848,0.6602604460699205,0.0,1.9934471941182106,0.6647744307259187,25,2.0223634463919486,,0,1.0,0.6931471805599453
5766_NPEPPS_P1P2_ENSG00000141279,NPEPPS,ENSG00000141279,6824,153,10691,0.0,0.2830104952762746,0.6485210058298005,0.0,1.3513370236500504,0.013929506802159111,25,1.0896355338413752,,0,47.0,3.8712010109078907
5768_NPLOC4_P1P2_ENSG00000182446,NPLOC4,ENSG00000182446,7012,60,10691,2.3990996811211285,2.3408592508303694,0.32496624547736563,1.829466386739405,2.7700614227154885,0.5631032549244377,25,3.1765485258170525,,0,1243.0,7.126087273299125
5770_NPM1_P1P2_ENSG00000181163,NPM1,ENSG00000181163,2585,27,10691,4.471062145360684,4.468227273924052,0.019806492051666055,4.43817734799948,4.4998947835225245,0.026017267535859645,25,4.86912648021514,,0,1.0,0.6931471805599453
5771_NPM3_P1P2_ENSG00000107833,NPM3,ENSG00000107833,4361,62,10691,3.7017669921758154,3.6878543227928855,0.09380172051542712,3.528346810573008,3.803456023180918,0.10786608825885668,25,4.547699639995068,,0,1.0,0.6931471805599453
5789_NR2C2AP_P1P2_ENSG00000184162,NR2C2AP,ENSG00000184162,7437,86,10691,0.8702437775309683,0.9424994472602802,0.7044060097197866,0.0,1.9277963368767574,1.244881755916029,25,2.3178249711393297,,0,1.0,0.6931471805599453
579_ASF1B_P1P2_ENSG00000105011,ASF1B,ENSG00000105011,7372,284,10691,2.5149324741625088,2.4593598332032895,0.2704114425579921,1.8644965504121995,2.75650991396051,0.2692754299766089,25,4.883861710533431,,2,3.0,1.3862943611198906
5809_NRBP1_P1P2_ENSG00000115216,NRBP1,ENSG00000115216,961,63,10691,2.296091239559668,2.370729550424319,0.16310537954663684,2.163858535444152,2.6066394787646576,0.27152252940581656,25,3.288932930491037,,0,333.0,5.8111409929767
5810_NRDE2_P1P2_ENSG00000119720,NRDE2,ENSG00000119720,5782,504,10691,1.8768330537852582,1.7415696469362423,0.3380042835077923,1.092264199075487,2.063920563505264,0.38013459444303366,25,4.73410069539125,0.8686027779439872,29,3286.0,8.097730573664219
5821_NSA2_P1P2_ENSG00000164346,NSA2,ENSG00000164346,2381,114,10691,3.4762245957255926,3.477305991493353,0.21221937009656897,3.129609171793867,3.7727863753707798,0.24938232971646102,25,5.011994016597928,,0,93.0,4.543294782270004
5825_NSF_ENST00000398238.4_ENSG00000073969,NSF,ENSG00000073969,6818,165,10691,2.154917572349199,2.071396399648928,0.4263215432951304,1.5181241760226927,2.5581835973537803,0.5696959312457508,25,3.890761124097563,,0,3.0,1.3862943611198906
5826_NSL1_P1P2_ENSG00000117697,NSL1,ENSG00000117697,780,72,10691,3.3258437599572614,3.2753508625521004,0.21317490925140495,2.8702886603104267,3.571102072492414,0.23086125162593296,25,4.239139066178714,,0,1.0,0.6931471805599453
5828_NSMCE1_P1P2_ENSG00000169189,NSMCE1,ENSG00000169189,6291,61,10691,2.751817797767497,2.7943286732152344,0.12688908330225152,2.645382672785184,2.9930971246543647,0.19676419425717162,25,3.639404449046178,,0,1.0,0.6931471805599453
5829_NSMCE2_P1P2_ENSG00000156831,NSMCE2,ENSG00000156831,3758,118,10691,2.4436959506484794,2.4013523979567144,0.2719477116754477,1.887387188048467,2.736071872030219,0.3271272299115182,25,3.948185119755677,,0,1.0,0.6931471805599453
5832_NSRP1_P1P2_ENSG00000126653,NSRP1,ENSG00000126653,6684,237,10691,2.373301573197118,2.225877214260932,0.4199639739922199,1.4764909319683035,2.6899390700699786,0.46995276234761496,25,4.477631508817339,0.895098100307004,3,2987.0,8.002359546252707
5834_NSUN4_P1P2_ENSG00000117481,NSUN4,ENSG00000117481,309,156,10691,2.53850433856871,2.5125989721214044,0.21943114572622507,2.1411025883832955,2.7679609773309246,0.34508069737504865,25,4.269470296644097,,0,5.0,1.791759469228055
5852_NUBP1_P1P2_ENSG00000103274,NUBP1,ENSG00000103274,6230,152,10691,1.8179217374986194,1.627891394860303,0.6409327081885288,0.3507282156372951,2.3062537867744792,0.8565453262705454,25,3.5287639362154763,,1,159.0,5.075173815233827
5853_NUBP2_P1P2_ENSG00000095906,NUBP2,ENSG00000095906,6149,153,10691,3.261081948636838,3.1881243148703673,0.28472070034191155,2.6387516368919464,3.5057501199490306,0.46719301889860887,25,4.954707882375782,,0,9.0,2.302585092994046
585_GET3_P1P2_ENSG00000198356,GET3,ENSG00000198356,7347,121,10691,2.9195212306878293,2.8381486219765732,0.23869087088250732,2.488670677153853,3.145371612400036,0.2886068769524419,25,4.412662717247329,,0,3.0,1.3862943611198906
5860_NUDCD3_P1P2_ENSG00000015676,NUDCD3,ENSG00000015676,3224,112,10691,2.1520307063785253,2.139579797186089,0.30629671554717874,1.6384469002612652,2.5149998634858037,0.5234054102522261,25,3.6247047720245194,,0,614.0,6.421622267806518
5861_NUDC_P1P2_ENSG00000090273,NUDC,ENSG00000090273,153,117,10691,4.538242350744541,4.498897883021588,0.10842917985918367,4.304672814535897,4.639301723752562,0.16765616347041234,25,6.10321978849463,,0,151.0,5.0238805208462765
5869_NUDT21_P1P2_ENSG00000167005,NUDT21,ENSG00000167005,6376,67,10691,3.0507219797114518,3.031235919463534,0.21258186149027314,2.6841704686251395,3.3301541383620954,0.15864515852601313,25,4.029800003829023,,0,1054.0,6.961296045910167
5878_NUF2_P1P2_ENSG00000143228,NUF2,ENSG00000143228,657,503,10691,2.0373940400872805,1.8947272116434402,0.6521370896469748,0.662099689857653,2.6949238898547496,0.5768483324678906,25,4.957743277232343,1.0607022626092604,28,1063.0,6.96979066990159
5879_NUFIP1_P1P2_ENSG00000083635,NUFIP1,ENSG00000083635,5456,63,10691,2.3183214713883142,2.3400510257069618,0.30681855796279606,1.783630735386119,2.7571151106133946,0.4396697183670657,25,3.3053434266167985,,0,82.0,4.418840607796598
5881_NUMA1_ENST00000393695.3_ENSG00000137497,NUMA1,ENSG00000137497,4772,284,10691,1.1140410994698537,1.086913052064123,0.7671683547802169,0.0,2.024708911878168,1.3815077983955955,25,3.6250135786354596,0.7788534896898565,9,1289.0,7.162397497355718
5885_NUP107_P1P2_ENSG00000111581,NUP107,ENSG00000111581,5176,316,10691,2.9777850129164394,2.987748284216922,0.40252036742553216,2.3940829967305977,3.426565157306185,0.5572910920146894,25,5.437600172111485,1.827943961388685,5,2729.0,7.912056888179006
5886_NUP133_P1P2_ENSG00000069248,NUP133,ENSG00000069248,836,79,10691,2.722367330706246,2.690205791991854,0.2978792042489859,2.1325528865500294,3.087896093227101,0.3593024539026999,25,3.8778432092619934,,0,151.0,5.0238805208462765
5887_NUP153_P1P2_ENSG00000124789,NUP153,ENSG00000124789,2696,86,10691,2.7433468833476433,2.757827613857527,0.31267207129217406,2.255762831867305,3.314281266509987,0.4475208967606963,25,3.940731644283292,,0,31.0,3.4657359027997265
5889_NUP160_P1P2_ENSG00000030066,NUP160,ENSG00000030066,4596,291,10691,2.6715076115251946,2.5600008666718783,0.4514042095154044,1.7783301813881365,3.0580354960017067,0.5597074087286344,25,4.970995703286146,,2,1141.0,7.040536390215956
5891_NUP205_P1P2_ENSG00000155561,NUP205,ENSG00000155561,3446,735,10691,1.144728695710297,1.1410727807964967,0.7817336407083105,0.0,2.3407704174574904,1.1298297126290722,25,4.295068645512321,0.6245386798724305,43,7.0,2.0794415416798357
5893_NUP214_P1P2_ENSG00000126883,NUP214,ENSG00000126883,4069,132,10691,4.193164033872492,4.1718395588022075,0.12429022718666824,3.9938725541983984,4.300731418956279,0.20605038296804867,25,5.828791985630503,,0,20.0,3.044522437723423
5894_NUP35_P1P2_ENSG00000163002,NUP35,ENSG00000163002,1323,64,10691,2.025027749619541,1.934544193444912,0.18907332085928064,1.6779420066185602,2.142943944360852,0.33222620114773016,25,2.8308834030681274,,0,10.0,2.3978952727983707
5896_NUP43_P1P2_ENSG00000120253,NUP43,ENSG00000120253,3075,29,10691,2.5092099713303733,2.5067850424541946,0.10570362728264722,2.3791196210370344,2.6894748245189755,0.09705654923219953,25,2.5718584413240984,,0,20.0,3.044522437723423
5898_NUP54_P1P2_ENSG00000138750,NUP54,ENSG00000138750,2091,291,10691,3.1104396310616793,3.0718781783516897,0.16095730311555712,2.7881503101852196,3.256791441998928,0.2228735617258062,25,5.413536293877394,1.8680453331230964,3,2575.0,7.853993087224244
5900_NUP62_P1P2_ENSG00000213024,NUP62,ENSG00000213024,7658,99,10691,3.1388679446633625,3.147962442521545,0.2336305264589932,2.7739504291816712,3.4389926158547244,0.3883714442784387,25,4.584522581007063,,0,1722.0,7.45182223652793
5901_NUP85_P1P2_ENSG00000125450,NUP85,ENSG00000125450,6950,111,10691,2.4215887035065027,2.378111530331136,0.24085531659350082,2.0293559291548493,2.662875772217993,0.3146175162899212,25,3.804801109083421,,0,860.0,6.7580945044277305
5902_NUP88_P1P2_ENSG00000108559,NUP88,ENSG00000108559,6574,36,10691,2.4837264781399075,2.5019004097138224,0.1331832042570332,2.2861872281494944,2.690695109335317,0.23771364898785308,25,2.782210772790485,,0,387.0,5.961005339623274
5903_NUP93_P1P2_ENSG00000102900,NUP93,ENSG00000102900,6382,159,10691,0.030208669702105173,0.5631854402595493,0.6741808626623472,0.0,1.6134508508546508,1.2141741679730664,25,1.667383433958453,,0,0.0,0.0
5904_NUP98_P1P2_ENSG00000110713,NUP98,ENSG00000110713,4478,510,10691,1.5099857076219991,1.4139788352533582,0.6437350444195781,0.07854118938326356,2.2833006145026493,0.7182994178698383,25,4.551019825134751,0.9633686576293127,29,3000.0,8.006700845440367
5906_NUS1_P1P2_ENSG00000153989,NUS1,ENSG00000153989,3019,125,10691,0.0,0.15432549089157901,0.34248976133307474,0.0,0.7254661118311874,0.0,25,0.0,,0,1.0,0.6931471805599453
5908_NUTF2_P1P2_ENSG00000102898,NUTF2,ENSG00000102898,6424,67,10691,3.100528386088199,3.0311718119271465,0.2960664722915558,2.463401491795807,3.3180975004633595,0.18329407746769943,25,4.063001915692271,,0,680.0,6.523562306149512
5909_NVL_P1P2_ENSG00000143748,NVL,ENSG00000143748,805,110,10691,2.7614131613264346,2.690667884981015,0.1829569320892224,2.358320033569082,2.8696951073232038,0.2432944285879497,25,4.046122647231106,,0,348.0,5.855071922202427
5911_NXF1_P2_ENSG00000162231,NXF1,ENSG00000162231,4654,238,10691,0.0,0.20310239799280846,0.3808155533407259,0.0,1.007359706796481,0.18134601506519585,25,0.0,,2,0.0,0.0
5928_OGFOD1_P1P2_ENSG00000087263,OGFOD1,ENSG00000087263,6377,114,10691,2.8474240060264915,2.8189918787022386,0.2715204833961863,2.4952035093923755,3.2144529814720384,0.3355347763136969,25,4.2552573754028895,,0,872.0,6.771935555839602
5933_OGT_P1P2_ENSG00000147162,OGT,ENSG00000147162,8409,31,10691,2.8114011593269064,2.8042743377896953,0.05408047533678825,2.729770844235364,2.87796970461708,0.06898017444245763,25,2.9512137832509295,,0,243.0,5.497168225293202
5934_OIP5_P1P2_ENSG00000104147,OIP5,ENSG00000104147,5883,137,10691,1.7837291921560388,1.6974054938015413,0.42239333550693314,1.0718133348309447,2.1993757727972296,0.469678559960103,25,3.53329073768286,,0,4.0,1.6094379124341003
5944_OPA1_P1P2_ENSG00000198836,OPA1,ENSG00000198836,1929,60,10691,3.238223541849251,3.2290777457438002,0.18351623910769302,2.9679375677067026,3.492370580031312,0.24257208003173014,25,4.119140548359168,,0,97.0,4.584967478670572
5965_ORC1_P1P2_ENSG00000085840,ORC1,ENSG00000085840,327,530,10691,2.493993149375467,2.497932139393955,0.3146066214504562,1.9509834031674909,2.957544322335107,0.47043755207377025,25,5.469454148364818,1.620754377225826,30,1445.0,7.27655640271871
5967_ORC3_P1P2_ENSG00000135336,ORC3,ENSG00000135336,2958,181,10691,2.7914144781124555,2.75636182014932,0.19103680254107158,2.5063249204900133,2.971480924205926,0.24139758569388858,25,4.696929632997699,,0,3.0,1.3862943611198906
5968_ORC4_P1P2_ENSG00000115947,ORC4,ENSG00000115947,1253,95,10691,2.523434225088846,2.5739065558751584,0.24862283178822958,2.2233073165529254,2.935950936265348,0.37006637874111226,25,3.879861953824923,,0,6.0,1.9459101490553132
5969_ORC5_P1P2_ENSG00000164815,ORC5,ENSG00000164815,3380,89,10691,2.1903753517091524,2.1782326734357693,0.07933460874158002,2.017569963237132,2.284006065395049,0.07766213714142234,25,3.3936578125628976,,0,78.0,4.3694478524670215
5970_ORC6_P1P2_ENSG00000091651,ORC6,ENSG00000091651,6354,81,10691,3.295951348586195,3.2670736404069696,0.20463747804111737,2.9495196105555763,3.5172517099643716,0.30666109432767463,25,4.316503768042032,,0,35.0,3.58351893845611
5983_OSBP_P1P2_ENSG00000110048,OSBP,ENSG00000110048,4611,65,10691,2.2814162038645005,2.23238249602641,0.33870341279211613,1.6636602018381035,2.601114209672791,0.5870664345934933,25,3.19192789236626,,0,1.0,0.6931471805599453
5985_OSGEP_P1P2_ENSG00000092094,OSGEP,ENSG00000092094,5561,70,10691,2.9434315081680404,2.9807970048525623,0.24032870689357533,2.6667509940801795,3.359532030527269,0.3399426604670768,25,3.954651462218498,,0,2.0,1.0986122886681096
5990_OSTC_P1P2_ENSG00000198856,OSTC,ENSG00000198856,2152,235,10691,4.014516978272442,4.004215317598103,0.151721647949363,3.7439157820772277,4.186354405250377,0.23254702458907284,25,6.249263489316146,3.22239349382059,3,17.0,2.8903717578961645
6006_OXA1L_P1P2_ENSG00000155463,OXA1L,ENSG00000155463,5578,344,10691,3.322035615751383,3.267901309822532,0.24665370080272325,2.8344715691962445,3.584301339355057,0.17783245777129153,25,5.850687789179741,2.428483820502873,7,2276.0,7.7306140660637395
6026_PABPN1_P1P2_ENSG00000100836,PABPN1,ENSG00000100836,5591,148,10691,3.627817084578705,3.579427964679574,0.2871477465501614,2.929876954157212,3.8823695993695364,0.34519318995321946,25,5.3747697128005685,,0,1208.0,7.097548850614793
6032_PAF1_P1P2_ENSG00000006712,PAF1,ENSG00000006712,7527,238,10691,2.1452168550516153,2.0880348851920036,0.3779441131231901,1.4603410965640395,2.521165584856204,0.28447219482724595,25,4.378561329888702,,2,6021.0,8.70317470904168
6033_PAFAH1B1_P1P2_ENSG00000007168,PAFAH1B1,ENSG00000007168,6549,126,10691,2.6993860084951242,2.652339488009178,0.35660272417554273,2.097617456178412,3.1619249620430803,0.5496236938750805,25,4.21396931528598,,0,1.0,0.6931471805599453
6047_PALB2_P1P2_ENSG00000083093,PALB2,ENSG00000083093,6282,97,10691,1.9801109442489393,1.8757281629218712,0.29031909510589515,1.4190247860582998,2.189078165575591,0.3853984343503025,25,3.1779369450414783,,0,0.0,0.0
6050_PAM16_P1P2_ENSG00000217930,PAM16,ENSG00000217930,6205,56,10691,3.7003990622881555,3.668806137317351,0.13855034594169996,3.4529820508413067,3.854520852632657,0.1873641823525669,25,4.469188060354511,,0,873.0,6.773080375655535
6073_PARN_P1P2_ENSG00000140694,PARN,ENSG00000140694,6244,123,10691,2.4371067845444125,2.4136908045113605,0.22719949087498661,2.037965246187311,2.71164702047023,0.2556918032328017,25,3.9435211500698917,,0,44.0,3.8066624897703196
607_ATF4_P1P2_ENSG00000128272,ATF4,ENSG00000128272,8225,72,10691,3.565439466694273,3.5424648153055283,0.21128956013858047,3.1365649579428916,3.774263660095589,0.22779072702126868,25,4.6263648384957685,,0,56.0,4.04305126783455
6081_PARS2_P1P2_ENSG00000162396,PARS2,ENSG00000162396,348,66,10691,1.5553070596565086,1.5342056794746832,0.10827921913750367,1.3317528372127607,1.6751031568059611,0.11214834465391021,25,2.462805818291993,,0,6.0,1.9459101490553132
608_ATF5_P1P2_ENSG00000169136,ATF5,ENSG00000169136,7659,141,10691,1.3521234622679132,1.1883352355384655,0.586903728143024,0.012946325392412129,1.9074000582383046,0.5166942146008506,25,2.963529966274424,,0,2083.0,7.642044402873258
6098_PAXBP1_P1P2_ENSG00000159086,PAXBP1,ENSG00000159086,8011,129,10691,3.130722732466733,3.125650234173013,0.19670499029251334,2.826170840239356,3.421119689194066,0.28922712102466885,25,4.751861769988346,,0,919.0,6.824373670043086
6110_PCBP1_P1P2_ENSG00000169564,PCBP1,ENSG00000169564,1079,108,10691,4.1476272981205184,4.1527712096990514,0.13783372266197022,3.979898307322105,4.42292052399055,0.1494606689958431,25,5.605936404630379,,0,199.0,5.298317366548036
6111_PCBP2_P1_ENSG00000197111,PCBP2,ENSG00000197111,5092,110,10691,3.6671488725257024,3.6215339373869178,0.24185333054616603,3.2215018644084292,3.863453205434957,0.2083293482557198,25,5.197119020920538,,0,36.0,3.6109179126442243
6112_PCBP2_P2_ENSG00000197111,PCBP2,ENSG00000197111,5092,62,10691,0.08455623801167438,0.36474760994087985,0.4700482249344355,0.0,1.1778456414370515,0.7594355741749432,25,0.32563407714129844,,0,1.0,0.6931471805599453
6119_PCF11_P1P2_ENSG00000165494,PCF11,ENSG00000165494,4814,499,10691,2.0828952911129655,1.9548526559997739,0.5905955171304839,1.1223357000817673,2.6159187935968,0.9258760317430961,25,4.790849001514742,1.1193081148125932,31,5083.0,8.533853632309345
6127_PCID2_P1_ENSG00000126226,PCID2,ENSG00000126226,5546,162,10691,3.149328459300377,3.121953815035562,0.18715328692322164,2.8895141432317724,3.3761483384701902,0.2148333954950239,25,4.941189170955329,,0,87.0,4.477336814478207
6128_PCID2_P2_ENSG00000126226,PCID2,ENSG00000126226,5546,145,10691,0.0,0.08321272925604356,0.29420086105056825,0.0,0.4846365005017311,0.0,25,0.0,,1,0.0,0.0
6135_PCNA_P1P2_ENSG00000132646,PCNA,ENSG00000132646,7777,132,10691,3.276136391584944,3.2729940518130034,0.2570750222409672,2.978416725328906,3.659144552259844,0.33134268662441135,25,4.940888731792219,,0,1805.0,7.498869733976931
6150_PDAP1_P1P2_ENSG00000106244,PDAP1,ENSG00000106244,3327,50,10691,3.9236110623443956,3.9465207556678465,0.10397755721438487,3.8170230997295524,4.097264813479504,0.14856315409348575,25,4.643980281235732,,0,152.0,5.030437921392435
6152_PDCD11_P1P2_ENSG00000148843,PDCD11,ENSG00000148843,4379,98,10691,3.4291935902029347,3.4103353629932305,0.10106299017745096,3.2224441569341664,3.5440512159389685,0.13169153580144766,25,4.754070432463531,,0,1881.0,7.540090320145325
6154_PDCD2_P1P2_ENSG00000071994,PDCD2,ENSG00000071994,3116,74,10691,3.6425759337109005,3.621026673016866,0.16183005830257877,3.3636828941335026,3.8252141754198137,0.22789146457898957,25,4.687686419908044,,0,107.0,4.68213122712422
6157_PDCD5_P1P2_ENSG00000105185,PDCD5,ENSG00000105185,7467,194,10691,4.242997408743172,4.226950324846357,0.1461979540222386,3.9962129069865493,4.40557307799841,0.1499828003521717,25,6.282495885387045,,0,4.0,1.6094379124341003
6158_PDCD6IP_P1P2_ENSG00000170248,PDCD6IP,ENSG00000170248,1556,257,10691,3.6166531317202377,3.534313697384194,0.24170277699424603,3.086449682260398,3.8013583414755336,0.28645151997817075,25,5.862427746280021,2.803129084649716,5,1.0,0.6931471805599453
6159_PDCD6_P1P2_ENSG00000249915,PDCD6,ENSG00000249915,2257,203,10691,4.15280332461881,4.166695841779793,0.1438080151580604,3.8951916834448883,4.339593854217448,0.21186125180520055,25,6.220399691735351,,1,2.0,1.0986122886681096
6160_PDCD7_P1P2_ENSG00000090470,PDCD7,ENSG00000090470,5975,99,10691,3.1274814947736447,3.0803758589850525,0.22137269760672995,2.825303092210052,3.4070452170730854,0.3134272550927908,25,4.382239382075173,,0,243.0,5.497168225293202
6193_PDPK1_P1P2_ENSG00000140992,PDPK1,ENSG00000140992,6178,80,10691,2.491257528105015,2.405391409052749,0.15306385294517974,2.1666573443121737,2.561546330807072,0.2597048434602147,25,3.4849142387050613,,0,41.0,3.7376696182833684
6195_PDRG1_P1P2_ENSG00000088356,PDRG1,ENSG00000088356,7822,116,10691,2.7950283775856657,2.7746494703347464,0.20821607238906,2.417425939731394,3.0510937588977503,0.23654596280910578,25,4.302954144225353,,0,341.0,5.834810737062605
6210_PEF1_P1P2_ENSG00000162517,PEF1,ENSG00000162517,183,48,10691,2.9109131835172493,2.9253076145310764,0.19626968373144532,2.6815372578882353,3.2290441556669665,0.23492777640275309,25,3.4936611681478826,,0,2.0,1.0986122886681096
6213_PELO_P2_ENSG00000152684,PELO,ENSG00000152684,2326,121,10691,0.0,0.21081634842892147,0.5023313692079542,0.0,1.5213566166146928,0.0,25,0.0,,1,1.0,0.6931471805599453
6214_PELO_P1_ENSG00000152684,PELO,ENSG00000152684,2326,165,10691,2.2344756486953066,2.1465067135661746,0.3319733106996683,1.5852885562193184,2.569531468551994,0.4777454760438056,25,4.0923275446339185,,0,1670.0,7.421177528595393
6215_PELP1_P1P2_ENSG00000141456,PELP1,ENSG00000141456,6562,69,10691,2.546001696849964,2.484043774676512,0.3327054277711314,1.943811958844642,2.9397518126042295,0.5630190353007363,25,3.448150398937851,,0,326.0,5.7899601708972535
6219_PES1_P1P2_ENSG00000100029,PES1,ENSG00000100029,8169,65,10691,3.042204739876058,2.9964504142756714,0.2095132948714351,2.618876632732057,3.2441641023191163,0.24007788173499556,25,3.8960952515959493,,0,423.0,6.049733455231958
6221_PET117_P1P2_ENSG00000232838,PET117,ENSG00000232838,7799,83,10691,1.9290725522684191,1.844838118791233,0.3542594530240697,1.095018077720418,2.2547463586664107,0.3663571506133607,25,3.0217922310435363,,0,74.0,4.31748811353631
6229_PEX1_P1P2_ENSG00000127980,PEX1,ENSG00000127980,3310,53,10691,1.712198095974827,1.548486829951041,0.47212316893540646,0.7967891237335971,2.160096165145635,0.6207759150779317,25,2.182911613440243,,0,22.0,3.1354942159291497
6237_PFDN1_P1P2_ENSG00000113068,PFDN1,ENSG00000113068,2519,34,10691,3.0651337744761893,3.0709137633766965,0.11956032388872419,2.928773905488834,3.2714952984399845,0.18105649480651076,25,3.3194415844645095,,0,2.0,1.0986122886681096
6238_PFDN2_P1P2_ENSG00000143256,PFDN2,ENSG00000143256,641,86,10691,4.3125554140138425,4.29570428677573,0.11375047666949202,4.118831065768441,4.482917897047204,0.15560275083889774,25,5.554167436307562,,0,996.0,6.904750769961838
6239_PFDN4_P1P2_ENSG00000101132,PFDN4,ENSG00000101132,7930,34,10691,3.3498607009927266,3.348749546956974,0.049785502764550855,3.2658542190041437,3.4186218461064932,0.06926732418839032,25,3.5961578765386815,,0,1.0,0.6931471805599453
6240_PFDN5_P1P2_ENSG00000123349,PFDN5,ENSG00000123349,5087,110,10691,4.495957248439265,4.523494809606239,0.10339669583362088,4.396031752710164,4.69737760470888,0.15687951345537865,25,6.139474144689458,,0,1.0,0.6931471805599453
6241_PFDN6_P1P2_ENSG00000204220,PFDN6,ENSG00000204220,2817,115,10691,3.488450866100626,3.50303903871729,0.17625463185036672,3.3165910627247834,3.8083232561780176,0.2230791531314642,25,4.9807701451142385,,0,5.0,1.791759469228055
6249_PFN1_P1P2_ENSG00000108518,PFN1,ENSG00000108518,6568,259,10691,4.565502789511653,4.5592902786544975,0.07881176347342694,4.432196756241014,4.681873454361635,0.07901039975737945,25,6.895315176966187,,0,61.0,4.127134385045092
6250_PGAM1_P1P2_ENSG00000171314,PGAM1,ENSG00000171314,4336,160,10691,3.9727724016874895,3.919763732180462,0.1575659815673755,3.561160645349817,4.093098547345101,0.12320415526271988,25,5.75912575905075,,1,119.0,4.787491742782046
6256_PGD_P1P2_ENSG00000142657,PGD,ENSG00000142657,62,115,10691,3.509713144862018,3.50610877548475,0.18945683978218095,3.1630441940408223,3.787853296982807,0.2382660304996853,25,5.087111589277905,,0,431.0,6.068425588244111
6258_PGK1_P1P2_ENSG00000102144,PGK1,ENSG00000102144,8425,33,10691,4.321883705837244,4.3222034927644435,0.05314085927488803,4.236638055870897,4.395960781451848,0.03626427697078505,25,4.664288522604342,,0,1.0,0.6931471805599453
6263_PGPEP1_P1P2_ENSG00000130517,PGPEP1,ENSG00000130517,7419,52,10691,2.5962887429455757,2.6152689690932243,0.120836405234266,2.4560316295253606,2.7714965607110225,0.16326198442943474,25,3.3359035015606193,,0,153.0,5.0369526024136295
6268_PGS1_P1P2_ENSG00000087157,PGS1,ENSG00000087157,6992,104,10691,1.8932942495825424,1.785365078312585,0.21164265223852485,1.4063323294360848,1.9846618113517056,0.38323816780218256,25,3.24223113010511,,0,1.0,0.6931471805599453
6273_PHAX_P2_ENSG00000164902,PHAX,ENSG00000164902,2461,160,10691,0.0,0.24392726659587288,0.38450127608677076,0.0,0.9408514894107097,0.4148817686634314,25,0.0,,0,0.0,0.0
6274_PHAX_P1_ENSG00000164902,PHAX,ENSG00000164902,2461,252,10691,2.8278090453685945,2.718619811654532,0.3095655850024204,2.123371839911155,3.0822786681650993,0.328591857445963,25,5.000037775416993,1.8739031389143488,4,2968.0,7.99598047476376
6275_PHB2_P1P2_ENSG00000215021,PHB2,ENSG00000215021,4963,415,10691,3.7596571575140447,3.7637555764218744,0.27259099966563427,3.3375250736401365,4.113633657635226,0.40708802384666276,25,6.552437970977216,2.858980460505779,16,6014.0,8.70201162840878
6276_PHB_P1P2_ENSG00000167085,PHB,ENSG00000167085,6845,256,10691,4.302237589123619,4.3048787487320705,0.17872661720159175,4.047275246703879,4.5448732366902,0.2747555125005787,25,6.641870889330635,,1,5976.0,8.695674048824253
6280_PHF12_P1P2_ENSG00000109118,PHF12,ENSG00000109118,6677,110,10691,0.8775867225485012,0.8680252373087601,0.6975727503532911,0.0,1.6638952107393004,1.504906859889221,25,2.4744037640512735,,0,41.0,3.7376696182833684
6291_PHF5A_P1P2_ENSG00000100410,PHF5A,ENSG00000100410,8240,231,10691,2.4002474408626524,2.2784424486914965,0.4492400254081799,1.6269890720000613,2.969722709439714,0.5575254370240781,25,4.331731140688075,,0,2972.0,7.997326822998097
62_ABT1_P1P2_ENSG00000146109,ABT1,ENSG00000146109,2731,107,10691,3.3478757515162103,3.3395705941670406,0.16835889551204442,2.991380222755592,3.571287239045419,0.179354552795846,25,4.760650400720959,,0,279.0,5.634789603169249
630_ATL2_P1P2_ENSG00000119787,ATL2,ENSG00000119787,993,120,10691,2.18603597531401,2.1526057469027435,0.41319560117259,1.3192474533619523,2.7955475529255525,0.4416096785506143,25,3.7665567299778218,,0,11.0,2.4849066497880004
6317_PI4KA_P1P2_ENSG00000241973,PI4KA,ENSG00000241973,8114,109,10691,2.402900891433546,2.281851452965979,0.5515948096038515,1.184289215833001,2.9814618577241965,0.49339197518714917,25,3.733658190755445,,0,3.0,1.3862943611198906
6323_PIAS4_P1P2_ENSG00000105229,PIAS4,ENSG00000105229,7233,206,10691,0.0,0.5351254437398211,0.7526931308237214,0.0,1.9601188663380649,1.0515553010128846,25,2.3144577442532746,,0,1194.0,7.085901464365611
6335_PIGH_P1P2_ENSG00000100564,PIGH,ENSG00000100564,5724,85,10691,2.3847017970995394,2.3491083201820326,0.17033859882723115,2.089395848036802,2.589230090786385,0.20964336708442532,25,3.526816288886447,,0,3.0,1.3862943611198906
6352_PIK3C3_P1P2_ENSG00000078142,PIK3C3,ENSG00000078142,7115,115,10691,2.525081718629443,2.4602289937442645,0.23491253921292896,2.0047714356464237,2.709835902011309,0.27965936413689496,25,3.95241854853803,,0,1.0,0.6931471805599453
6360_PIK3R4_P1P2_ENSG00000196455,PIK3R4,ENSG00000196455,1801,77,10691,1.7183633769044298,1.7144903598704704,0.2910981267857157,1.1974128287775367,2.1478958843504583,0.22432289163239538,25,2.9130479728337466,,0,1.0,0.6931471805599453
6394_PKMYT1_P1P2_ENSG00000127564,PKMYT1,ENSG00000127564,6186,92,10691,2.4447983927791896,2.504152584357459,0.23004425759080321,2.1641665363355966,2.8579852815627547,0.3687980360365066,25,3.807895457359373,,0,2.0,1.0986122886681096
6395_PKM_P2_ENSG00000067225,PKM,ENSG00000067225,6003,115,10691,0.8983868760772913,0.783636823742271,0.6232530339605852,0.0,1.8080247178832567,1.1014153913225904,25,2.173903550175986,,0,0.0,0.0
6396_PKM_P1_ENSG00000067225,PKM,ENSG00000067225,6003,34,10691,4.35550558937675,4.382811607162658,0.06278109413586705,4.3131578245078295,4.490792285164177,0.09654177144149578,25,4.78376605885694,,0,62.0,4.143134726391533
6453_PLK1_P1P2_ENSG00000166851,PLK1,ENSG00000166851,6284,60,10691,2.1304910562813983,2.026528726559586,0.41195149165412687,1.2877507196133808,2.5601478413566716,0.6321451729441687,25,2.6995785996109753,,0,0.0,0.0
6455_PLK4_P1P2_ENSG00000142731,PLK4,ENSG00000142731,2181,32,10691,2.1968296001984124,2.197742835577605,0.07756471300899731,2.069817892093111,2.3162489933186667,0.10257093267772976,25,2.407402127661783,,0,3.0,1.3862943611198906
645_ATP1A1_P1P2_ENSG00000163399,ATP1A1,ENSG00000163399,500,84,10691,3.47128799228997,3.466044799776209,0.13822817456718328,3.2176329398898456,3.658352542681891,0.1557565791949851,25,4.609619640564627,,0,948.0,6.855408798609928
6460_PLRG1_P1P2_ENSG00000171566,PLRG1,ENSG00000171566,2220,94,10691,2.229032559506633,2.157633012466078,0.3136914543416125,1.7449150888686713,2.557277910489037,0.3206265049334305,25,3.5684851912389233,,0,3170.0,8.061802274538348
6474_PMF1_P1P2_ENSG00000160783,PMF1,ENSG00000160783,615,265,10691,3.6309650726000577,3.6482714253337973,0.0769935985659933,3.561399136794792,3.739722185038776,0.11162036961747202,25,5.9370429453172875,,2,1172.0,7.067319848653476
6479_PMPCA_P1P2_ENSG00000165688,PMPCA,ENSG00000165688,4104,140,10691,3.3360134029975512,3.3091883989461284,0.22156481608188044,2.9133238287454204,3.5931166560172323,0.31874150341449203,25,4.971537175965994,,0,1074.0,6.980075940561763
647_ATP2A2_P1P2_ENSG00000174437,ATP2A2,ENSG00000174437,5273,158,10691,2.8897250550084275,2.9063259009202937,0.3812999783125564,2.275819396768763,3.551146130595641,0.5324466181063676,25,4.83840785726481,,0,5.0,1.791759469228055
6480_PMPCB_P1_ENSG00000105819,PMPCB,ENSG00000105819,3376,503,10691,2.7622505724974618,2.776187304298598,0.26713662654682374,2.3424425567753815,3.1790036885231467,0.21484744203756811,25,5.78122915514844,1.9901206943181076,27,3737.0,8.226305988015508
6481_PMPCB_P2_ENSG00000105819,PMPCB,ENSG00000105819,3376,50,10691,0.1749962461942347,0.322754783849391,0.4141845628123148,0.0,1.090288014107926,0.60234229147159,25,0.4560111306178742,,0,0.0,0.0
6485_PNISR_P2_ENSG00000132424,PNISR,ENSG00000132424,2975,98,10691,0.1718623150270967,0.2701496055833227,0.31929832109990686,0.0,0.7681311144211254,0.5142046654789854,25,1.0838930250693342,,0,0.0,0.0
6486_PNISR_P1_ENSG00000132424,PNISR,ENSG00000132424,2975,98,10691,3.9627027359029263,3.96267380867118,0.13202738355862315,3.764078331429284,4.140389761806784,0.17929327644501347,25,5.354246836765275,,0,464.0,6.142037405587356
6488_PNKP_P1P2_ENSG00000039650,PNKP,ENSG00000039650,7656,185,10691,2.35241324445063,2.306347751583038,0.3003029653991082,1.7361777381222554,2.6720799565437012,0.3854311688009622,25,4.251800297774438,,1,1.0,0.6931471805599453
6492_PNN_P1P2_ENSG00000100941,PNN,ENSG00000100941,5650,86,10691,4.07859260202208,4.051425910571212,0.20130980598042622,3.6633466914919093,4.271279932599327,0.18450067760833155,25,5.320453336137047,,0,366.0,5.905361848054571
6493_PNO1_P1P2_ENSG00000115946,PNO1,ENSG00000115946,1069,134,10691,3.1916228681962733,3.2252478502498083,0.197036815167063,3.0253019159020176,3.5186076380049824,0.29563482689019915,25,4.843729981957691,,0,1673.0,7.422971251049421
6499_PNPT1_P1P2_ENSG00000138035,PNPT1,ENSG00000138035,1041,131,10691,3.3942149414423004,3.39835315047947,0.1992532279402653,3.0811650189421673,3.774096881065316,0.20178429555630695,25,5.009893337807477,,0,399.0,5.991464547107982
6511_POGZ_P1P2_ENSG00000143442,POGZ,ENSG00000143442,556,38,10691,2.763586327357401,2.7589444125118723,0.05844459347459291,2.683323827080968,2.8369477036299013,0.048412502465613017,25,3.128657442927384,,0,3.0,1.3862943611198906
6512_POLA1_P1P2_ENSG00000101868,POLA1,ENSG00000101868,8337,230,10691,1.6382437962809728,1.5278166606494121,0.7845088871796537,0.06434350072003171,2.4127026950244836,1.2387411405933217,25,3.7908997468689924,,2,1131.0,7.0317412587631285
6513_POLA2_P1P2_ENSG00000014138,POLA2,ENSG00000014138,4697,234,10691,2.0953890021065744,1.9706206310254921,0.45090818748746264,1.28598316388947,2.4345482390800433,0.45930974118177126,25,4.11226914329449,0.8871144024573899,3,1506.0,7.317876198626496
6515_POLD1_P1P2_ENSG00000062822,POLD1,ENSG00000062822,7663,212,10691,2.8318465702634357,2.812211487296837,0.19067110500492265,2.5425994123362847,3.1247723711612454,0.2115985580198645,25,4.851467215042771,,1,1940.0,7.57095858316901
6516_POLD2_P1P2_ENSG00000106628,POLD2,ENSG00000106628,3222,78,10691,3.57450873232541,3.615031372131572,0.1630949822382457,3.4225145011592777,3.8743741957253657,0.2237214506076195,25,4.735333545496602,,0,253.0,5.537334267018537
6517_POLD3_P1P2_ENSG00000077514,POLD3,ENSG00000077514,4787,68,10691,2.522610979346526,2.4741301008900507,0.2452446266798339,2.1058644301123706,2.781927394972809,0.4283815215110689,25,3.4325608313116676,,0,350.0,5.860786223465865
6521_POLE2_P1P2_ENSG00000100479,POLE2,ENSG00000100479,5665,56,10691,1.89322894096596,1.9138771060918336,0.31870118938751135,1.3682608039040227,2.4377661701208124,0.39260074921395605,25,2.7626217184862845,,0,0.0,0.0
6524_POLE_P1P2_ENSG00000177084,POLE,ENSG00000177084,5383,168,10691,2.5671912341973537,2.5455783882388245,0.2954002625140874,1.9975110783692456,2.997769282406344,0.3615783949658784,25,4.431262456215744,,0,1299.0,7.170119543449628
6525_POLG2_P1P2_ENSG00000256525,POLG2,ENSG00000256525,6920,156,10691,2.3197908695656917,2.305928229332282,0.09601414911813412,2.1325578840696138,2.4422621920243657,0.10500271889571966,25,4.037992703389915,,0,14.0,2.70805020110221
6533_POLR1A_P1P2_ENSG00000068654,POLR1A,ENSG00000068654,1134,127,10691,2.5286579804427634,2.373851755735721,0.3459267182600263,1.8181551116885735,2.6715155532137667,0.3939979824257125,25,3.9729623033364243,,0,1086.0,6.99117688712121
6534_POLR1B_P1P2_ENSG00000125630,POLR1B,ENSG00000125630,1200,181,10691,2.6361107785622777,2.658495306866199,0.17181326768274396,2.3676518164051776,2.912462819038269,0.257908870903766,25,4.538602285683377,,0,2507.0,7.827240901752812
6535_POLR1C_P2_ENSG00000171453,POLR1C,ENSG00000171453,2886,51,10691,0.13359806524612194,0.3817292400752123,0.44589714393790864,0.0,1.0819103676381476,0.876260314784061,25,0.207215761805523,,0,0.0,0.0
6536_POLR1C_P1_ENSG00000171453,POLR1C,ENSG00000171453,2886,136,10691,2.689070207572045,2.633228724486523,0.261328883370541,2.31710597478577,2.87492789492222,0.30229538997370264,25,4.32193755192722,,0,975.0,6.883462586413092
6539_POLR1E_P1P2_ENSG00000137054,POLR1E,ENSG00000137054,3869,209,10691,2.080530666456387,2.0278301861072037,0.36113949030096454,1.3895804962787683,2.4564024764679373,0.5413421331170694,25,4.230317843455647,,1,918.0,6.823286122355687
6540_POLR2A_P1P2_ENSG00000181222,POLR2A,ENSG00000181222,6596,410,10691,2.506888056955874,2.4342229331432494,0.5308743454140858,1.5414532990664729,3.0667769327023047,0.7425971641658191,25,5.282054924207481,1.6988702685974613,21,4284.0,8.36287583103188
6541_POLR2B_P1P2_ENSG00000047315,POLR2B,ENSG00000047315,2071,320,10691,3.086225234969483,3.1061659752606356,0.2867206010338398,2.7084684913168173,3.633228875143191,0.46121765569166406,25,5.592600625039628,2.217269907984865,8,5682.0,8.645234541297121
6542_POLR2C_P1P2_ENSG00000102978,POLR2C,ENSG00000102978,6389,185,10691,2.572131532132059,2.4682086493493,0.4422580033336843,1.9964615479835996,2.9827482519991135,0.34536090235318584,25,4.45794351999091,,0,5202.0,8.556990661290303
6543_POLR2D_P2_ENSG00000144231,POLR2D,ENSG00000144231,1231,103,10691,0.0,0.05368172220432656,0.1456161995788863,0.0,0.44373610329004876,0.0,25,0.040527030114146226,,0,0.0,0.0
6544_POLR2D_P1_ENSG00000144231,POLR2D,ENSG00000144231,1231,178,10691,2.5257607309490426,2.5057229305094655,0.4279849498039247,1.9845851616004773,3.052670153164458,0.396330443661411,25,4.4284242931443405,,0,4544.0,8.421783006611578
6545_POLR2E_P2_ENSG00000099817,POLR2E,ENSG00000099817,7177,70,10691,0.0,0.058657317523680884,0.14263450500392844,0.0,0.24998688227726573,0.02866979979647393,25,0.0,,0,23.0,3.1780538303479458
6546_POLR2E_P1_ENSG00000099817,POLR2E,ENSG00000099817,7177,155,10691,3.418376339313068,3.3766249044486507,0.27535762023352806,2.884493573856606,3.724848897999286,0.22681902054769854,25,5.178437468958345,,0,208.0,5.342334251964811
6547_POLR2F_P1P2_ENSG00000100142,POLR2F,ENSG00000100142,8208,337,10691,3.4151808382652495,3.447300565505252,0.2719235680519288,3.0650516095739877,3.9211996025539766,0.2853517529609473,25,6.085809434842364,2.703800176067016,6,5142.0,8.545391845774915
6548_POLR2G_P1P2_ENSG00000168002,POLR2G,ENSG00000168002,4650,155,10691,3.505869218491242,3.476632336418358,0.13704642681139798,3.251284823308689,3.6609815864789135,0.2014358351721781,25,5.221268170354998,,0,5834.0,8.671629544720656
6549_POLR2H_P1P2_ENSG00000163882,POLR2H,ENSG00000163882,1914,102,10691,3.6143975257023904,3.634903683473723,0.1707205001714413,3.3831991841291527,3.914755666252651,0.2401201395687429,25,4.93697975998423,,0,5068.0,8.53089883847235
6550_POLR2I_P1P2_ENSG00000105258,POLR2I,ENSG00000105258,7500,223,10691,3.2710201980535967,3.2684602062424335,0.2055285493649016,2.9570427942253645,3.6254453624408063,0.2071797747778117,25,5.4237877596448625,,2,5954.0,8.691986481789401
6553_POLR2L_P1P2_ENSG00000177700,POLR2L,ENSG00000177700,4459,62,10691,3.583413150858189,3.6066702505954624,0.16679843626706928,3.322778616506295,3.896047869571445,0.1881761249890963,25,4.522149254007774,,0,353.0,5.869296913133774
6556_POLR3B_P1P2_ENSG00000013503,POLR3B,ENSG00000013503,5251,113,10691,2.19767561482026,2.191470690138641,0.23967136004078543,1.8475497558152354,2.514023021621113,0.3537902585222401,25,3.6093121574851303,,0,259.0,5.560681631015528
6557_POLR3C_P1P2_ENSG00000186141,POLR3C,ENSG00000186141,515,175,10691,2.197933204561472,2.223596263050913,0.3465349625868456,1.784667661071708,2.5882413802723385,0.3728809624333911,25,4.146779038047495,,0,68.0,4.23410650459726
6558_POLR3D_P1P2_ENSG00000168495,POLR3D,ENSG00000168495,3550,118,10691,2.9232342450068587,2.8536797940737877,0.26859166980202265,2.331204602675283,3.1260285146405327,0.3774796719670763,25,4.358766646031041,,0,121.0,4.804021044733257
6559_POLR3E_P1P2_ENSG00000058600,POLR3E,ENSG00000058600,6273,221,10691,2.5563496021909264,2.3097437185758234,0.5491590675722301,1.6196643902258967,2.8159730701223906,0.6112723354656295,25,4.529757267789248,,0,109.0,4.700480365792417
6560_POLR3F_P1P2_ENSG00000132664,POLR3F,ENSG00000132664,7800,165,10691,1.654424356605735,1.4564777942350864,0.5049506473006438,0.5424359493629685,1.9613256244418507,0.6136583667830326,25,3.4231736418302137,,0,341.0,5.834810737062605
6563_POLR3H_P1P2_ENSG00000100413,POLR3H,ENSG00000100413,8242,109,10691,2.699273973428875,2.651790544665397,0.33128969818549037,2.130980867392677,3.0785128410325777,0.30285428750661314,25,4.11678944964978,,0,1.0,0.6931471805599453
6564_POLR3K_P1P2_ENSG00000161980,POLR3K,ENSG00000161980,6110,108,10691,4.1272932058997,4.12999483664797,0.09190287680218923,3.983908265044978,4.272296521072646,0.08467212598116536,25,5.605271436126462,,0,26.0,3.295836866004329
6565_POLRMT_P1P2_ENSG00000099821,POLRMT,ENSG00000099821,7161,214,10691,2.848851746232497,2.7899469555643552,0.21825474336720307,2.4505112630203842,3.0087054893104237,0.24738917511050973,25,4.922708786975903,,2,451.0,6.113682179832232
6574_POP1_P1P2_ENSG00000104356,POP1,ENSG00000104356,3709,84,10691,2.7144302790417116,2.6266352390104504,0.16387893018989722,2.3798593187041717,2.7975903572476875,0.23724422923481514,25,3.7813981653426296,,0,512.0,6.240275845170769
6575_POP4_P1P2_ENSG00000105171,POP4,ENSG00000105171,7461,128,10691,2.5070970714215357,2.5081806455020765,0.28028167837027557,2.1523161332837515,2.887977197895228,0.2923611593214681,25,4.083132319030636,,0,490.0,6.19644412779452
6576_POP5_P1P2_ENSG00000167272,POP5,ENSG00000167272,5325,56,10691,2.941819372099884,2.912871051432695,0.2584829189383181,2.411939171427489,3.261215939640559,0.33637633878369133,25,3.6936046889013627,,0,266.0,5.58724865840025
6577_POP7_P1P2_ENSG00000172336,POP7,ENSG00000172336,3354,218,10691,3.833084314747233,3.8307863225544825,0.14261513078226756,3.5875873446425914,4.024387835049157,0.13856846819892565,25,5.97802536608149,,2,91.0,4.5217885770490405
6603_PPA1_P1P2_ENSG00000180817,PPA1,ENSG00000180817,4264,143,10691,4.4654704771907525,4.490632500449524,0.10394741368144042,4.329515980514578,4.673347250018005,0.12311353725709306,25,6.328693080531242,,0,40.0,3.713572066704308
6604_PPA2_P1P2_ENSG00000138777,PPA2,ENSG00000138777,2143,64,10691,3.283650942264241,3.2608634042189664,0.09741626362839229,3.105805891023073,3.4045969744621063,0.1572549943030057,25,4.105471324520938,,0,1.0,0.6931471805599453
6605_PPAN_P1P2_ENSG00000130810,PPAN,ENSG00000130810,7298,103,10691,3.2634269980184087,3.2614600484325136,0.19210496125549006,3.0091313642481747,3.532447307084084,0.17325851337972686,25,4.696642976563744,,0,494.0,6.20455776256869
6608_PPARGC1B_P1P2_ENSG00000155846,PPARGC1B,ENSG00000155846,2547,142,10691,1.7542515474512856,1.7163775549686957,0.44703064470680925,0.8205139610990961,2.2722191475410733,0.45832692778116946,25,3.442967152933609,,0,71.0,4.276666119016055
6621_PPIA_P1P2_ENSG00000196262,PPIA,ENSG00000196262,3229,158,10691,4.5389611777132535,4.552663585820168,0.08479766434506111,4.432818758117251,4.6793225535073315,0.12892018388546678,25,6.503965541866374,,0,1.0,0.6931471805599453
6625_PPIE_P1P2_ENSG00000084072,PPIE,ENSG00000084072,250,46,10691,3.6162769924655342,3.593451442307806,0.10692812488218198,3.4325242021629845,3.7426911034830295,0.10182778888021948,25,4.149001077306745,,0,762.0,6.637258031284457
6628_PPIH_P1P2_ENSG00000171960,PPIH,ENSG00000171960,266,114,10691,3.841083222138068,3.8103671848360174,0.17366615125125415,3.5815478939057397,3.9925059539231924,0.27433555711276236,25,5.30708096983843,,0,247.0,5.5134287461649825
6630_PPIL2_P1P2_ENSG00000100023,PPIL2,ENSG00000100023,8123,130,10691,3.390004513238682,3.3746371555196526,0.22141724542929528,2.9937834848294567,3.682472204576113,0.34764928319570254,25,4.930186780170904,,0,7.0,2.0794415416798357
6632_PPIL4_P1P2_ENSG00000131013,PPIL4,ENSG00000131013,3071,74,10691,3.1700486052218055,3.188942172690893,0.16789536133990637,2.93142261165006,3.4458215681918967,0.22278976627314373,25,4.237625706320428,,0,1012.0,6.920671504248683
6646_PPME1_P1P2_ENSG00000214517,PPME1,ENSG00000214517,4785,222,10691,3.1544100954426613,3.0967275188248067,0.14974536414376957,2.8047355829131493,3.263052866126039,0.16796266389347414,25,5.1941181227345465,,1,6.0,1.9459101490553132
6648_PPP1CA_P1_ENSG00000172531,PPP1CA,ENSG00000172531,4744,100,10691,3.1854087969737637,3.1640548491432456,0.3199001710724367,2.6604230479526003,3.644253234140223,0.4010710806981743,25,4.522222544201817,,0,165.0,5.111987788356544
6649_PPP1CA_P2_ENSG00000172531,PPP1CA,ENSG00000172531,4744,148,10691,0.0,0.06881985690085234,0.2625063559638448,0.0,0.2342463980024087,0.0,25,0.0,,0,1.0,0.6931471805599453
6650_PPP1CB_P1P2_ENSG00000213639,PPP1CB,ENSG00000213639,968,160,10691,3.0694757469551543,2.9687261465322616,0.3447269562533154,2.471499050924484,3.420044232775631,0.45391231253669595,25,4.841740951330384,,0,1.0,0.6931471805599453
6653_PPP1R11_P1P2_ENSG00000204619,PPP1R11,ENSG00000204619,2750,77,10691,2.3081360091667604,2.1879004684059247,0.30473461190542855,1.686879016402554,2.513955373491153,0.29629938182783144,25,3.3333348959783904,,0,78.0,4.3694478524670215
6654_PPP1R12A_P1P2_ENSG00000058272,PPP1R12A,ENSG00000058272,5196,179,10691,2.5351439587578395,2.4058521870913876,0.43965688330022473,1.6502792167823566,2.8777692250934592,0.44234726314710304,25,4.341701208613442,,1,1.0,0.6931471805599453
6661_PPP1R15B_P1P2_ENSG00000158615,PPP1R15B,ENSG00000158615,752,135,10691,2.3801060856300413,2.196626711061266,0.3786899323380591,1.6521762727114502,2.653994061613762,0.5737280561571143,25,3.757171688065794,,0,43.0,3.784189633918261
6667_PPP1R2_P1P2_ENSG00000184203,PPP1R2,ENSG00000184203,1936,80,10691,2.831377644963092,2.839746469012008,0.1810037913009219,2.570997877632131,3.10713807584353,0.20712664055949004,25,3.9248509384952204,,0,10.0,2.3978952727983707
6675_PPP1R7_P1P2_ENSG00000115685,PPP1R7,ENSG00000115685,1465,63,10691,2.458024092887326,2.502956878183771,0.28198670374607526,2.120317529653917,2.9015126607239567,0.34451824866641223,25,3.3043598478221368,,0,1.0,0.6931471805599453
6676_PPP1R8_P1P2_ENSG00000117751,PPP1R8,ENSG00000117751,161,69,10691,2.6553853237096794,2.646962018249583,0.22533876123141874,2.30833181430542,2.9860155014840877,0.41311847020674763,25,3.626108519887288,,0,145.0,4.983606621708336
6678_PPP2CA_P1P2_ENSG00000113575,PPP2CA,ENSG00000113575,2485,184,10691,3.426848199306692,3.4193037710849046,0.19287589177007286,3.0339047504256134,3.6383975891426132,0.22285454009602645,25,5.394866046420554,,0,21.0,3.091042453358316
6680_PPP2R1A_P2_ENSG00000105568,PPP2R1A,ENSG00000105568,7673,215,10691,0.0,0.23756308162648257,0.4779221148665396,0.0,1.4074516352704713,0.11446952751625014,25,1.1844233891836546,,0,6.0,1.9459101490553132
6681_PPP2R1A_P1_ENSG00000105568,PPP2R1A,ENSG00000105568,7673,240,10691,3.3478929048708075,3.2833876351150066,0.2276298537690713,2.8667873819641008,3.52979503110207,0.3102558114482319,25,5.483843125065667,,2,252.0,5.53338948872752
6686_PPP2R3C_P1P2_ENSG00000092020,PPP2R3C,ENSG00000092020,5638,52,10691,2.4300595937816696,2.3499445013243916,0.36274662710677696,1.9419978481927869,2.8110246471706266,0.4516324975135042,25,2.9686209552222547,,0,4.0,1.6094379124341003
6696_PPP4C_P1P2_ENSG00000149923,PPP4C,ENSG00000149923,6319,171,10691,3.652400871626956,3.6371808356068067,0.1707571898543691,3.341515142015982,3.9106548730183275,0.22110275106797905,25,5.54073526888641,,0,127.0,4.852030263919617
6698_PPP4R2_P1P2_ENSG00000163605,PPP4R2,ENSG00000163605,1715,187,10691,3.2622282977429156,3.28354778543363,0.18885815935398803,2.9819268878103333,3.594177476139188,0.23032030785953328,25,5.232065817566416,,1,137.0,4.927253685157205
6700_PPP6C_P1P2_ENSG00000119414,PPP6C,ENSG00000119414,4012,114,10691,2.8117670814999522,2.7737139545575484,0.23096623293644425,2.4687963700438793,3.108619096241549,0.303641621902595,25,4.1733332170934725,,0,3.0,1.3862943611198906
6704_PPRC1_P1P2_ENSG00000148840,PPRC1,ENSG00000148840,4364,122,10691,2.2313525184603105,2.2062418474937395,0.44113415778564047,1.4965396215332754,2.6731299199963043,0.4375488778854666,25,3.7330435678164635,,0,743.0,6.612041034833092
670_ATP6AP1_P1P2_ENSG00000071553,ATP6AP1,ENSG00000071553,8528,119,10691,2.34657541986493,2.2417957228045093,0.34561482810165944,1.5906736123652987,2.641145566474589,0.31844242986968707,25,3.835486130416133,,0,243.0,5.497168225293202
6716_PRC1_P1P2_ENSG00000198901,PRC1,ENSG00000198901,6091,187,10691,2.3290988034065485,2.4157812158917764,0.4457954706770158,1.7612155048324227,2.9718218582061593,0.706010533901809,25,4.4344309869688,,0,1.0,0.6931471805599453
671_ATP6AP2_P1P2_ENSG00000182220,ATP6AP2,ENSG00000182220,8343,175,10691,2.922221851798393,2.8558518314555656,0.2280151088965184,2.480129516594133,3.156541012224285,0.3727169831537065,25,4.703399226532175,,1,35.0,3.58351893845611
6740_PREB_P1P2_ENSG00000138073,PREB,ENSG00000138073,952,40,10691,2.4697275328078727,2.4861681255917687,0.14209442414103926,2.2679394618545383,2.7025988476344605,0.22984495899621882,25,2.875045951842555,,0,0.0,0.0
6741_PRELID1_P1P2_ENSG00000169230,PRELID1,ENSG00000169230,2609,152,10691,4.1329277319641715,4.083633413987356,0.1669194583650915,3.85701556254711,4.335106368951396,0.27316813267665596,25,5.9683526519727055,,0,214.0,5.3706380281276624
6747_PRIM1_P1P2_ENSG00000198056,PRIM1,ENSG00000198056,5137,181,10691,3.1279415476826866,3.0895204879063765,0.18597135526461203,2.7577771194132064,3.335286781149501,0.23708558437276883,25,4.941626509022163,,0,1621.0,7.3914152346753585
6748_PRIM2_P1P2_ENSG00000146143,PRIM2,ENSG00000146143,2922,156,10691,2.584102832646441,2.5011158686154813,0.2255334532799608,2.120949624183458,2.7662173918214252,0.27453070027157933,25,4.28167114702976,,0,1854.0,7.5256399750415355
674_ATP6V0B_P1P2_ENSG00000117410,ATP6V0B,ENSG00000117410,285,147,10691,4.398911871679503,4.374724368296316,0.10146191811785656,4.2459827070237806,4.523570016926745,0.14395558402100228,25,6.228085831545409,,0,52.0,3.970291913552122
675_ATP6V0C_P1P2_ENSG00000185883,ATP6V0C,ENSG00000185883,6176,53,10691,3.969498789306517,3.9520307125168856,0.1489571043101663,3.7317797652507023,4.174293405635899,0.2171860143226878,25,4.679262272672007,,0,156.0,5.056245805348308
6769_PRKRA_P1P2_ENSG00000180228,PRKRA,ENSG00000180228,1315,78,10691,2.3875253030671195,2.3791415160001366,0.3675765125918241,1.8177618166044955,2.9445063061761285,0.49206142785289364,25,3.456719967688611,,0,10.0,2.3978952727983707
676_ATP6V0D1_P1P2_ENSG00000159720,ATP6V0D1,ENSG00000159720,6416,101,10691,2.6642772083818347,2.6150765310555486,0.29000245994950385,2.1240613834200506,2.987864569810141,0.32253639822941516,25,3.958817176502946,,0,2.0,1.0986122886681096
6770_PRKRIP1_P2_ENSG00000128563,PRKRIP1,ENSG00000128563,3367,149,10691,0.0,0.276094069576016,0.4778472527487641,0.0,1.311745142922616,0.16961735190194466,25,0.48853093068522446,,0,0.0,0.0
6771_PRKRIP1_P1_ENSG00000128563,PRKRIP1,ENSG00000128563,3367,33,10691,1.1394987979374005,1.2044409105966785,0.3618379348033458,0.7591774361956817,1.7983013779170343,0.4348913408451618,25,1.659720563589096,,0,3.0,1.3862943611198906
6774_PRMT1_P1P2_ENSG00000126457,PRMT1,ENSG00000126457,7652,58,10691,3.9396594084901615,3.911238369572578,0.11864759957036486,3.7063108953156156,4.053440300761693,0.18814260186218856,25,4.780829745220155,,0,130.0,4.875197323201151
6777_PRMT5_P1_ENSG00000100462,PRMT5,ENSG00000100462,5582,88,10691,3.0909307477632004,3.086564540719753,0.299311801588457,2.6812981480296143,3.4716239095672523,0.42553308761353215,25,4.423678460847132,,0,130.0,4.875197323201151
6778_PRMT5_P2_ENSG00000100462,PRMT5,ENSG00000100462,5582,39,10691,1.5250943054883093,1.5642024136308772,0.5375246322484895,0.4809435148256749,2.26640026059533,0.6167352840446698,25,2.1607986593122006,,0,1.0,0.6931471805599453
6791_PRPF18_P1P2_ENSG00000165630,PRPF18,ENSG00000165630,4167,268,10691,1.2355154769415941,1.2346809272837864,0.5474993866630815,0.47042823667455275,2.0146804352953187,0.6831921814237627,25,3.755717682282485,0.29734835882198346,3,2972.0,7.997326822998097
6792_PRPF19_P1P2_ENSG00000110107,PRPF19,ENSG00000110107,4618,112,10691,3.1092342516569333,3.072077144920848,0.30834623169269154,2.4787829809169595,3.4818744890029083,0.40658674483323853,25,4.554087610125705,,0,1283.0,7.157735484249907
6793_PRPF31_P1P2_ENSG00000105618,PRPF31,ENSG00000105618,7689,27,10691,3.2236393377711194,3.220292939273583,0.05761899596832819,3.148746303132324,3.310210536507918,0.0993493029402126,25,3.2600910999182333,,0,1396.0,7.242082359256962
6795_PRPF38B_P1P2_ENSG00000134186,PRPF38B,ENSG00000134186,452,29,10691,3.61348759089599,3.616412977782718,0.07943196658791038,3.4980335945002685,3.750991569310152,0.07400939299768972,25,3.7147118815782654,,0,36.0,3.6109179126442243
6797_PRPF3_P1P2_ENSG00000117360,PRPF3,ENSG00000117360,534,143,10691,2.2452843045806126,2.1863726491916613,0.4087203979460273,1.4450259489317856,2.6124442071371705,0.40562450390481164,25,3.893031158954551,,0,2625.0,7.873217054862741
6798_PRPF40A_P1P2_ENSG00000196504,PRPF40A,ENSG00000196504,1262,118,10691,4.243415551008197,4.236123656545622,0.15411812913525771,3.9906347007620764,4.452116494774204,0.24481213837979876,25,5.753184340779092,,0,1294.0,7.166265974133638
679_ATP6V1A_P1P2_ENSG00000114573,ATP6V1A,ENSG00000114573,1752,96,10691,3.2052278011213966,3.1736932944630802,0.18656950826872598,2.828236846891415,3.4179392129024264,0.24766380320604364,25,4.457267439980631,,0,82.0,4.418840607796598
6800_PRPF4B_P1P2_ENSG00000112739,PRPF4B,ENSG00000112739,2661,208,10691,3.50071980091424,3.4621416866211767,0.2118224020146019,3.084828620311899,3.764507250123515,0.2447438754196556,25,5.510978356098772,,1,626.0,6.440946540632921
6801_PRPF4_P1P2_ENSG00000136875,PRPF4,ENSG00000136875,3983,117,10691,2.985401003739912,2.944258930834414,0.23324011947244633,2.5033275131064365,3.254213068501954,0.2637684174726287,25,4.4166974090535795,,0,2511.0,7.828834527588089
6802_PRPF6_P1P2_ENSG00000101161,PRPF6,ENSG00000101161,7977,232,10691,2.5009044788486987,2.3826775608801842,0.5324554902320041,1.395887271002058,3.02926302566753,0.6427759843300516,25,4.388456265028836,,1,2163.0,7.679713639966372
6803_PRPF8_P1P2_ENSG00000174231,PRPF8,ENSG00000174231,6540,150,10691,2.8160670804874814,2.7789353679275606,0.3382468615172218,2.232105101463107,3.203919495448182,0.4290573758217726,25,4.479883522104432,,0,1033.0,6.9411900550683745
680_ATP6V1B2_P1P2_ENSG00000147416,ATP6V1B2,ENSG00000147416,3545,442,10691,1.7793599908613285,1.7513007798260958,0.4433304526142515,1.093744077516997,2.301025220277441,0.4571959998512256,25,4.70180183108466,1.1437211015165119,21,2216.0,7.7039102096163115
6819_PRRC2A_P1P2_ENSG00000204469,PRRC2A,ENSG00000204469,2781,89,10691,3.5978083309577933,3.5891342592837474,0.1524365728831985,3.362505774438936,3.808166696162922,0.13970554672158508,25,4.8404544388828885,,0,134.0,4.90527477843843
681_ATP6V1C1_P1P2_ENSG00000155097,ATP6V1C1,ENSG00000155097,3723,59,10691,2.7474163071523083,2.7203425733436064,0.18923333310895432,2.387044171895864,2.971981101908192,0.23666645788942153,25,3.490501428700048,,0,3.0,1.3862943611198906
682_ATP6V1D_P1P2_ENSG00000100554,ATP6V1D,ENSG00000100554,5722,139,10691,2.4078319274078095,2.3755939576207354,0.3314288684378278,1.7219637874700924,2.7652273326794,0.37699282465435635,25,4.044645549692604,,0,3.0,1.3862943611198906
6834_PSAT1_P1P2_ENSG00000135069,PSAT1,ENSG00000135069,3894,72,10691,2.649738172401579,2.617654007981463,0.12799204870596892,2.41472686365188,2.79062346896681,0.2003621935274542,25,3.6488949039617244,,0,1.0,0.6931471805599453
683_ATP6V1E1_P1P2_ENSG00000131100,ATP6V1E1,ENSG00000131100,8083,188,10691,3.496879292857727,3.4805550472342675,0.22924624336097968,3.2071953129161503,3.7998850540475755,0.298521985316222,25,5.504804318959785,,1,2.0,1.0986122886681096
6841_PSMA1_P1P2_ENSG00000129084,PSMA1,ENSG00000129084,4518,170,10691,2.0944886581124376,2.173361900449108,0.5055575387936845,1.4409113493227272,3.2000008782685754,0.6806573461312841,25,4.13487321013965,,1,687.0,6.5337888379333435
6842_PSMA2_P1P2_ENSG00000106588,PSMA2,ENSG00000106588,3211,64,10691,3.4947176189497133,3.483003248083956,0.24333721301227978,3.0964613202416897,3.8416115083416047,0.2506073627318166,25,4.44398166292072,,0,55.0,4.02535169073515
6843_PSMA3_P1P2_ENSG00000100567,PSMA3,ENSG00000100567,5697,372,10691,3.065315434624547,3.0565921668564364,0.3260472558697485,2.503413015781233,3.4426540228939575,0.36474377329734153,25,5.825428184313462,2.448045162512148,14,3329.0,8.110727582974489
6844_PSMA4_P1P2_ENSG00000041357,PSMA4,ENSG00000041357,6044,388,10691,3.8512353708231135,3.8204233545485375,0.2304492446022089,3.5221488746978586,4.157353732423654,0.23617066082024518,25,6.487758507150448,2.936316501652615,17,2934.0,7.984462732262196
6846_PSMA6_P1P2_ENSG00000100902,PSMA6,ENSG00000100902,5640,40,10691,3.0432851170079953,3.0212109436585983,0.2505928435414686,2.6610335866966617,3.420324133460303,0.33120594328871,25,3.4864266270870057,,0,102.0,4.634728988229636
6847_PSMA7_P1P2_ENSG00000101182,PSMA7,ENSG00000101182,7952,41,10691,3.1193257661355656,3.0847436395559016,0.26681421157269414,2.708007703361469,3.5134833226595186,0.4462795010277807,25,3.591427836513728,,0,61.0,4.127134385045092
6849_PSMB1_P1P2_ENSG00000008018,PSMB1,ENSG00000008018,3114,143,10691,3.9693653689813084,3.945781776531701,0.15669242703714767,3.7385173493811115,4.119899881282569,0.12330729391023354,25,5.648855333169025,,0,427.0,6.059123195581797
6850_PSMB2_P1P2_ENSG00000126067,PSMB2,ENSG00000126067,215,53,10691,4.267313440867102,4.259647146454835,0.07883994156253743,4.147901335110893,4.40299168916059,0.10298309866591993,25,5.122911529140264,,0,485.0,6.186208623900494
6851_PSMB3_P1P2_ENSG00000277791,PSMB3,ENSG00000277791,6726,31,10691,3.837947631121478,3.8174371021404956,0.08229119878531507,3.6949404799010352,3.9226156968594044,0.10956065814048799,25,4.0312852596249025,,0,153.0,5.0369526024136295
6852_PSMB4_P1P2_ENSG00000159377,PSMB4,ENSG00000159377,555,101,10691,2.543068353758823,2.4434945829576833,0.536331536833267,1.314290481748099,3.0819773532507857,0.5503655847193696,25,3.8292624989946096,,0,12.0,2.5649493574615367
6853_PSMB5_P1P2_ENSG00000100804,PSMB5,ENSG00000100804,5584,270,10691,3.9338015044879606,3.90572145646255,0.17562760355444254,3.6610584583097996,4.116814048175335,0.25878782541661494,25,6.257341181205322,2.770399298313927,5,3067.0,8.028781162487146
6854_PSMB6_P2_ENSG00000142507,PSMB6,ENSG00000142507,6565,75,10691,2.0415314910991884,1.9668302652377592,0.49640046131701343,1.22192690306083,2.6514437060353755,0.5857101171612791,25,3.0282016516072128,,0,3.0,1.3862943611198906
6855_PSMB6_P1_ENSG00000142507,PSMB6,ENSG00000142507,6565,125,10691,3.2053359959372827,3.1766782351861553,0.2790968088666981,2.719774913146026,3.541491111408947,0.44578026926114767,25,4.703571574478415,,0,2294.0,7.738488122494646
6856_PSMB7_P1P2_ENSG00000136930,PSMB7,ENSG00000136930,4006,404,10691,3.0599953142345426,2.930767332859568,0.4437260718392295,2.0278293411023918,3.4035649901044374,0.47765835209716556,25,5.722274208477307,2.0690293354788842,17,2024.0,7.613324979540639
6857_PSMC1_P1P2_ENSG00000100764,PSMC1,ENSG00000100764,5781,316,10691,2.5364370603633963,2.3711252692690015,0.6827778724317656,1.1049367490222866,3.133286840515535,0.5913723585855619,25,5.056561726079221,1.2282718645120974,5,5206.0,8.557759153162898
6858_PSMC2_P1P2_ENSG00000161057,PSMC2,ENSG00000161057,3378,432,10691,3.0114103005559567,2.822456077895166,0.4275366688089228,1.8946003976014403,3.3084058426990035,0.37782727341115585,25,5.6323472255159786,1.9209135165191005,19,5345.0,8.584103896698863
685_ATP6V1F_P1P2_ENSG00000128524,ATP6V1F,ENSG00000128524,3431,72,10691,4.314544868105185,4.314210378849927,0.11560154290634404,4.130699998701022,4.474476599869375,0.1556381520740988,25,5.43430934547399,,0,6.0,1.9459101490553132
6860_PSMC3_P1P2_ENSG00000165916,PSMC3,ENSG00000165916,4589,41,10691,3.466221425068515,3.448229235891079,0.1604303429699089,3.1835270678377268,3.748783782539722,0.15002075549181582,25,3.8827402794390755,,0,273.0,5.6131281063880705
6861_PSMC4_P1P2_ENSG00000013275,PSMC4,ENSG00000013275,7536,242,10691,2.754174097469128,2.6484676373046603,0.539550790734853,1.6463245187969404,3.2818533600434754,0.7323387029287352,25,5.0069874510697785,1.3581543029262582,3,5003.0,8.517992871586802
6863_PSMC6_P1P2_ENSG00000100519,PSMC6,ENSG00000100519,5679,151,10691,1.9872242885687263,1.8733563621700549,0.6832458323788543,0.668089205245428,2.788333856426446,0.9256226697781198,25,3.59961989234645,,0,1319.0,7.1853870155804165
6865_PSMD11_P1P2_ENSG00000108671,PSMD11,ENSG00000108671,6698,80,10691,3.1690170907360793,3.21212175716798,0.22667416665533885,2.92533118213782,3.656991835544611,0.1866550898952788,25,4.355027331304015,,0,609.0,6.413458957167357
6866_PSMD12_P1P2_ENSG00000197170,PSMD12,ENSG00000197170,6927,265,10691,2.716269809543675,2.5223865296533963,0.7212163102823361,1.491570816369499,3.0575481485287126,0.5008503617726685,25,4.939732078975779,1.9181456141196982,4,2173.0,7.684324067681155
6867_PSMD13_P1P2_ENSG00000185627,PSMD13,ENSG00000185627,4443,122,10691,3.5845289711952737,3.5680822599457906,0.16080810424487746,3.3192591096452118,3.847913402752676,0.1366989379880068,25,5.111579529615659,,0,2009.0,7.605890001053122
6869_PSMD1_P1P2_ENSG00000173692,PSMD1,ENSG00000173692,1434,281,10691,2.2925077457795,2.218746433407266,0.4466012652317131,1.531479409155067,2.8037086821655475,0.6072103822710186,25,4.509716179946658,0.7184332027803083,4,542.0,6.297109319933935
686_ATP6V1G1_P1P2_ENSG00000136888,ATP6V1G1,ENSG00000136888,3986,67,10691,4.417578400556956,4.395360361095374,0.093171819634976,4.251642162264098,4.5226751341179,0.1369987160435553,25,5.454930410319711,,0,3.0,1.3862943611198906
6870_PSMD2_P1P2_ENSG00000175166,PSMD2,ENSG00000175166,1912,63,10691,3.368904805662661,3.4115649957335625,0.23840774267654555,3.1114126598020793,3.799993493677429,0.3171369118977374,25,4.306468402891237,,0,3865.0,8.259975659768276
6871_PSMD3_P1P2_ENSG00000108344,PSMD3,ENSG00000108344,6740,64,10691,2.693317381229382,2.5953007660238354,0.4029399762502877,2.020356938485661,3.1578375669811027,0.4148412032540274,25,3.5178615423153996,,0,197.0,5.288267030694535
6872_PSMD4_P1P2_ENSG00000159352,PSMD4,ENSG00000159352,552,352,10691,3.9318683826947143,3.8943128898428414,0.16170863859671028,3.572637637647014,4.075129807829426,0.18904320808634356,25,6.43563589647548,3.011534367061574,11,3183.0,8.065893546964274
6874_PSMD6_P1P2_ENSG00000163636,PSMD6,ENSG00000163636,1704,555,10691,2.69047496685287,2.540614140002863,0.4725434719345967,1.8204795321909772,3.186060034833282,0.774188345590705,25,5.497302860343379,1.7292114133920118,35,5107.0,8.53856321715243
6875_PSMD7_P1P2_ENSG00000103035,PSMD7,ENSG00000103035,6462,373,10691,3.1332775063038563,3.1459010176304947,0.39649784299423,2.636527354483589,3.833664157614977,0.4867653639312013,25,5.689994736319761,2.0450679195470305,12,4194.0,8.341648618901306
6877_PSMD9_P1P2_ENSG00000110801,PSMD9,ENSG00000110801,5339,94,10691,3.5803863863900194,3.5830727373032216,0.11966528103192932,3.3980028469463086,3.7843913411587002,0.15442228980648753,25,4.896729582430003,,0,1.0,0.6931471805599453
6878_PSME1_P1P2_ENSG00000092010,PSME1,ENSG00000092010,5599,121,10691,2.537789576710975,2.4514782072207355,0.40280509911828405,1.8460621057351108,2.882738317858214,0.4974879263970702,25,3.9828208911012015,,0,20.0,3.044522437723423
6879_PSME2_P1P2_ENSG00000100911,PSME2,ENSG00000100911,5601,151,10691,3.9950003059456307,3.9823970684699037,0.11096968256405651,3.804559963344896,4.140952422356593,0.15466261062506348,25,5.7490956491702185,,0,2.0,1.0986122886681096
687_ATP6V1H_P1P2_ENSG00000047249,ATP6V1H,ENSG00000047249,3628,84,10691,2.6994402129802966,2.65402310086678,0.3133328227304764,2.1464769282104332,2.994426039247742,0.28886495819581715,25,3.7853448249290214,,0,3.0,1.3862943611198906
6883_PSMG1_P1P2_ENSG00000183527,PSMG1,ENSG00000183527,8039,109,10691,3.3986740319121633,3.3905759244518534,0.31028725455603906,2.9134281669960624,3.8651691946841686,0.3650598142335948,25,4.910333853866916,,1,9.0,2.302585092994046
6884_PSMG2_P1P2_ENSG00000128789,PSMG2,ENSG00000128789,7079,164,10691,3.084275054839119,3.049504342775435,0.19666886388255567,2.681317249254266,3.2878600772517794,0.21236369655096654,25,4.94382124747267,,0,1.0,0.6931471805599453
6885_PSMG3_P2_ENSG00000157778,PSMG3,ENSG00000157778,3124,141,10691,0.8483494785080095,0.8639592455966857,0.5066646449774251,0.021265610637968186,1.4751029740484078,0.6799695047275516,25,2.5188912396577496,,0,1.0,0.6931471805599453
6886_PSMG3_P1_ENSG00000157778,PSMG3,ENSG00000157778,3124,298,10691,3.882812695610032,3.873389308193743,0.09218912597071408,3.720449491363486,4.020349733597291,0.10255262857878389,25,6.285549048480845,3.1123130579484712,4,125.0,4.836281906951478
6887_PSMG4_P1P2_ENSG00000180822,PSMG4,ENSG00000180822,2659,62,10691,3.075568965948388,3.0395281442184894,0.20766691613806537,2.7071134742781537,3.338110217192423,0.32106507871992385,25,3.855617025328217,,0,364.0,5.8998973535824915
6892_PSTK_P1_ENSG00000179988,PSTK,ENSG00000179988,4418,198,10691,1.384270817860006,1.3367435594524213,0.5685003118490557,0.48738816264618845,2.1305281226136756,0.7553294533477638,25,3.4649831937716424,,0,15.0,2.772588722239781
6893_PSTK_P2_ENSG00000179988,PSTK,ENSG00000179988,4418,181,10691,1.5666271683671016,1.2765269152738825,0.688760856963731,0.0,2.0295519787090344,0.6930029009135263,25,3.166871437752493,,0,0.0,0.0
6896_PTBP1_P1P2_ENSG00000011304,PTBP1,ENSG00000011304,7166,152,10691,3.2462165195317603,3.228955098879736,0.28651741693957844,2.8072688364117893,3.651944213312907,0.32431425788005575,25,5.057883997638759,,0,482.0,6.180016653652572
6899_PTCD1_P1_ENSG00000106246,PTCD1,ENSG00000106246,3329,117,10691,0.0,0.2822783984551633,0.5760950366484051,0.0,1.6492317549870184,0.01874344194956858,25,0.0,,0,76.0,4.343805421853684
6900_PTCD1_P2_ENSG00000106246,PTCD1,ENSG00000106246,3329,150,10691,1.6188245145872795,1.4597817814061151,0.39255034861170474,0.7880533525014346,1.8517122565946942,0.6075389462222409,25,3.2570798221927713,,0,163.0,5.099866427824199
6902_PTCD3_P1P2_ENSG00000132300,PTCD3,ENSG00000132300,1135,65,10691,3.2267060828363237,3.1865445057763875,0.19473574099106136,2.792020157678496,3.398003769862636,0.2220787888615643,25,4.1300128568804055,,0,15.0,2.772588722239781
6914_PTK2_P1P2_ENSG00000169398,PTK2,ENSG00000169398,3770,144,10691,2.179063940740202,2.159466826406832,0.5484268428347325,1.381054685459495,2.774260077574967,0.6883424607095003,25,3.9863558174724045,,0,5.0,1.791759469228055
6916_PTMA_P1P2_ENSG00000187514,PTMA,ENSG00000187514,1436,152,10691,4.626921408843746,4.603424982233654,0.05704375800915596,4.489929094041632,4.6597118103358435,0.06699762616953375,25,6.520341124737932,,0,29.0,3.4011973816621555
6922_PTPMT1_P1P2_ENSG00000110536,PTPMT1,ENSG00000110536,4592,183,10691,2.548253702025496,2.5659175474647764,0.18168820351236198,2.350730317973698,2.85629491439987,0.3224345041179433,25,4.581655295177599,,1,6.0,1.9459101490553132
6928_PTPN23_P1P2_ENSG00000076201,PTPN23,ENSG00000076201,1603,140,10691,1.3271661162495538,1.2215442216293448,0.56416771730006,0.07526862576683288,1.8219718254210813,0.7386559030858051,25,3.1426564042884593,,0,9.0,2.302585092994046
6947_PUF60_P1P2_ENSG00000179950,PUF60,ENSG00000179950,3787,89,10691,3.012511200935577,2.9996651564761354,0.2585129233206017,2.739235893757578,3.3408833991945497,0.26398566859296935,25,4.349135377516761,,0,352.0,5.8664680569332965
6962_PWP1_P1P2_ENSG00000136045,PWP1,ENSG00000136045,5255,69,10691,3.4965370217653478,3.4835280103847426,0.1282507950113349,3.2262179474248476,3.6561624054167132,0.1612549872109632,25,4.4676106046452215,,0,21.0,3.091042453358316
6970_PXN_P1P2_ENSG00000089159,PXN,ENSG00000089159,5317,161,10691,1.4042226110642828,1.2183831190182877,0.3997084972811722,0.4524783914523323,1.5486821449626411,0.16653387840176825,25,3.0004135740093734,,0,23.0,3.1780538303479458
697_ATRIP_P1P2_ENSG00000164053,ATRIP,ENSG00000164053,1614,184,10691,1.941417917080335,1.913774142617698,0.1551157340968905,1.805074745331108,2.0712104825288873,0.14263384521766964,25,3.8422110095898154,,1,454.0,6.12029741895095
6981_QARS_P1P2_ENSG00000172053,QARS,ENSG00000172053,1627,400,10691,3.245329671486295,3.2104455744854916,0.12741423422497206,2.981231327662494,3.3736814407675557,0.16489201836628098,25,5.924353276592201,2.379087337673795,14,5580.0,8.627123250788433
6988_QRSL1_P1P2_ENSG00000130348,QRSL1,ENSG00000130348,2986,126,10691,2.662731194470146,2.6446841180417375,0.1644445156984322,2.428651778338049,2.8571782509705566,0.24179755709663464,25,4.179619073181188,,0,2.0,1.0986122886681096
699_ATR_P1P2_ENSG00000175054,ATR,ENSG00000175054,1834,141,10691,2.8326603800512866,2.7911808829536886,0.22901536908200082,2.43864606910845,3.054111017046423,0.25819413381424505,25,4.458390273899753,,0,345.0,5.846438775057724
7010_RAB18_P1P2_ENSG00000099246,RAB18,ENSG00000099246,4198,43,10691,2.132643933638016,2.117203496174877,0.21481166567100846,1.7200058408848726,2.3804635835466,0.2153861805522479,25,2.566244905183015,,0,10.0,2.3978952727983707
7032_RAB4A_P1P2_ENSG00000168118,RAB4A,ENSG00000168118,834,303,10691,2.996056904729423,2.9713238457623703,0.20853885103381736,2.602525259180387,3.2746941991561895,0.3198655182084913,25,5.443113955176823,2.207384046371009,6,5.0,1.791759469228055
7038_RAB6A_P1P2_ENSG00000175582,RAB6A,ENSG00000175582,4780,59,10691,2.4504923047154117,2.425576312051533,0.2470787715892109,1.9792478083003766,2.7906830634019437,0.29181766376459484,25,3.28461797814822,,0,2.0,1.0986122886681096
7050_RABGGTA_P1P2_ENSG00000100949,RABGGTA,ENSG00000100949,5610,116,10691,1.3472161068475441,1.4548384673908978,0.3365370714316197,0.9106608951780484,1.89485797371122,0.5097032544131015,25,3.115700288753028,,0,88.0,4.48863636973214
7051_RABGGTB_P1P2_ENSG00000137955,RABGGTB,ENSG00000137955,384,169,10691,3.5151750393203156,3.498490940896187,0.13011664883029844,3.251243655446547,3.6679739835469176,0.0931860432940721,25,5.377103859506068,,0,5.0,1.791759469228055
7055_RAC1_P1P2_ENSG00000136238,RAC1,ENSG00000136238,3148,194,10691,4.040794319096559,4.012215581920631,0.22304248187056372,3.5906943605920283,4.297130476730148,0.18531340067402002,25,6.078516473361635,,0,6.0,1.9459101490553132
7057_RAC3_P1P2_ENSG00000169750,RAC3,ENSG00000169750,7032,220,10691,3.4595126301172243,3.4353367586896284,0.11740673453134436,3.2344950679196622,3.5521371802378106,0.17034303013591456,25,5.502538552749168,,2,18.0,2.9444389791664403
7058_RACGAP1_P1P2_ENSG00000161800,RACGAP1,ENSG00000161800,5064,175,10691,1.9641938813423019,1.955893610473799,0.39843515996752804,1.132180498515209,2.440899515611955,0.4862410702011739,25,3.9280785380588226,,0,327.0,5.793013608384144
7059_RAD17_P1P2_ENSG00000152942,RAD17,ENSG00000152942,2365,129,10691,2.4723069107814863,2.4691573756026006,0.23603337216973047,1.9837477687236658,2.781928105102956,0.26899290649255025,25,4.002786807594184,,0,5.0,1.791759469228055
7062_RAD21_P1P2_ENSG00000164754,RAD21,ENSG00000164754,3737,117,10691,2.9579489958789487,2.952229629326863,0.27272303666573766,2.540786289619613,3.390027790458092,0.3790737721840576,25,4.410916977787982,,0,461.0,6.135564891081739
7068_RAD51C_P1P2_ENSG00000108384,RAD51C,ENSG00000108384,6882,65,10691,3.2648188343212174,3.3072322559145526,0.14284584185709634,3.108550083536907,3.525623485614373,0.16227364361134633,25,4.250917473920023,,0,82.0,4.418840607796598
7069_RAD51D_P1P2_ENSG00000185379,RAD51D,ENSG00000185379,6703,142,10691,1.4761124835124888,1.3873064680680094,0.47360513063130105,0.6229473315591966,2.0292632154144665,0.5155946412254879,25,3.2707227726945853,,0,0.0,0.0
7070_RAD51_P1P2_ENSG00000051180,RAD51,ENSG00000051180,5876,241,10691,1.760604785979723,1.7247885128037037,0.2977412286186203,1.2526904949901798,2.1691780635930775,0.4289893206323452,25,3.995109598317505,,0,684.0,6.529418838262226
7076_RAD9A_P1P2_ENSG00000172613,RAD9A,ENSG00000172613,4742,41,10691,1.8884648425741226,1.9060243513780404,0.22424541171040496,1.5814574349871833,2.2031924247962174,0.3855844549828509,25,2.3555792334142893,,0,2.0,1.0986122886681096
7077_RAE1_P1P2_ENSG00000101146,RAE1,ENSG00000101146,7936,59,10691,2.7011463573167163,2.6470996974484473,0.28930114258244793,2.1422836561698135,3.108214144643371,0.3097563848346665,25,3.511053790119447,,0,491.0,6.198478716492308
7093_RANBP2_P1P2_ENSG00000153201,RANBP2,ENSG00000153201,1189,85,10691,3.122235558218712,3.1100484673921516,0.271197442780338,2.743674341170361,3.5052387622045877,0.48182771018635995,25,4.3355244180145425,,0,1.0,0.6931471805599453
7097_RANGAP1_P1P2_ENSG00000100401,RANGAP1,ENSG00000100401,8237,130,10691,2.736036975917478,2.6854728345167054,0.24226192192085294,2.2226538772207025,2.9846039897942367,0.27163233127890374,25,4.319913560602988,,0,981.0,6.889591308354466
7099_RAN_P1P2_ENSG00000132341,RAN,ENSG00000132341,5376,193,10691,2.655168446752115,2.6004991716905073,0.44234431166660765,2.1011519453172465,3.219878657744489,0.5329578255095582,25,4.707121810834642,,0,176.0,5.176149732573829
7116_RARS2_P1P2_ENSG00000146282,RARS2,ENSG00000146282,2957,148,10691,2.9140437004243367,2.8813902093742803,0.19090983931994623,2.5614982484025903,3.139270099033397,0.29433751713951395,25,4.625682075682896,,0,278.0,5.631211781821365
7117_RARS_P1P2_ENSG00000113643,RARS,ENSG00000113643,2580,404,10691,3.4295673596657865,3.4195619671169037,0.28336394933729353,2.967453615552322,3.719525337876076,0.29314230385387186,25,6.1121211993697155,2.456215764309104,17,4801.0,8.4767877767812
713_AURKAIP1_P1P2_ENSG00000175756,AURKAIP1,ENSG00000175756,14,76,10691,4.217477788796117,4.203191994997516,0.18278363648528018,3.8740086342103166,4.431287546163157,0.2029271285183567,25,5.479741982253527,,0,6.0,1.9459101490553132
7140_RBBP4_P1P2_ENSG00000162521,RBBP4,ENSG00000162521,198,90,10691,3.857450191537615,3.8069771699547266,0.2511941139213153,3.381110614794534,4.076093896064011,0.3147953289073149,25,5.109578417372969,,0,79.0,4.382026634673881
7142_RBBP6_P1P2_ENSG00000122257,RBBP6,ENSG00000122257,6286,86,10691,2.9138391483420936,2.9209745291114264,0.2410714106582884,2.518133738721639,3.2179077815462205,0.2121548472792245,25,4.1323136405496035,,0,743.0,6.612041034833092
7144_RBBP8_P1P2_ENSG00000101773,RBBP8,ENSG00000101773,7092,117,10691,1.8884165030241569,1.8855770273923531,0.31266326314911463,1.5109652293147164,2.2621516753048456,0.37765570063781606,25,3.5186463502229337,,0,66.0,4.204692619390966
714_AURKA_P1P2_ENSG00000087586,AURKA,ENSG00000087586,7932,58,10691,2.6873337852632586,2.712467424871544,0.2803305820581213,2.2533135698730065,3.184004848192157,0.30652190821744174,25,3.5367850100500293,,0,41.0,3.7376696182833684
7152_RBM10_P1P2_ENSG00000182872,RBM10,ENSG00000182872,8352,130,10691,2.439586908439517,2.4688854488785794,0.20032111426126492,2.2088780269002806,2.743194130356029,0.3252476163941189,25,4.120589759584635,,0,26.0,3.295836866004329
7157_RBM14_P1P2_ENSG00000239306,RBM14,ENSG00000239306,4734,228,10691,2.439804230902787,2.3510394270702015,0.42361765854182676,1.6624259019422927,2.8615003680483575,0.6875421051164223,25,4.613058502756201,,0,1412.0,7.253470382684528
715_AURKB_P1P2_ENSG00000178999,AURKB,ENSG00000178999,6609,33,10691,1.086437123900246,1.1063746167900277,0.4276326344177297,0.3942132839398562,1.7085308267128827,0.6210749636928674,25,1.40037647401583,,0,4.0,1.6094379124341003
7161_RBM17_P1P2_ENSG00000134453,RBM17,ENSG00000134453,4149,76,10691,3.6147508268184514,3.608660252087694,0.24104775906196488,3.2649834838346634,3.905402485140753,0.32680186759108665,25,4.723296254753507,,0,225.0,5.420534999272286
7163_RBM19_P1P2_ENSG00000122965,RBM19,ENSG00000122965,5298,43,10691,2.415168804283754,2.4414722696374,0.2681021945819922,2.036242604823636,2.7968097365728606,0.3492642198060105,25,2.926015641208872,,0,109.0,4.700480365792417
7166_RBM25_P1P2_ENSG00000119707,RBM25,ENSG00000119707,5740,70,10691,3.834337951873124,3.811607631092451,0.1680843399056869,3.5103231884995094,4.038670810996723,0.17385138671067057,25,4.840289832336326,,0,1918.0,7.5595594960077
7169_RBM28_P1P2_ENSG00000106344,RBM28,ENSG00000106344,3424,68,10691,3.719901560695204,3.747494684855038,0.12374596041351663,3.5598201162573835,3.9454051566402164,0.17165839535458183,25,4.689339781347885,,0,486.0,6.18826412308259
7173_RBM39_P1P2_ENSG00000131051,RBM39,ENSG00000131051,7860,79,10691,3.487614666456786,3.4709133771358385,0.3039557596876498,2.911917990494918,3.828644910700607,0.4715621839058528,25,4.616384907857617,,0,421.0,6.045005314036012
7176_RBM42_P1P2_ENSG00000126254,RBM42,ENSG00000126254,7491,79,10691,2.950496074013139,2.897627849179712,0.2965295081081789,2.3607585976981196,3.3466993260915907,0.4094448712062504,25,4.061033983577071,,0,351.0,5.863631175598097
7178_RBM48_P1P2_ENSG00000127993,RBM48,ENSG00000127993,3311,55,10691,1.949242640010194,1.9523081549563157,0.08603573999708897,1.8191081146172763,2.0726438156204425,0.1235784400935942,25,2.685902145130495,,0,178.0,5.187385805840755
7180_RBM4_P1_ENSG00000173933,RBM4,ENSG00000173933,4735,51,10691,2.2357811145840683,2.1389570369707234,0.3583034950160894,1.5240557123892777,2.6364203426098887,0.42293637701248477,25,2.8443843209713995,,0,9.0,2.302585092994046
7181_RBM4_P2_ENSG00000173933,RBM4,ENSG00000173933,4735,170,10691,3.356780809777427,3.389908072110225,0.17541729267877706,3.1765278407472444,3.6952941166377493,0.28754777741946125,25,5.286485977244583,,0,498.0,6.212606095751519
7185_RBM8A_P1P2_ENSG00000265241,RBM8A,ENSG00000265241,517,39,10691,3.0638125232453115,3.079397049065443,0.14252557672945393,2.881959848381039,3.3539323306895095,0.1435669911424542,25,3.5082680168049003,,0,106.0,4.672828834461906
7186_RBMX2_P1P2_ENSG00000134597,RBMX2,ENSG00000134597,8487,244,10691,2.164970160246895,2.115253627459208,0.4714913369953864,1.5338794189313136,2.650593235446187,0.5440128470119534,25,4.410724584478341,,2,3583.0,8.18423477409482
7187_RBMXL1_P1P2_ENSG00000213516,RBMXL1,ENSG00000213516,410,60,10691,2.198924609596975,2.228851332866292,0.1882821547974939,1.9721863159760304,2.4552231238307676,0.29710909264875474,25,3.042669778424807,,0,1.0,0.6931471805599453
7188_RBMX_P1P2_ENSG00000147274,RBMX,ENSG00000147274,8502,147,10691,3.8765003049166404,3.8621459060687098,0.1595921457344557,3.5616068842376256,4.054349610261471,0.2077811300906065,25,5.557866782700052,,0,573.0,6.352629396319567
7193_RBX1_P1P2_ENSG00000100387,RBX1,ENSG00000100387,8234,57,10691,3.9004474066912778,3.8751949273570925,0.172096140143499,3.552894489389293,4.089604981736983,0.22408112393635227,25,4.751920776834754,,0,315.0,5.755742213586912
7198_RCC1_P1_ENSG00000180198,RCC1,ENSG00000180198,169,65,10691,0.0,0.01673373291066063,0.059398250510640606,0.0,0.13080556974743274,0.0,25,0.0,,0,34.0,3.5553480614894135
7199_RCC1_P2_ENSG00000180198,RCC1,ENSG00000180198,169,161,10691,2.659643645932188,2.6595934478115963,0.2874900216373223,2.2596371010296705,3.154809671203451,0.30521872772233793,25,4.443447796147987,,0,139.0,4.941642422609304
7206_RCL1_P1P2_ENSG00000120158,RCL1,ENSG00000120158,3820,106,10691,1.9255756992652682,1.7614670559485495,0.3410980325693521,1.0522703600493841,2.073962098169276,0.42347470829777234,25,3.1650865147348046,,0,1196.0,7.087573705557973
7210_RCOR1_P1P2_ENSG00000089902,RCOR1,ENSG00000089902,5818,35,10691,0.0,0.05533449954591111,0.24214998977249824,0.0,0.1426945437609381,0.0,25,0.0,,0,0.0,0.0
7241_REV3L_P1P2_ENSG00000009413,REV3L,ENSG00000009413,3005,101,10691,1.606859499023049,1.635495474669002,0.4511265474980297,0.8876638318921262,2.377791350042282,0.6075090087948507,25,3.175243771793083,,0,1.0,0.6931471805599453
7243_REXO2_P1P2_ENSG00000076043,REXO2,ENSG00000076043,4872,79,10691,3.651957715100529,3.6394479395753554,0.14471155013378717,3.408731885946627,3.84782760162612,0.22670379860948575,25,4.726082531176161,,0,303.0,5.717027701406222
7245_RFC1_P1P2_ENSG00000035928,RFC1,ENSG00000035928,2033,149,10691,2.7844371932812586,2.7462620135327653,0.31426520544322634,2.1991898762932944,3.1401648112829275,0.4287833368581344,25,4.589624147635234,,0,565.0,6.338594078203183
7246_RFC2_P1P2_ENSG00000049541,RFC2,ENSG00000049541,3278,97,10691,3.398718031921712,3.3723531157349784,0.13465622891216528,3.123579911181156,3.537979815204621,0.15014060473302493,25,4.674130510458217,,0,400.0,5.993961427306569
7247_RFC3_P1P2_ENSG00000133119,RFC3,ENSG00000133119,5431,229,10691,3.2250521002065726,3.2358247327911074,0.18992256007143793,2.9628137476534717,3.4916141562017415,0.26779245788056105,25,5.443461072168468,,2,1424.0,7.261927092702751
7248_RFC4_P1P2_ENSG00000163918,RFC4,ENSG00000163918,1925,72,10691,2.9159804942518606,2.8572996379313276,0.2507479572156545,2.442287777798237,3.1214651303717273,0.24763049777220925,25,3.8808312155469924,,0,107.0,4.68213122712422
7249_RFC5_P1P2_ENSG00000111445,RFC5,ENSG00000111445,5304,111,10691,2.6349980161234585,2.6219361164598327,0.31631628162405767,2.148284404681902,3.0255548935390943,0.4341225418354835,25,4.157589872870545,,0,68.0,4.23410650459726
7255_RFT1_P1P2_ENSG00000163933,RFT1,ENSG00000163933,1683,121,10691,2.1642362499095347,2.0714775871409343,0.2948041814947538,1.5114163045926279,2.376248859057141,0.3341426147653763,25,3.6178922959009694,,0,2.0,1.0986122886681096
7271_RGP1_P1P2_ENSG00000107185,RGP1,ENSG00000107185,3862,130,10691,0.0,0.26281135661682226,0.3936066677254216,0.0,1.0724934972435454,0.43113688447828974,25,0.1369248693509271,,0,1.0,0.6931471805599453
7295_RHOQ_P1P2_ENSG00000119729,RHOQ,ENSG00000119729,1016,185,10691,1.455784534269302,1.2049493352451244,0.7481592238004375,0.0,2.002768070118649,1.1741506543716977,25,3.5810219315029075,,0,1.0,0.6931471805599453
7310_RINT1_P1P2_ENSG00000135249,RINT1,ENSG00000135249,3385,145,10691,2.506827594711494,2.4669694319203184,0.1328835095734844,2.2245984094245097,2.62312481170632,0.22058712714232964,25,4.151038482339381,,0,100.0,4.61512051684126
7311_RIOK1_P1P2_ENSG00000124784,RIOK1,ENSG00000124784,2669,326,10691,2.92391852590573,2.87228658637423,0.26865758023656633,2.3535845165705083,3.1939077676877705,0.25724658557683266,25,5.419475766630905,1.6650468995132373,8,2487.0,7.81923445385907
7312_RIOK2_P1P2_ENSG00000058729,RIOK2,ENSG00000058729,2427,174,10691,3.0628990827389226,2.9733835591822504,0.30953374020679214,2.6362264560964586,3.2641825100518607,0.4413187734179931,25,4.910895840219777,,1,1839.0,7.517520850603031
7322_RMI1_P1P2_ENSG00000178966,RMI1,ENSG00000178966,3900,203,10691,2.332232119409593,2.3400123295076654,0.2339147636802571,1.978639978774514,2.5921831938055173,0.2769731970825542,25,4.306353944860736,,2,141.0,4.955827057601261
7331_RNASEH2C_P1P2_ENSG00000172922,RNASEH2C,ENSG00000172922,4710,102,10691,3.5765222014548947,3.543333762010436,0.11933146849360214,3.3564930405866673,3.7246310105067804,0.14242967290844222,25,4.9005530596084785,,0,118.0,4.77912349311153
7338_RNF113A_P1P2_ENSG00000125352,RNF113A,ENSG00000125352,8471,176,10691,1.11968011569886,1.045166156082827,0.5495591004573077,0.011254460095196832,1.776588854975343,0.6486397262182656,25,3.1662860253521803,,0,3563.0,8.1786387885907
7343_RNF123_P1P2_ENSG00000164068,RNF123,ENSG00000164068,1636,111,10691,1.657907797376922,1.7327620968004445,0.38360268088314114,1.237541626035318,2.1602465035573646,0.6806705616805355,25,3.26449736659049,,0,0.0,0.0
7357_RNF14_P1P2_ENSG00000013561,RNF14,ENSG00000013561,2535,240,10691,2.1407754527540606,2.092252551286142,0.3584960751125485,1.5509985377800444,2.53444245523486,0.29354671340949956,25,4.354052585079594,,1,7.0,2.0794415416798357
7362_RNF168_P1P2_ENSG00000163961,RNF168,ENSG00000163961,1941,61,10691,0.9094276551642978,0.9153537354338995,0.6284020150586184,0.0,1.9417787566738502,0.8811333734073253,25,2.0715151503498666,,0,1.0,0.6931471805599453
7375_RNF20_P1P2_ENSG00000155827,RNF20,ENSG00000155827,3959,124,10691,2.4272603341367582,2.425350201024003,0.2437691164483018,1.97101094368035,2.736048646058071,0.26171920636257084,25,4.026747944860309,,0,1365.0,7.2196420401307355
7390_RNF40_P1P2_ENSG00000103549,RNF40,ENSG00000103549,6335,198,10691,2.469120892038905,2.4717117137117417,0.1506183626913095,2.221116113409516,2.719853948448562,0.18739339396811605,25,4.418361388213209,,1,474.0,6.163314804034641
7393_RNF4_P1P2_ENSG00000063978,RNF4,ENSG00000063978,1981,32,10691,1.7215134414481614,1.8032503491694376,0.303618024839381,1.383519794067588,2.220538823413094,0.4820825531886672,25,1.9834447512791962,,0,40.0,3.713572066704308
7397_RNF8_P1P2_ENSG00000112130,RNF8,ENSG00000112130,2853,176,10691,3.222140513129753,3.2133905431583742,0.16928478351429255,2.9037322827154273,3.4145257351992218,0.17752218981983958,25,5.1362917962279,,1,2.0,1.0986122886681096
7400_RNGTT_P1P2_ENSG00000111880,RNGTT,ENSG00000111880,2960,115,10691,2.4763876940039613,2.4013204282459975,0.3141363076254299,2.0221481715092366,2.741414911912176,0.4267298804033768,25,3.9502590890405034,,0,66.0,4.204692619390966
7403_RNMT_P1P2_ENSG00000101654,RNMT,ENSG00000101654,7085,114,10691,2.5886205852112116,2.4996190688217066,0.29398233307922916,1.834973827274949,2.7526346298583384,0.12485198872329528,25,3.88891958062525,,0,421.0,6.045005314036012
7404_RNPC3_P1P2_ENSG00000185946,RNPC3,ENSG00000185946,448,74,10691,1.7548328571615657,1.7617972928787142,0.07879646522161377,1.6711947587440472,1.9029986280497229,0.09325038383639161,25,2.7992320001372404,,0,191.0,5.2574953720277815
7407_RNPS1_P1P2_ENSG00000205937,RNPS1,ENSG00000205937,6172,131,10691,2.8556468257362475,2.870255553484481,0.44294306829733654,1.9767132782976384,3.3556515134225817,0.5392352175419579,25,4.524283351317868,,0,143.0,4.969813299576001
7411_ROMO1_P1P2_ENSG00000125995,ROMO1,ENSG00000125995,7859,87,10691,3.503944394955049,3.49575919160252,0.12112750350013352,3.3571310396547047,3.715279085474262,0.0959111024641337,25,4.6770999298454745,,0,843.0,6.738152494595957
7418_RPA1_P1P2_ENSG00000132383,RPA1,ENSG00000132383,6543,469,10691,1.6424067065543926,1.4474199533209071,0.8454464708982592,0.0,2.4574486537709244,1.3419851793762851,25,4.391512201062662,0.9893254670768813,26,1979.0,7.590852123688581
7419_RPA2_P1P2_ENSG00000117748,RPA2,ENSG00000117748,163,225,10691,3.3163691454877418,3.2501900257409106,0.2809751331730251,2.742318189594355,3.557789534626649,0.3423714974881933,25,5.346394671147446,2.3922327191423753,3,2265.0,7.725771441587952
7420_RPA3_P1P2_ENSG00000106399,RPA3,ENSG00000106399,3156,208,10691,3.1158463009344093,3.1207237261218284,0.26055962806701527,2.6985384402898998,3.523487488143138,0.32023000922750144,25,5.2478364516638845,,0,1360.0,7.215975002651466
7421_RPAIN_P1P2_ENSG00000129197,RPAIN,ENSG00000129197,6575,108,10691,3.2754546137261302,3.233424241628856,0.1712559702854962,2.921834090883147,3.4252353845990697,0.22085814461898767,25,4.6643700207297485,,0,2.0,1.0986122886681096
7422_RPAP1_P1P2_ENSG00000103932,RPAP1,ENSG00000103932,5888,91,10691,2.427283432442539,2.4046261239549627,0.1828773359895754,2.100887544688782,2.640286642502199,0.25034123120688445,25,3.5902432208089907,,0,1512.0,7.321849713788356
7423_RPAP2_P1P2_ENSG00000122484,RPAP2,ENSG00000122484,420,398,10691,2.822302282147597,2.7921023433731076,0.20667603088538927,2.413359557154871,3.0334645591771094,0.29019893921477635,25,5.419384436342679,1.9439788355322574,13,5995.0,8.698847859222488
7425_RPE_P1P2_ENSG00000197713,RPE,ENSG00000197713,1387,118,10691,2.724205015820357,2.7522266241917266,0.16740869705656225,2.51288521188412,2.9655034633360216,0.2936194545366124,25,4.26244402155973,,1,3.0,1.3862943611198906
7426_RPF1_P1P2_ENSG00000117133,RPF1,ENSG00000117133,393,125,10691,2.9416934124668845,2.8716328266718194,0.2309518392928278,2.4740706980882483,3.1877408149586786,0.3107247466592895,25,4.439190038866284,,0,513.0,6.2422232654551655
7427_RPF2_P1P2_ENSG00000197498,RPF2,ENSG00000197498,3003,68,10691,3.199752479564594,3.179755686097883,0.1868761756792764,2.9289324257726785,3.4385414658542754,0.2837490850724005,25,4.1564315085586,,0,331.0,5.805134968916488
7431_RPL10A_P1P2_ENSG00000198755,RPL10A,ENSG00000198755,2840,257,10691,4.183378900697306,4.170091700499069,0.178803833884977,3.922542488864746,4.427401763478095,0.2543929221729462,25,6.49567091353831,,1,1973.0,7.587817219993427
7432_RPL10_P1P2_ENSG00000147403,RPL10,ENSG00000147403,8526,276,10691,4.040858661335882,4.04774866245061,0.19127503561922332,3.792436618797515,4.346730573541956,0.2899555382156942,25,6.455172144270852,3.0469397565125917,3,2128.0,7.663407664893479
7433_RPL11_P1P2_ENSG00000142676,RPL11,ENSG00000142676,120,387,10691,4.225814809750787,4.253474412945937,0.15654854650484784,3.9607746206273786,4.5351766098880795,0.1580025948244561,25,6.862407428289914,3.2869863454208237,13,2626.0,7.87359778968554
7434_RPL12_P1P2_ENSG00000197958,RPL12,ENSG00000197958,4018,255,10691,4.030511215356866,4.027246819259442,0.16861156771174615,3.806890261543693,4.240506929144102,0.27894001865339346,25,6.346170142888295,2.800365363623986,3,2525.0,7.8343923029104365
7435_RPL13A_P1_ENSG00000142541,RPL13A,ENSG00000142541,7644,96,10691,3.993327232292285,3.956488145179054,0.2325889870504144,3.5093304908644996,4.267162347507646,0.3222558916718583,25,5.482849903424358,,0,93.0,4.543294782270004
7436_RPL13A_P2_ENSG00000142541,RPL13A,ENSG00000142541,7644,62,10691,3.86391742379762,3.837862697453302,0.14823502785535153,3.606018761362122,4.030269159966914,0.25472339462256155,25,4.83085339513039,,0,18.0,2.9444389791664403
7437_RPL13_P1P2_ENSG00000167526,RPL13,ENSG00000167526,6518,337,10691,4.014326143687961,3.9752170514367795,0.2074742197603981,3.671043338859827,4.252577960102501,0.2551840661596332,25,6.5752193595038975,3.064316934484684,10,2548.0,7.8434564043761155
7438_RPL14_P1P2_ENSG00000188846,RPL14,ENSG00000188846,1573,220,10691,4.379653434008054,4.384800680310416,0.1292804204738664,4.177949281069175,4.6012107740079955,0.1349086370437922,25,6.636609607560893,,1,2887.0,7.968319500012717
7439_RPL15_P1P2_ENSG00000174748,RPL15,ENSG00000174748,1537,168,10691,4.259968582349038,4.279503552763039,0.1339453012448038,4.083802767681195,4.44074604268248,0.14702218889830565,25,6.285583773539792,,0,3200.0,8.071218539969863
7441_RPL17_P1P2_ENSG00000265681,RPL17,ENSG00000265681,7126,149,10691,4.497105091777527,4.487205720741845,0.12229318999687698,4.261845822595461,4.638369566629922,0.0886279712764857,25,6.431637844094793,,0,2796.0,7.936302693201959
7442_RPL18A_P1P2_ENSG00000105640,RPL18A,ENSG00000105640,7411,65,10691,4.418708220437884,4.426191073097571,0.08331383965117273,4.299198432095784,4.576740735741275,0.10950665556426831,25,5.630254888573134,,0,212.0,5.3612921657094255
7443_RPL18_P1P2_ENSG00000063177,RPL18,ENSG00000063177,7631,308,10691,4.106575456277515,4.105932114177967,0.18459440744994002,3.775207631212777,4.340693505663904,0.3013962063117406,25,6.5438149349619765,2.982992307717166,9,2827.0,7.947325027016463
7444_RPL19_P1P2_ENSG00000108298,RPL19,ENSG00000108298,6731,238,10691,4.537332814437677,4.511514166989642,0.08920387776387562,4.38861765127067,4.6300045503376985,0.14559566219845976,25,6.820698413311186,,1,2911.0,7.976595409316577
7445_RPL21_P1P2_ENSG00000122026,RPL21,ENSG00000122026,5415,262,10691,4.261727856097174,4.185916744738221,0.241940180638382,3.8527539122593293,4.479672642134081,0.31132740177680596,25,6.602306014256935,,2,2221.0,7.706162970199575
7449_RPL23A_P1P2_ENSG00000198242,RPL23A,ENSG00000198242,6670,99,10691,4.399007153947716,4.402580257113167,0.11809144551397634,4.207896776889513,4.561091805899331,0.1598990116627501,25,5.9951676025702385,,0,2215.0,7.703459047867175
7450_RPL23_P1P2_ENSG00000125691,RPL23,ENSG00000125691,6729,398,10691,4.511861514605809,4.4810866466424315,0.14313133165167768,4.263253257583653,4.653463323023258,0.13012276391273936,25,7.169385733166594,3.5902620643305014,14,3609.0,8.191463051326927
7451_RPL24_P1P2_ENSG00000114391,RPL24,ENSG00000114391,1738,460,10691,4.534984523774573,4.5194793125364505,0.0802493682503406,4.3726198075404845,4.630297607009115,0.09171700799428972,25,7.307066165858783,3.6033521866012332,26,3424.0,8.138856750696325
7452_RPL26L1_P1P2_ENSG00000037241,RPL26L1,ENSG00000037241,2589,148,10691,3.7342468025031796,3.718641709667269,0.09153184182406157,3.5780128291202913,3.8395050410476848,0.15430629581122535,25,5.44432050359893,,0,1.0,0.6931471805599453
7453_RPL26_P1P2_ENSG00000161970,RPL26,ENSG00000161970,6612,209,10691,4.606315369120789,4.596298725209122,0.06926355194106068,4.49419675725858,4.684906143678593,0.08763849187474371,25,6.742566044797011,,1,2592.0,7.860570785538664
7454_RPL27A_P1P2_ENSG00000166441,RPL27A,ENSG00000166441,4495,202,10691,4.442057210053254,4.4158975495570205,0.14486496602417062,4.183447919485399,4.587311492984326,0.15106227682832785,25,6.572344825717101,,1,2905.0,7.974532844130228
7455_RPL27_P1P2_ENSG00000131469,RPL27,ENSG00000131469,6784,38,10691,4.700219549368708,4.701288940711177,0.013691518861041944,4.682647539915419,4.725996968932781,0.014507729995993479,25,5.544448187051601,,0,1168.0,7.063903961472068
7456_RPL28_P1P2_ENSG00000108107,RPL28,ENSG00000108107,7706,50,10691,4.599247089984473,4.582561566233383,0.05490443888076326,4.50495083481021,4.6694860184868165,0.08751963756422843,25,5.66262694614476,,0,30.0,3.4339872044851463
7457_RPL29_P1P2_ENSG00000162244,RPL29,ENSG00000162244,1665,88,10691,4.561210474741728,4.549228375426693,0.0589767691591362,4.4562601213437825,4.622240897438825,0.09199261154491811,25,6.08215211349516,,0,28.0,3.367295829986474
7458_RPL30_P1P2_ENSG00000156482,RPL30,ENSG00000156482,3707,365,10691,4.491377181502909,4.467448329312661,0.09508851774993604,4.324267898977649,4.601076725634186,0.15272544211074113,25,7.056181561068677,3.4732174530828073,12,2962.0,7.993957547573565
7459_RPL31_P1P2_ENSG00000071082,RPL31,ENSG00000071082,1177,294,10691,4.260946915058966,4.270388857398689,0.12722058118582025,4.105525376297618,4.465128918633513,0.17500824233555612,25,6.736852973375935,3.2712455251911345,5,3421.0,8.137980454452139
7460_RPL32_P1P2_ENSG00000144713,RPL32,ENSG00000144713,1509,208,10691,4.152711498783258,4.118132152729567,0.16682463740682626,3.868980655348935,4.346000872098055,0.19331035763064097,25,6.313419714385015,,1,1536.0,7.337587743538596
7461_RPL34_P1P2_ENSG00000109475,RPL34,ENSG00000109475,2151,330,10691,4.1562841080018735,4.152331775418088,0.18974726615874235,3.8857170833791943,4.420167933345669,0.26795037956475465,25,6.67107965699717,3.097728539346326,10,3067.0,8.028781162487146
7462_RPL35A_P1P2_ENSG00000182899,RPL35A,ENSG00000182899,1956,137,10691,3.9716208203687646,3.957392517557815,0.2517868877828629,3.576929463584892,4.347193183112996,0.25293753582191236,25,5.789486014772944,,0,1218.0,7.105786129481271
7463_RPL35_P1P2_ENSG00000136942,RPL35,ENSG00000136942,4008,46,10691,4.220240875175911,4.2251019802034495,0.09441956777501308,4.125368910293788,4.389667403456367,0.13350889927289256,25,5.0919946918395445,,0,544.0,6.300785794663244
7464_RPL36AL_P1P2_ENSG00000165502,RPL36AL,ENSG00000165502,5662,152,10691,4.236131154355618,4.238512107761736,0.11747767624838575,4.083205297910875,4.428783438167894,0.1357736498375095,25,6.0860764341585405,,1,4.0,1.6094379124341003
7465_RPL36A_P1P2_ENSG00000241343,RPL36A,ENSG00000241343,8438,84,10691,4.522380016068378,4.519781122878969,0.09770387430032172,4.366005108516462,4.662788463563947,0.13737824162756151,25,5.958066849140973,,0,142.0,4.962844630259907
7466_RPL36_P1P2_ENSG00000130255,RPL36,ENSG00000130255,7253,204,10691,4.521545514626869,4.516269138637376,0.09309343041606427,4.366550291537219,4.6369758920962205,0.14495453489308918,25,6.687996184945642,,1,2844.0,7.953318346560431
7467_RPL37A_P1P2_ENSG00000197756,RPL37A,ENSG00000197756,1393,386,10691,4.114991791138917,4.12564532060627,0.16021187047686636,3.8739387187140624,4.423027652690243,0.1525954295378691,25,6.818045444265088,3.2293505776564264,17,2831.0,7.94873845481361
7468_RPL37_P1P2_ENSG00000145592,RPL37,ENSG00000145592,2309,382,10691,4.304275985053102,4.283861819060165,0.1366302389691802,4.015502028742718,4.464355764507986,0.15879159660833686,25,6.908010004145975,3.2879214158779075,12,1472.0,7.29505641646263
7469_RPL38_P1P2_ENSG00000172809,RPL38,ENSG00000172809,6939,184,10691,4.493241773523333,4.460285367851942,0.1287239424871118,4.238967526323834,4.616071944705551,0.15316495221640292,25,6.553762055364914,,2,2483.0,7.81762544305337
7471_RPL39_P1P2_ENSG00000198918,RPL39,ENSG00000198918,8469,37,10691,4.3971045006558,4.383357283261039,0.07644618791322472,4.269356557226779,4.491255227221509,0.14245359457819085,25,5.165409740249636,,0,148.0,5.003946305945459
7472_RPL3_P1P2_ENSG00000100316,RPL3,ENSG00000100316,8220,1996,10691,2.5685883435174333,2.5248447008829453,0.5781704452827129,1.6013946887423975,3.232317695800276,0.98758822057904,25,6.5939559340273055,2.6890495396449356,48,555.0,6.320768294250582
7473_RPL41_P1P2_ENSG00000229117,RPL41,ENSG00000229117,5120,47,10691,4.615799795686035,4.638814385237732,0.04504332643044671,4.590449497715943,4.694223744687824,0.088508981901124,25,5.669303139527877,,0,2.0,1.0986122886681096
7474_RPL4_P1P2_ENSG00000174444,RPL4,ENSG00000174444,5986,345,10691,4.192546640589251,4.175929100326517,0.16033243175983833,3.910681812235283,4.396176030621746,0.26101168956447296,25,6.718197940766638,3.105757051745522,8,2852.0,7.9561263512135
7475_RPL5_P1P2_ENSG00000122406,RPL5,ENSG00000122406,422,200,10691,4.126317419359808,4.094437144494529,0.24099266490655005,3.708077868474298,4.427110484280281,0.37727160380388414,25,6.281194498489645,,1,2184.0,7.68937110752969
7476_RPL6_P1P2_ENSG00000089009,RPL6,ENSG00000089009,5293,273,10691,4.46808174941864,4.466584890572517,0.0937222966134976,4.309281933230916,4.618626020333142,0.09353243550134671,25,6.892235108023934,3.5016485929822156,4,3421.0,8.137980454452139
7478_RPL7L1_P1P2_ENSG00000146223,RPL7L1,ENSG00000146223,2872,30,10691,3.880694339258658,3.88452244925163,0.057408546042215486,3.7988811238746334,3.9819024428093828,0.07601314920640023,25,4.066357960345967,,0,100.0,4.61512051684126
7479_RPL7_P1P2_ENSG00000147604,RPL7,ENSG00000147604,3661,301,10691,4.110874254357588,4.142562998785137,0.168581632999791,3.88001431945135,4.443591188183677,0.2187333904579667,25,6.679097193756945,3.2599605856391243,7,2863.0,7.9599745280805365
7480_RPL8_P1P2_ENSG00000161016,RPL8,ENSG00000161016,3811,384,10691,4.0991418196412654,4.129388117826646,0.1712329988322902,3.8965124231075094,4.407193232238496,0.28475677881559225,25,6.758997232100359,3.1856370393109206,16,3026.0,8.01532730902172
7481_RPL9_P1P2_ENSG00000163682,RPL9,ENSG00000163682,2034,242,10691,4.097891311228399,4.111422827864077,0.16178054367039857,3.8840283860822686,4.378864100515848,0.27090267230887166,25,6.419324742969078,,2,2346.0,7.760893195851024
7482_RPLP0_P1P2_ENSG00000089157,RPLP0,ENSG00000089157,5315,184,10691,4.2136091097090125,4.154204600623841,0.20672376123961103,3.875747572835576,4.440866812174932,0.15978192487910814,25,6.220065243020811,,1,1901.0,7.550661243105336
7483_RPLP1_P1P2_ENSG00000137818,RPLP1,ENSG00000137818,6000,117,10691,4.28212065549217,4.25634738889855,0.14226871673994945,4.048707193818219,4.436215543861096,0.1309093541573212,25,6.0163299578394716,,0,332.0,5.808142489980444
7484_RPLP2_P1P2_ENSG00000177600,RPLP2,ENSG00000177600,4456,222,10691,4.4472943852132145,4.4167646206730975,0.10288946582253788,4.230150258231442,4.524904423113581,0.12761718704748493,25,6.678884124333749,,0,1267.0,7.145196134997171
7485_RPN1_P1P2_ENSG00000163902,RPN1,ENSG00000163902,1790,52,10691,3.377886130865733,3.3791150711222655,0.17226789901878245,3.1299439634415744,3.625124516311798,0.229537663799523,25,4.014165006698135,,0,9.0,2.302585092994046
7486_RPN2_P1P2_ENSG00000118705,RPN2,ENSG00000118705,7872,105,10691,4.004956019243069,3.9631335081413717,0.16877291816084086,3.6779203040461397,4.1476891406260155,0.19224672567226797,25,5.389807924823304,,0,4.0,1.6094379124341003
7487_RPP14_P1P2_ENSG00000163684,RPP14,ENSG00000163684,1697,56,10691,2.021965573095429,2.0842570194505234,0.2879819754756484,1.6248000057281469,2.5318117519366434,0.3384166922328411,25,2.898956787202392,,0,453.0,6.118097198041348
7488_RPP21_P1P2_ENSG00000241370,RPP21,ENSG00000241370,2753,60,10691,3.510073055073184,3.5338476528960077,0.12632859859122175,3.339295193767462,3.6882201744056164,0.17670605076987522,25,4.345659869512256,,0,4.0,1.6094379124341003
7491_RPP30_P1P2_ENSG00000148688,RPP30,ENSG00000148688,4310,101,10691,2.92214370800544,2.9559800031712813,0.11491914038500432,2.828127885386284,3.1454974573130383,0.15132208546062476,25,4.294186618580879,,0,766.0,6.642486801367256
7492_RPP38_P1P2_ENSG00000152464,RPP38,ENSG00000152464,4172,56,10691,2.4857713266602866,2.435140747488416,0.291711364853306,1.951510791259845,2.8423831664046673,0.37198087308374816,25,3.2094193119567715,,0,130.0,4.875197323201151
7493_RPP40_P1P2_ENSG00000124787,RPP40,ENSG00000124787,2664,78,10691,2.7053391949165113,2.7084075405506605,0.057651522623126936,2.6212212749291677,2.806220096893682,0.06827467449455726,25,3.771289586706204,,0,629.0,6.4457198193855785
7498_RPS10_P1P2_ENSG00000124614,RPS10,ENSG00000124614,2831,106,10691,4.250984844294453,4.2437500212760195,0.1279916712288128,4.085278165850613,4.394993154261927,0.1643788026156221,25,5.8203002061294855,,0,977.0,6.885509670034818
7499_RPS11_P1P2_ENSG00000142534,RPS11,ENSG00000142534,7645,268,10691,4.374085845933682,4.377546467710482,0.13026567610724168,4.161344581188737,4.586833808554833,0.15197022784743108,25,6.773020258274943,,0,3212.0,8.074960359115858
7500_RPS12_P1P2_ENSG00000112306,RPS12,ENSG00000112306,3042,485,10691,4.392155083232195,4.397162549452734,0.13888026483488505,4.1783988565580685,4.622712286650078,0.20861097444926013,25,7.207422498328055,3.5077985919607744,28,3604.0,8.190077049719049
7501_RPS13_P1P2_ENSG00000110700,RPS13,ENSG00000110700,4520,135,10691,4.557935106383732,4.553909988357552,0.09362797398132264,4.410721924570104,4.69554420816628,0.14894657843543957,25,6.392039943930264,,0,2799.0,7.937374696163295
7502_RPS14_P1P2_ENSG00000164587,RPS14,ENSG00000164587,2550,181,10691,4.332829171704347,4.315131979316022,0.18211431479128992,3.9738442224355786,4.538018590942685,0.28808766383674644,25,6.403868301784911,,0,1720.0,7.450660796211539
7503_RPS15A_P1P2_ENSG00000134419,RPS15A,ENSG00000134419,6254,314,10691,4.292510120064721,4.294709664885271,0.15246348126252865,4.075911151566227,4.507480225404537,0.24097028345796545,25,6.765989697637658,3.4348633531432804,6,2940.0,7.9865049385539955
7505_RPS16_P1P2_ENSG00000105193,RPS16,ENSG00000105193,7529,57,10691,4.552828524503401,4.544940647482226,0.058680286836738565,4.436740523428087,4.625344335279695,0.06886235759299808,25,5.662359293001283,,0,916.0,6.821107472256465
7506_RPS17_ENST00000330339.7_ENSG00000182774,RPS17,ENSG00000182774,6058,223,10691,3.9903212978533134,3.992877989687863,0.15300271801618423,3.771382272595093,4.199131150030677,0.22938714913663105,25,6.172041994245786,,1,1719.0,7.450079569807499
7507_RPS18_P1P2_ENSG00000231500,RPS18,ENSG00000231500,2815,122,10691,4.616458185839084,4.601006780651143,0.0613007015215734,4.489351694699276,4.673874262959137,0.08846992169316348,25,6.379814572678399,,0,2529.0,7.835974581721566
7508_RPS19BP1_P1P2_ENSG00000187051,RPS19BP1,ENSG00000187051,8226,54,10691,4.312737732769449,4.313196542346299,0.08309621838201604,4.194036432418577,4.41806425850404,0.08913537670081162,25,5.115152021123071,,0,647.0,6.473890696352274
7509_RPS19_P1P2_ENSG00000105372,RPS19,ENSG00000105372,7556,422,10691,4.638377842313289,4.624737993532221,0.0525979718715474,4.5161672360628655,4.673914455757018,0.036954503706732034,25,7.318256239127709,3.6634436498736163,17,4252.0,8.355379895253634
7510_RPS20_P1P2_ENSG00000008988,RPS20,ENSG00000008988,3636,273,10691,3.896153773579046,3.8611070738549556,0.18040772852304096,3.508401124490047,4.09903018260299,0.19434898986191707,25,6.2363600821424265,2.8356320368946193,6,2170.0,7.682943169878292
7511_RPS21_P1P2_ENSG00000171858,RPS21,ENSG00000171858,7957,75,10691,4.402416873480973,4.386762014179246,0.12040636872238634,4.190173905191122,4.5685388112519085,0.17606484249689736,25,5.723427325782188,,0,312.0,5.746203190540153
7512_RPS23_P1P2_ENSG00000186468,RPS23,ENSG00000186468,2404,114,10691,4.434568352977476,4.421316290025025,0.11368835613151826,4.241312045281804,4.571445973000044,0.1761179070896235,25,6.08771817931426,,0,2066.0,7.633853559681768
7513_RPS24_P1P2_ENSG00000138326,RPS24,ENSG00000138326,4294,243,10691,4.4444532730698585,4.423956634382319,0.1453708176089659,4.220277313810703,4.630530551840822,0.19090279808758925,25,6.7443028355270656,,1,3546.0,8.173857454773621
7514_RPS25_P1P2_ENSG00000118181,RPS25,ENSG00000118181,4887,40,10691,4.242931565084613,4.224749036442435,0.10300367485991804,4.048857021282976,4.3669002777770425,0.15943060437085066,25,5.000684548268112,,0,11.0,2.4849066497880004
7515_RPS26_P1P2_ENSG00000197728,RPS26,ENSG00000197728,5118,87,10691,4.454591192645701,4.453078352949718,0.09000515164457162,4.3312574750864945,4.594739037437027,0.11143966696002927,25,5.869054835385116,,0,1941.0,7.571473648851271
7516_RPS27A_P1P2_ENSG00000143947,RPS27A,ENSG00000143947,1036,97,10691,4.448091059248808,4.448657437600301,0.1163155262408961,4.280018645036864,4.605718620284126,0.20927542417293132,25,6.047959260286684,,0,1980.0,7.591357046698551
7518_RPS27_P1P2_ENSG00000177954,RPS27,ENSG00000177954,573,174,10691,4.5367575800201205,4.533309051973241,0.08839383111888718,4.3657656329615975,4.639975885437662,0.10661627631737947,25,6.567442788235183,,0,2368.0,7.7702232041587855
7519_RPS28_P1P2_ENSG00000233927,RPS28,ENSG00000233927,7284,309,10691,4.413925705897286,4.378523269766311,0.15640685159709436,4.125407431069013,4.542222636886566,0.18550888772884733,25,6.832433347334212,3.29455866687859,6,2598.0,7.8628820346414905
7520_RPS29_P2_ENSG00000213741,RPS29,ENSG00000213741,5660,110,10691,0.0,0.10695796103777543,0.1723275914370613,0.0,0.4296455652350295,0.2646543663143426,25,0.0,,0,0.0,0.0
7521_RPS29_P1_ENSG00000213741,RPS29,ENSG00000213741,5660,293,10691,3.9667609899098526,3.9874833961157394,0.24439939461769902,3.6621947008697115,4.303709786688275,0.3458498102642924,25,6.368374091643145,2.720284518490248,3,2667.0,7.889084407035514
7522_RPS2_P1P2_ENSG00000140988,RPS2,ENSG00000140988,6155,53,10691,4.484048825416714,4.507562535620591,0.06342454390770506,4.439562801236292,4.630315508802271,0.1024333972215059,25,5.586704052637185,,0,505.0,6.226536669287466
7523_RPS3A_P1P2_ENSG00000145425,RPS3A,ENSG00000145425,2214,160,10691,4.111910915375898,4.120353894295948,0.152972009977965,3.913158289654038,4.3457977224202455,0.1926623617025971,25,6.054127556578908,,0,1690.0,7.43307534889858
7525_RPS3_P1_ENSG00000149273,RPS3,ENSG00000149273,4793,261,10691,4.565649944700629,4.554081040970097,0.07150610899954563,4.424238428525195,4.662339458452342,0.07573295730255403,25,6.934295178129123,,0,3399.0,8.131530710604252
7526_RPS4X_P1P2_ENSG00000198034,RPS4X,ENSG00000198034,8412,180,10691,4.602576823631234,4.602606415729976,0.06676970571680832,4.5153130463666695,4.6922177089466235,0.1290560110542982,25,6.684218819467146,,0,3335.0,8.112527763478637
7527_RPS5_P1P2_ENSG00000083845,RPS5,ENSG00000083845,7733,144,10691,4.41534425100407,4.400341035728143,0.13129795455209245,4.2065153131548,4.577736504244426,0.18184370742139144,25,6.32787440423852,,0,2242.0,7.715569534520208
7536_RPS6_P1P2_ENSG00000137154,RPS6,ENSG00000137154,3830,178,10691,4.495819686491694,4.495186118305661,0.08817254035253792,4.346516282556114,4.639302919739831,0.09412565131657669,25,6.591673676537428,,0,3537.0,8.17131687471973
7537_RPS7_P1P2_ENSG00000171863,RPS7,ENSG00000171863,899,265,10691,4.516394787330254,4.515292107556433,0.07436449890078414,4.406904324021281,4.625846765513711,0.12149217676873292,25,6.870845948925991,,2,3401.0,8.132118772955806
7539_RPS9_P1P2_ENSG00000170889,RPS9,ENSG00000170889,7694,276,10691,4.178759398640306,4.208317872907152,0.2457659544180316,3.742589648242975,4.583386288277421,0.2811398058910797,25,6.603198540199202,3.1871397500409127,3,2838.0,7.951207156472972
7540_RPSA_P1P2_ENSG00000168028,RPSA,ENSG00000168028,1570,224,10691,4.345513751052641,4.33471419286663,0.13477385789954194,4.122659349644536,4.511180358515317,0.1590815009881048,25,6.528377441212648,,2,1880.0,7.53955882930103
7541_RPTOR_P1P2_ENSG00000141564,RPTOR,ENSG00000141564,7004,82,10691,1.679049451960956,1.3705766271728999,0.46125764137903263,0.6812862899203811,1.8329396461732472,0.8511175650020977,25,2.6842829409597266,,0,378.0,5.937536205082426
7545_RPUSD3_P1P2_ENSG00000156990,RPUSD3,ENSG00000156990,1494,164,10691,2.9912222372089645,2.9725108602503094,0.12546180967696094,2.7531604004917267,3.14475771415537,0.1286699477303297,25,4.791965604687293,,0,19.0,2.995732273553991
7546_RPUSD4_P1P2_ENSG00000165526,RPUSD4,ENSG00000165526,4918,126,10691,2.4128385228601372,2.3278758652546316,0.26594878641023767,1.8631234359706281,2.661942527251502,0.38884231830128035,25,3.8677871988758303,,0,52.0,3.970291913552122
7556_RRM1_P1P2_ENSG00000167325,RRM1,ENSG00000167325,4482,103,10691,2.146739125629751,1.9059625406097354,0.6822636339740921,0.7664705681269474,2.712524770078094,0.49295748040602616,25,3.457505768668634,,0,915.0,6.82001636467413
7558_RRM2_P1P2_ENSG00000171848,RRM2,ENSG00000171848,910,577,10691,0.7828880071861816,0.9894786555589838,0.8439149481255815,0.0,2.2122711725046798,1.2909410091917013,25,3.924814542880351,0.6148526471495989,35,1221.0,7.108244139731541
7559_RRN3_P1P2_ENSG00000085721,RRN3,ENSG00000085721,6249,39,10691,1.8978328700391314,1.947791144996275,0.17948800076226554,1.7405636700507552,2.268260223437414,0.16601885102717917,25,2.3567928833360936,,0,478.0,6.171700597410915
7561_RRP12_P1P2_ENSG00000052749,RRP12,ENSG00000052749,4335,204,10691,2.2503190723255377,2.2043299307712343,0.2959232636451772,1.7681413400670698,2.6449952084277646,0.4202948261155104,25,4.275425264070886,,0,2385.0,7.777373602657861
7562_RRP15_P1P2_ENSG00000067533,RRP15,ENSG00000067533,790,32,10691,2.779227066046229,2.7876411542058666,0.16152388288795855,2.542645233614355,3.06467595574027,0.14451697967985044,25,3.002991254043539,,0,11.0,2.4849066497880004
7564_RRP1_P1P2_ENSG00000160214,RRP1,ENSG00000160214,8053,109,10691,3.544840894148117,3.547319563419155,0.15068579908504184,3.2753176279566802,3.7642591139679413,0.20735731661024737,25,4.989642028478607,,0,248.0,5.517452896464707
7566_RRP7A_P1P2_ENSG00000189306,RRP7A,ENSG00000189306,8253,46,10691,3.3377554352657928,3.3468505018077748,0.1390733558889509,3.1644717885449265,3.570133943126916,0.2447998384416481,25,3.917117695581606,,0,382.0,5.948034989180646
7568_RRP9_P1P2_ENSG00000114767,RRP9,ENSG00000114767,1661,110,10691,3.272181705523855,3.231681186390294,0.25091688071037854,2.8038379590409215,3.561178539844109,0.3018590181928329,25,4.663441256739634,,0,285.0,5.655991810819852
7569_RRS1_P1P2_ENSG00000179041,RRS1,ENSG00000179041,3650,72,10691,3.1416683653695063,3.139786972311766,0.21750190924084692,2.7741786968001043,3.474329854333382,0.24151073498729847,25,4.188654895775955,,0,512.0,6.240275845170769
7575_RSL1D1_P2_ENSG00000171490,RSL1D1,ENSG00000171490,6237,103,10691,0.542262286352243,0.6262999891399708,0.5804675606825247,0.0,1.7805128734794409,0.7622412934252668,25,1.8883673916566075,,0,0.0,0.0
7576_RSL1D1_P1_ENSG00000171490,RSL1D1,ENSG00000171490,6237,108,10691,4.5497357447491185,4.55472773754854,0.06180285596911184,4.455232555959404,4.641170932990232,0.10303838461985926,25,6.132036535652619,,0,520.0,6.255750041753367
7577_RSL24D1_P1P2_ENSG00000137876,RSL24D1,ENSG00000137876,5937,179,10691,3.5111943785546664,3.484557229818554,0.23628767512012183,3.2153403875723763,3.819255022608453,0.21176894866616847,25,5.364706775921402,,1,1081.0,6.9865664594064265
7580_RSRC2_P1P2_ENSG00000111011,RSRC2,ENSG00000111011,5345,98,10691,3.4482173735693826,3.4522660046009013,0.22549058568278377,3.0988832867471987,3.7719770360420246,0.30566782647934376,25,4.69824245503638,,0,21.0,3.091042453358316
7583_RTCB_P1P2_ENSG00000100220,RTCB,ENSG00000100220,8184,171,10691,3.567703017350317,3.504996737708156,0.15728436888913072,3.2036613808844026,3.658466399332987,0.2249153899804197,25,5.327916820508215,,0,134.0,4.90527477843843
7584_RTEL1_P1P2_ENSG00000258366,RTEL1,ENSG00000258366,7969,140,10691,1.2724406762496647,0.9697394445666935,0.5528911321541323,0.03941597316311838,1.499547909260177,0.9436303452040695,25,2.611538303356406,,0,11.0,2.4849066497880004
7585_RTF1_P1P2_ENSG00000137815,RTF1,ENSG00000137815,5886,62,10691,2.8474693968905553,2.859994272123547,0.24063064761918512,2.4735804567791915,3.2072133724423795,0.31936206238961073,25,3.811118200364187,,0,1699.0,7.438383530044307
758_BANF1_P1P2_ENSG00000175334,BANF1,ENSG00000175334,4720,162,10691,3.7140940289900595,3.6997473079035177,0.19314166288906598,3.3882405335063996,3.9126251664276426,0.2268609418660783,25,5.56109814780056,,1,3.0,1.3862943611198906
7593_RTTN_P1P2_ENSG00000176225,RTTN,ENSG00000176225,7148,125,10691,0.0,0.19146899687466362,0.3806064100710747,0.0,0.8012102993567313,0.13223613687057478,25,0.0,,0,0.0,0.0
759_BANP_P1P2_ENSG00000172530,BANP,ENSG00000172530,6502,110,10691,0.5936995352236617,0.6361568821762367,0.6018836040480628,0.0,1.6447727356842792,1.1575501887350574,25,1.9444581529118528,,0,134.0,4.90527477843843
7607_RUVBL1_P1P2_ENSG00000175792,RUVBL1,ENSG00000175792,1786,211,10691,3.8359644959908072,3.8400488242554816,0.17052123297238692,3.5705790795655674,4.100222233928521,0.1944059853665605,25,5.951473524751672,,0,4656.0,8.446126742982377
760_BAP1_P1P2_ENSG00000163930,BAP1,ENSG00000163930,1671,200,10691,1.92363594133453,1.939164151246363,0.3659143264570076,1.3863351712440664,2.523150568813387,0.5124373250779084,25,4.15277849664567,,1,686.0,6.532334292222349
761_BARD1_P1P2_ENSG00000138376,BARD1,ENSG00000138376,1389,140,10691,2.0684670677005546,1.9994729218067233,0.41756965034131366,1.179912968835901,2.4880252135748626,0.46367319779716043,25,3.827972581945133,,0,1.0,0.6931471805599453
7631_SACM1L_P1P2_ENSG00000211456,SACM1L,ENSG00000211456,1596,193,10691,2.429050036572575,2.420259223631597,0.29824987284691706,2.039740144379122,2.7915511988553185,0.36640747351674374,25,4.541067735254389,,0,7.0,2.0794415416798357
7634_SAE1_P1P2_ENSG00000142230,SAE1,ENSG00000142230,7616,121,10691,3.4420204303514494,3.4508504800287327,0.16631636054950574,3.207223548712326,3.7589502499327363,0.20328601858119022,25,4.9783307043861305,,0,523.0,6.261491684321042
7645_SAMM50_P1P2_ENSG00000100347,SAMM50,ENSG00000100347,8261,102,10691,3.2536077530365572,3.2347365703602953,0.15530753103361486,3.001431846935801,3.4197387445715495,0.2031992159438878,25,4.6108071329681355,,0,808.0,6.695798917058491
7647_SAP130_P1P2_ENSG00000136715,SAP130,ENSG00000136715,1233,113,10691,0.0,0.5161294478582843,0.6360723788150486,0.0,1.667911213763705,0.9216094545749081,25,1.3924421302641676,,0,78.0,4.3694478524670215
7648_SAP18_P1P2_ENSG00000150459,SAP18,ENSG00000150459,5401,57,10691,3.782055207952941,3.796899230333276,0.11767530753159197,3.6228005460382895,3.9595288203007963,0.1354401515547985,25,4.593242961563609,,0,238.0,5.476463551931511
7649_SAP30BP_P1P2_ENSG00000161526,SAP30BP,ENSG00000161526,6959,40,10691,1.1097908345823346,0.9613329080697219,0.7088011724083731,0.0,1.9265090839491252,1.5477597710829685,25,1.439750768808046,,0,24.0,3.2188758248682006
7655_SARNP_P1P2_ENSG00000205323,SARNP,ENSG00000205323,5111,93,10691,3.6730974621823793,3.649886767609905,0.14077872716958684,3.3911046015793747,3.861928380601851,0.16522207617312068,25,4.8815304842744185,,0,3.0,1.3862943611198906
7656_SARS2_P1P2_ENSG00000104835,SARS2,ENSG00000104835,7520,163,10691,1.8033360756124792,1.5986924519271744,0.705507125275453,0.0172041135747872,2.326799421381392,0.586248228254125,25,3.525390609685707,,1,57.0,4.060443010546419
7657_SARS_P1P2_ENSG00000031698,SARS,ENSG00000031698,458,28,10691,3.329923334872676,3.3382039745358725,0.07895985697124545,3.2469290904762618,3.476241686932795,0.11054659881713036,25,3.3994518193097574,,0,726.0,6.588926477533519
7658_SART1_P1P2_ENSG00000175467,SART1,ENSG00000175467,4718,306,10691,1.1197865392782174,1.100986115808427,0.8419936390395676,0.0,2.2473148798561167,1.5611981756733937,25,3.708747416381867,0.31024573016326346,5,4350.0,8.37816098272068
7659_SART3_P1P2_ENSG00000075856,SART3,ENSG00000075856,5257,154,10691,3.105111003563224,3.0540941023910655,0.18046710700338933,2.7794033023043334,3.273928745904841,0.32977351738527005,25,4.805546028570005,,0,993.0,6.901737206656574
7660_SASS6_P1P2_ENSG00000156876,SASS6,ENSG00000156876,439,68,10691,2.631786067767013,2.6469260118368005,0.2225257594324302,2.3165345556688877,2.9468415960112333,0.3871891897285451,25,3.6079394838204246,,0,1.0,0.6931471805599453
7668_SBDS_P1P2_ENSG00000126524,SBDS,ENSG00000126524,3267,95,10691,3.573468242814484,3.5865504970918374,0.13240006392604886,3.3911061903060675,3.8097308351284833,0.12935701678437095,25,4.8503442817663185,,0,1.0,0.6931471805599453
7670_SBNO1_P1P2_ENSG00000139697,SBNO1,ENSG00000139697,5354,183,10691,3.379756214021319,3.354385225193247,0.276678253087761,2.9003584227479005,3.812145020338023,0.41504945213714706,25,5.381750576469163,,0,142.0,4.962844630259907
7675_SCAF1_P1P2_ENSG00000126461,SCAF1,ENSG00000126461,7649,174,10691,2.1958409660244604,2.204537473550155,0.40152110874017694,1.5871195108708966,2.719756651949086,0.6102461272746755,25,4.174438784894157,,2,876.0,6.776506992372183
7686_SCAP_P1P2_ENSG00000114650,SCAP,ENSG00000114650,1604,140,10691,2.3792233626865507,2.391846699561498,0.2594978764727232,2.094116375431317,2.7396203133792345,0.3068385968996985,25,4.0895555755330015,,0,21.0,3.091042453358316
7691_SCFD1_P1P2_ENSG00000092108,SCFD1,ENSG00000092108,5620,152,10691,2.592678635919662,2.5866008591257996,0.3672325434560798,2.1258363409379735,3.073700474737218,0.5098260333651012,25,4.333137202428224,,0,164.0,5.10594547390058
7701_SCNM1_P1P2_ENSG00000163156,SCNM1,ENSG00000163156,549,101,10691,2.5803500430888513,2.57896522076923,0.3076481266546946,2.1425007570946013,2.972627556984908,0.362444494341025,25,3.926922787915115,,0,2.0,1.0986122886681096
7713_SDAD1_P1P2_ENSG00000198301,SDAD1,ENSG00000198301,2090,240,10691,3.2496708692776193,3.230321762574398,0.2070831277308863,2.945347686815208,3.4623240643200237,0.3662684174664119,25,5.493706034104281,,2,1461.0,7.2875606403097235
7719_SDE2_P1P2_ENSG00000143751,SDE2,ENSG00000143751,814,151,10691,2.487966400998524,2.5187572695182228,0.31720182521884904,2.0964769688134215,3.005505747982322,0.4349638198645658,25,4.30844135040222,,0,184.0,5.220355825078325
7724_SDHAF2_P1P2_ENSG00000167985,SDHAF2,ENSG00000167985,4626,126,10691,2.0690171443586016,2.061623824137019,0.43756390636379394,1.3791335895362784,2.707675999314601,0.5649475359729126,25,3.715221366868258,,0,5.0,1.791759469228055
7725_SDHA_P1P2_ENSG00000073578,SDHA,ENSG00000073578,2256,62,10691,3.3503730279317647,3.341321642679994,0.12686663094687448,3.1723060591113925,3.5140287443772324,0.19751018686883892,25,4.2223488944865455,,0,8.0,2.1972245773362196
7727_SDHC_P1P2_ENSG00000143252,SDHC,ENSG00000143252,650,104,10691,3.7441853881596634,3.7162598473887325,0.15140604590050913,3.5307223135368173,3.914568668451672,0.2295314409195326,25,5.070898459267767,,0,80.0,4.394449154672439
7728_SDHD_P1P2_ENSG00000204370,SDHD,ENSG00000204370,4866,45,10691,2.4717433586298063,2.414469149202769,0.2541858317971571,1.9694079140107617,2.757701590206052,0.34413196635350696,25,2.9984386426909246,,0,3.0,1.3862943611198906
7734_SEC13_P1P2_ENSG00000157020,SEC13,ENSG00000157020,1502,56,10691,3.080565556519783,3.0548542576348647,0.19433030801712178,2.732590069594118,3.367148918996064,0.2197987835539883,25,3.828512895665617,,0,428.0,6.061456918928017
7737_SEC16A_P1P2_ENSG00000148396,SEC16A,ENSG00000148396,4106,153,10691,1.286679502190348,1.2094445116223111,0.7209019047215216,0.0,2.2249807385860487,0.9450679916596627,25,3.0950537475443474,,0,0.0,0.0
7750_SEC61A1_P2_ENSG00000058262,SEC61A1,ENSG00000058262,1785,62,10691,0.0,0.23007351052116193,0.4177100585343046,0.0,1.0941715988518137,0.2555290235925505,25,0.809081649085045,,0,0.0,0.0
7751_SEC61A1_P1_ENSG00000058262,SEC61A1,ENSG00000058262,1785,118,10691,2.585338147066291,2.5221596230025556,0.3659690904144082,1.784480834892001,3.0112542459419043,0.35501559820233775,25,4.0988697138715215,,0,2763.0,7.92443418488756
7752_SEC61B_P1P2_ENSG00000106803,SEC61B,ENSG00000106803,3951,84,10691,4.198245181951345,4.218487276127101,0.14465694978788832,3.9963017760949433,4.410413654309997,0.2221045481473034,25,5.435356255124554,,0,22.0,3.1354942159291497
7753_SEC61G_P1P2_ENSG00000132432,SEC61G,ENSG00000132432,3241,98,10691,4.004937054374244,4.025637606710408,0.11003250011670755,3.871447745553835,4.206790367376973,0.13382537815501427,25,5.412065272865067,,0,1518.0,7.325807502595773
7755_SEC63_P1P2_ENSG00000025796,SEC63,ENSG00000025796,2989,78,10691,3.150685969808105,3.1617687395700704,0.24459993282574252,2.837608852457677,3.462267991315458,0.37090503939559927,25,4.274329012109129,,0,22.0,3.1354942159291497
7758_SEH1L_P1P2_ENSG00000085415,SEH1L,ENSG00000085415,7082,60,10691,2.826559122447093,2.80740583826545,0.10219285240239648,2.661576909521433,2.9311106084453433,0.16931354737720028,25,3.628677147734923,,0,828.0,6.720220155135295
7775_SENP6_P1P2_ENSG00000112701,SENP6,ENSG00000112701,2936,94,10691,3.1736071768883765,3.1453438951225445,0.19860434567336782,2.8219814733992914,3.421450705149506,0.25003696884143656,25,4.409169705494427,,0,6.0,1.9459101490553132
7779_SEPHS2_P1P2_ENSG00000179918,SEPHS2,ENSG00000179918,6326,158,10691,3.741291986298606,3.7087338400855416,0.16417296871050935,3.403134454932614,3.8970785684137472,0.18836047721577165,25,5.511512085133668,,0,3.0,1.3862943611198906
7781_SEPSECS_P1P2_ENSG00000109618,SEPSECS,ENSG00000109618,2019,82,10691,1.353359825042607,1.155699790890355,0.45459110489220195,0.3473287945097446,1.635164016453819,0.6770360488637236,25,2.4195798338218957,,0,0.0,0.0
7793_SERBP1_P1P2_ENSG00000142864,SERBP1,ENSG00000142864,370,109,10691,4.3869096723312495,4.380904175875662,0.13658754812754786,4.162642255908703,4.542165328799361,0.17552982196766465,25,5.981782631566221,,0,60.0,4.110873864173311
7814_SETD1A_P1P2_ENSG00000099381,SETD1A,ENSG00000099381,6340,69,10691,1.0520664344183974,0.9995101560723506,0.6772921697474923,0.0,2.008946626092533,1.1016615566236834,25,1.878134304638813,,0,1053.0,6.960347729101308
7816_SETD2_P1P2_ENSG00000181555,SETD2,ENSG00000181555,1600,109,10691,2.978962733417718,3.061161789948159,0.26257840306071173,2.711180062337915,3.551756850546426,0.3113693844845895,25,4.56816126994507,,0,13.0,2.639057329615259
7823_SETDB1_P1P2_ENSG00000143379,SETDB1,ENSG00000143379,543,124,10691,2.0965231620654756,2.0395499661543757,0.15157556281586368,1.765348977079339,2.2019711675117617,0.15835172073310844,25,3.615027354121652,,0,153.0,5.0369526024136295
7829_SF1_P1P2_ENSG00000168066,SF1,ENSG00000168066,4680,47,10691,2.6318173308683828,2.679817358388051,0.2621659455812475,2.3920389208889534,3.194006295619613,0.32198574491652954,25,3.394663788537806,,0,53.0,3.9889840465642745
7830_SF3A1_P1_ENSG00000099995,SF3A1,ENSG00000099995,8167,83,10691,2.3538570798277165,2.392907263416209,0.26903394502664935,2.012226477536391,2.88772455684135,0.29847122517126623,25,3.5864682193921245,,0,2551.0,7.844632644464681
7831_SF3A1_P2_ENSG00000099995,SF3A1,ENSG00000099995,8167,249,10691,1.3068635999521985,1.1438664118235875,0.799948356833534,0.0,2.3386747915066124,1.1963138352863882,25,3.23130572547386,,1,3.0,1.3862943611198906
7832_SF3A2_P2_ENSG00000104897,SF3A2,ENSG00000104897,7208,99,10691,0.7442783656312904,0.7164923481462256,0.6674316546502014,0.0,1.984062196514227,1.132001060955468,25,2.218022312144056,,0,2.0,1.0986122886681096
7833_SF3A2_P1_ENSG00000104897,SF3A2,ENSG00000104897,7208,222,10691,2.4041196959558127,2.482056156806729,0.32291247978885385,2.0662960329514672,3.083764162367032,0.3575296657619207,25,4.627476477327264,,0,2568.0,7.851271997109883
7835_SF3B1_P1P2_ENSG00000115524,SF3B1,ENSG00000115524,1344,165,10691,2.430809512267565,2.1660192494235213,0.7364876986182242,0.7941578542545593,2.9936215819109218,0.8508067759025666,25,4.050106905352816,,0,783.0,6.664409020350408
7836_SF3B2_P1P2_ENSG00000087365,SF3B2,ENSG00000087365,4721,500,10691,2.519759744016806,2.4053936561182243,0.6074064036785771,1.6220276131082272,3.0867503753470475,0.9397672397826824,25,5.267669446813989,1.3174966313875134,26,4393.0,8.387995252944556
7837_SF3B3_P1P2_ENSG00000189091,SF3B3,ENSG00000189091,6452,381,10691,1.7940131007633044,1.6157215090299308,0.7770556895223669,0.29975450529672465,2.4642372663652354,1.0564534193189246,25,4.390203385465067,1.0729663412228019,11,4239.0,8.352318548226004
7838_SF3B4_P1P2_ENSG00000143368,SF3B4,ENSG00000143368,527,238,10691,1.328025470908116,1.2570578839615472,0.6755862176570827,0.19958637287855224,2.1231846139845394,0.9058137975430579,25,3.5380096865273103,0.1267246242724395,3,1503.0,7.315883504509785
7839_SF3B5_P1P2_ENSG00000169976,SF3B5,ENSG00000169976,3065,84,10691,3.5977779145104627,3.592173532786329,0.2081920922035394,3.2745457706527095,3.8838678635208996,0.23231147728751544,25,4.848404588999652,,0,1915.0,7.557994958530806
7842_SFPQ_P1P2_ENSG00000116560,SFPQ,ENSG00000116560,211,303,10691,3.628895932573974,3.6175536921121068,0.30403334797924597,3.0611106840571423,4.0489881866606545,0.24453046228726372,25,6.023009561139768,2.7853807522704863,7,5937.0,8.689127655323706
7843_SFSWAP_P1P2_ENSG00000061936,SFSWAP,ENSG00000061936,5377,172,10691,3.0460518971059143,3.030186205620502,0.24880017253068132,2.637193695587758,3.37250558918889,0.3274214273260143,25,4.960723967109417,,0,638.0,6.459904454377535
784_BCAR1_P2_ENSG00000050820,BCAR1,ENSG00000050820,6468,49,10691,0.0,0.09369548283058311,0.24104088269809174,0.0,0.593364145312139,0.0,25,0.0,,0,0.0,0.0
785_BCAR1_P1_ENSG00000050820,BCAR1,ENSG00000050820,6468,197,10691,0.6368428333208143,0.655120216736155,0.6356743020851923,0.0,1.6406811519008153,1.066351280099282,25,2.3126846933441714,,1,2.0,1.0986122886681096
786_BCAS2_P1P2_ENSG00000116752,BCAS2,ENSG00000116752,496,227,10691,3.226035497938165,3.214729256853352,0.219079562920795,2.8645148481447906,3.5357944427312598,0.27029200402228115,25,5.413898079160585,,2,2117.0,7.658227526161352
7893_SEM1_P1P2_ENSG00000127922,SEM1,ENSG00000127922,3318,88,10691,4.160315384007034,4.149853788742663,0.09659044095551206,4.022703094619039,4.303978277479007,0.12370569686485933,25,5.416220864467505,,0,862.0,6.760414691083428
7903_SHQ1_P1P2_ENSG00000144736,SHQ1,ENSG00000144736,1714,94,10691,1.594108736702572,1.486389867239063,0.5300810712523483,0.3781608741904413,2.1293597030841833,0.6600076369888557,25,2.8575831615741283,,0,0.0,0.0
7917_SIN3A_P2_ENSG00000169375,SIN3A,ENSG00000169375,6028,135,10691,0.0,0.19732044048480218,0.4964363795233035,0.0,1.2521805173538305,0.0,25,0.0,,0,12.0,2.5649493574615367
7918_SIN3A_P1_ENSG00000169375,SIN3A,ENSG00000169375,6028,172,10691,1.15365425950224,1.0388368381402215,0.7060538833761061,0.0,1.9221853446102928,1.2845130694990978,25,2.636332258976092,,1,456.0,6.124683390894205
7937_SKA1_P1P2_ENSG00000154839,SKA1,ENSG00000154839,7129,68,10691,2.203248149618663,2.195065039518302,0.07474471349026601,2.071226523971315,2.3244228889680216,0.09062033612796005,25,3.1334959179872937,,0,0.0,0.0
7939_SKA3_P1P2_ENSG00000165480,SKA3,ENSG00000165480,5402,116,10691,2.5300662273864143,2.4785459563289045,0.2576620109121973,2.063335179835588,2.814834066099866,0.4022180124341306,25,3.9691545344140686,,0,107.0,4.68213122712422
7947_SKP1_P1P2_ENSG00000113558,SKP1,ENSG00000113558,2484,66,10691,4.517546703611108,4.5280297998348775,0.06980177471067794,4.433014119912903,4.632593484673679,0.11162350359728013,25,5.623793869192128,,0,351.0,5.863631175598097
7948_SKP2_P1P2_ENSG00000145604,SKP2,ENSG00000145604,2299,202,10691,2.97960011349259,2.9766221527131616,0.13410403167775603,2.7796792914226303,3.180563326135698,0.21343320003233046,25,5.0515197671980605,,1,41.0,3.7376696182833684
7950_SLBP_P1P2_ENSG00000163950,SLBP,ENSG00000163950,1971,83,10691,3.695157078200471,3.7138213056173277,0.20632895601376092,3.4256581443677816,3.977256568791999,0.2868820496951443,25,4.846432758377678,,0,664.0,6.499787040655854
7975_SLC1A5_P2_ENSG00000105281,SLC1A5,ENSG00000105281,7611,101,10691,1.2408521616078987,1.0580188773330628,0.7204178543317141,0.0,2.0801719763551083,1.1754245059141635,25,2.3799133464458393,,0,1.0,0.6931471805599453
7976_SLC1A5_P1_ENSG00000105281,SLC1A5,ENSG00000105281,7611,389,10691,3.4830352745228117,3.5006018361359925,0.15495258492076058,3.306162292009685,3.72906284711006,0.23238330975307875,25,6.148537404425816,2.5839102641098055,17,1.0,0.6931471805599453
7980_SLC25A10_P1P2_ENSG00000183048,SLC25A10,ENSG00000183048,7019,303,10691,0.0,0.3184409341926118,0.5309982626727038,0.0,1.355579226288207,0.5895958181729899,25,0.0,0.1372558440860268,4,419.0,6.040254711277414
7996_SLC25A26_ENST00000354883.6_ENSG00000144741,SLC25A26,ENSG00000144741,1705,36,10691,0.0,0.0014607422758828688,0.007303711379414344,0.0,0.0,0.0,25,0.0,,0,0.0,0.0
8006_SLC25A3_P1P2_ENSG00000075415,SLC25A3,ENSG00000075415,5226,114,10691,4.476901022045141,4.479813212634494,0.09591077609844638,4.3419308005767,4.62971841343251,0.10693720642373616,25,6.10847511970922,,0,6.0,1.9459101490553132
801_BCL2L1_P1_ENSG00000171552,BCL2L1,ENSG00000171552,7820,66,10691,2.2011878711905135,2.1778218372144966,0.3972445047267062,1.4781679827575007,2.686468613848865,0.4674905798104301,25,3.2248574773879026,,0,2.0,1.0986122886681096
802_BCL2L1_P2_ENSG00000171552,BCL2L1,ENSG00000171552,7820,107,10691,0.20386490771752752,0.6340830173457931,0.668299359360901,0.0,1.7165301990277917,1.398464223039098,25,1.634058678204878,,0,15.0,2.772588722239781
8041_SLC35B1_P1P2_ENSG00000121073,SLC35B1,ENSG00000121073,6847,70,10691,2.6195430423168515,2.6149422727712675,0.22842409915634804,2.22407080664121,2.9845139612363054,0.2832731251773857,25,3.681775971811241,,0,7.0,2.0794415416798357
8069_SLC39A10_P1P2_ENSG00000196950,SLC39A10,ENSG00000196950,1340,153,10691,2.9287143860653204,2.9185998178769057,0.19209078982434505,2.625228030227688,3.2156109860211965,0.3066120776763688,25,4.685059248706416,,0,9.0,2.302585092994046
8078_SLC39A7_P1P2_ENSG00000112473,SLC39A7,ENSG00000112473,2812,131,10691,3.4394255457011056,3.4575788431143035,0.16383854227501177,3.292828698255794,3.7044484848083425,0.2031342327920651,25,5.0658688349758005,,0,35.0,3.58351893845611
8080_SLC39A9_P1P2_ENSG00000029364,SLC39A9,ENSG00000029364,5732,752,10691,1.1980875697221172,1.092159124749583,0.5624071493927832,0.17128602281040875,1.856072850388533,0.8499852713500112,25,4.625166498159673,0.7225346111985824,45,1296.0,7.167809184316444
809_BCLAF1_P1P2_ENSG00000029363,BCLAF1,ENSG00000029363,3049,51,10691,4.258045419828792,4.263402452217324,0.08682638656744517,4.135965036392554,4.389893179187901,0.13605894874221036,25,5.007825128718281,,0,4.0,1.6094379124341003
8108_SLC7A5_P1P2_ENSG00000103257,SLC7A5,ENSG00000103257,6501,378,10691,2.4122283083812386,2.285455908770662,0.33568157429775936,1.7171464794108007,2.717228311984944,0.4054058605958697,25,4.977055483704731,1.364092041327012,13,661.0,6.495265555937008
8109_SLC7A6OS_P1P2_ENSG00000103061,SLC7A6OS,ENSG00000103061,6432,38,10691,2.218823512099242,2.175840868730767,0.186937486054522,1.911210744517019,2.3802467494323944,0.29119723086287275,25,2.579486405159482,,0,139.0,4.941642422609304
8124_PRELID3B_P1P2_ENSG00000101166,PRELID3B,ENSG00000101166,7946,273,10691,3.082522886450836,3.0408000933061086,0.3255799643131172,2.620824246272725,3.45883876850086,0.4033511528415614,25,5.43489693608769,2.2611554592032994,3,3298.0,8.101374671228582
8126_SLU7_P1P2_ENSG00000164609,SLU7,ENSG00000164609,2574,225,10691,2.196912393726661,2.08171998031788,0.4470256707145784,1.4652002540486655,2.5095653841656413,0.4252400943392656,25,4.261924169303646,,1,5386.0,8.591743922680534
812_BCR_P1P2_ENSG00000186716,BCR,ENSG00000186716,8131,561,10691,0.0,0.318494030562703,0.502369891874635,0.0,1.2533357916782355,0.6357254559727776,25,2.9224281465455544,0.2532333038951198,34,5980.0,8.696343057044556
8136_SMAGP_P1P2_ENSG00000170545,SMAGP,ENSG00000170545,5076,117,10691,2.5220717599996463,2.500069115336051,0.37146078854195724,1.814921376396628,3.101797410465353,0.46572915008708105,25,4.014392417344894,,0,12.0,2.5649493574615367
813_BCS1L_P1P2_ENSG00000074582,BCS1L,ENSG00000074582,1402,70,10691,2.6275276983192097,2.5986942047618875,0.20232364969510114,2.278939560343982,2.8496048892284507,0.30512287985708886,25,3.6071310444751865,,0,1.0,0.6931471805599453
8146_SMARCB1_P1_ENSG00000099956,SMARCB1,ENSG00000099956,8134,96,10691,2.4130791675299736,2.3995142904292863,0.3999779155124104,1.7054423859012764,2.851301166726983,0.46763640813413243,25,3.7841918034710744,,0,76.0,4.343805421853684
8147_SMARCB1_P2_ENSG00000099956,SMARCB1,ENSG00000099956,8134,86,10691,0.07172944348318004,0.524421751724998,0.7362420025556652,0.0,1.9827531917786863,0.8682381622380289,25,1.360453729356668,,0,0.0,0.0
8154_SMARCE1_P1P2_ENSG00000073584,SMARCE1,ENSG00000073584,6748,31,10691,3.892168377311593,3.899002949156328,0.0795783453487568,3.7821127059601216,4.025055064095428,0.1008080166342542,25,4.0889458729359545,,0,34.0,3.5553480614894135
8155_SMC1A_P1P2_ENSG00000072501,SMC1A,ENSG00000072501,8381,180,10691,3.980610814346151,3.942700749312826,0.14350999764673125,3.6890006863129936,4.09591132373453,0.15798674056010675,25,5.91795510187884,,0,3466.0,8.151044945685024
8156_SMC2_P1P2_ENSG00000136824,SMC2,ENSG00000136824,3960,134,10691,3.3490784015240664,3.3418764973327337,0.2308183587886136,2.866523176995872,3.6736236470213517,0.2590969263338292,25,4.944332584149568,,0,284.0,5.652489180268651
8157_SMC3_P1P2_ENSG00000108055,SMC3,ENSG00000108055,4386,54,10691,3.586547252937982,3.566856995134103,0.1442840209970062,3.3119071718732576,3.7519772980834714,0.14922361294344455,25,4.284031312922979,,0,1122.0,7.023758954738443
8158_SMC4_P1_ENSG00000113810,SMC4,ENSG00000113810,1867,249,10691,3.5145232568475633,3.5043639186441213,0.24788867650844254,3.0600474592241937,3.8156550216185026,0.2504597329755818,25,5.759842809207341,,1,876.0,6.776506992372183
8159_SMC4_P2_ENSG00000113810,SMC4,ENSG00000113810,1867,91,10691,0.0,0.1611551929841952,0.24945501589011768,0.0,0.6186875713136702,0.3681551559244676,25,0.22745963424606885,,0,0.0,0.0
815_BDP1_P1P2_ENSG00000145734,BDP1,ENSG00000145734,2370,331,10691,3.491112837674755,3.4332960332866422,0.262358337255402,2.9969507040067946,3.775156492637228,0.2551113469506632,25,5.899955589005104,2.4817358309858193,9,2001.0,7.601901959875166
8160_SMC5_P1P2_ENSG00000198887,SMC5,ENSG00000198887,3881,121,10691,2.712330535717053,2.690560040257155,0.18921055955165603,2.3871476315678013,2.9559538565533257,0.27185448089074304,25,4.200360404876045,,0,1.0,0.6931471805599453
8161_SMC6_P1P2_ENSG00000163029,SMC6,ENSG00000163029,922,125,10691,3.457318362193995,3.4692043212752846,0.20769877459483765,3.1247194523153676,3.7462104410943513,0.33404099487062755,25,5.055823154777744,,0,7.0,2.0794415416798357
8165_SMG1_P1P2_ENSG00000157106,SMG1,ENSG00000157106,6256,35,10691,1.3674804162476242,1.3658118256230227,0.39137262238282133,0.7562489057243315,1.8805787480048828,0.6207767306746463,25,1.737143430685931,,0,0.0,0.0
8166_SMG5_P1P2_ENSG00000198952,SMG5,ENSG00000198952,616,83,10691,2.27800827581875,2.1499432901712354,0.21555710153060914,1.7838291852147432,2.3907559344830687,0.33242662743944473,25,3.3476162897362878,,0,687.0,6.5337888379333435
8167_SMG6_P1P2_ENSG00000070366,SMG6,ENSG00000070366,6544,54,10691,1.7184614122927893,1.7329884453799074,0.35418602520813514,1.1143714390100514,2.13887819340487,0.547765192946263,25,2.4225097337996244,,0,4.0,1.6094379124341003
8190_SMU1_P1P2_ENSG00000122692,SMU1,ENSG00000122692,3841,155,10691,2.111245635685687,2.0878864575742577,0.5570113248695361,1.2062557720287161,2.8086984829292794,1.0423512050070205,25,3.911535749844241,,0,2157.0,7.67693714581808
8191_SMUG1_P1P2_ENSG00000123415,SMUG1,ENSG00000123415,5100,71,10691,2.5725135819654743,2.5443885629165153,0.11479203968504649,2.3767015601846424,2.692449504520853,0.2153080200638775,25,3.528332404477313,,0,29.0,3.4011973816621555
81_ACD_P1P2_ENSG00000102977,ACD,ENSG00000102977,6418,77,10691,1.394284636511386,1.3293765409864116,0.47028102683081524,0.5886332824260606,1.934760804239026,0.5461103437373731,25,2.500882666178924,,0,0.0,0.0
8205_SNAPC1_P1P2_ENSG00000023608,SNAPC1,ENSG00000023608,5712,96,10691,1.3000728494208824,1.3205249973955742,0.1423493667758101,1.0834953358486703,1.5399257648296358,0.17249305142797944,25,2.6807539978283086,,0,1100.0,7.00397413672268
8206_SNAPC2_P1P2_ENSG00000104976,SNAPC2,ENSG00000104976,7278,72,10691,0.6038475839140729,0.6976647110974774,0.5976158306870996,0.0,1.74354899453405,0.8748014880014359,25,1.8283312060781398,,0,118.0,4.77912349311153
8207_SNAPC3_P1P2_ENSG00000164975,SNAPC3,ENSG00000164975,3824,212,10691,1.3060590567926935,1.2465495407997291,0.6417995407424315,0.12337688101612378,2.0087440773647707,0.9952008839144327,25,3.3899615113821215,,0,237.0,5.472270673671475
8208_SNAPC4_P1P2_ENSG00000165684,SNAPC4,ENSG00000165684,4102,104,10691,0.4589232429266891,0.5845808037500944,0.6250169097372308,0.0,1.6075285204091403,1.1046608374220215,25,0.32018229282808586,,0,7.0,2.0794415416798357
8209_SNAPC5_P1P2_ENSG00000174446,SNAPC5,ENSG00000174446,5985,102,10691,1.677572236571978,1.6276734461740103,0.5763213227138327,0.6626282184904859,2.4453396939643874,0.7029247675199912,25,3.0123463258386933,,0,51.0,3.9512437185814275
8213_SNF8_P1P2_ENSG00000159210,SNF8,ENSG00000159210,6842,132,10691,3.883467660854172,3.8471128412121516,0.13822000140244686,3.6347728538448427,4.027230063871665,0.21097981644478336,25,5.47587209914194,,0,6.0,1.9459101490553132
8214_SNIP1_P1P2_ENSG00000163877,SNIP1,ENSG00000163877,232,45,10691,2.4215339996806717,2.397130600588677,0.1415592623126768,2.1715103478157873,2.605022745955253,0.22007194313123746,25,2.9388673602229116,,0,118.0,4.77912349311153
8216_SNRNP200_P1P2_ENSG00000144028,SNRNP200,ENSG00000144028,1152,169,10691,3.1490749636175313,3.1168844497913812,0.2794028983519977,2.565227283521946,3.5079763376889757,0.3309451654147382,25,4.953916118304665,,0,1960.0,7.581209826196346
8217_SNRNP25_P1P2_ENSG00000161981,SNRNP25,ENSG00000161981,6111,135,10691,4.0368147425481675,4.02233088450716,0.12589128936621588,3.832501485139623,4.195972874750841,0.2043322803172245,25,5.712310460069393,,0,101.0,4.624972813284271
8218_SNRNP27_P1P2_ENSG00000124380,SNRNP27,ENSG00000124380,1076,47,10691,2.8222938099512858,2.789851546429591,0.175262640132057,2.5070915796559463,3.0606267263232687,0.2095766398769383,25,3.4334066855616867,,0,272.0,5.60947179518496
8219_SNRNP35_P1P2_ENSG00000184209,SNRNP35,ENSG00000184209,5358,168,10691,2.6022967717983962,2.534066282873698,0.2197342704352525,2.085070185859961,2.7915530746609583,0.1758234622508712,25,4.335045760645409,,0,774.0,6.652863029353347
821_BET1_P1P2_ENSG00000105829,BET1,ENSG00000105829,3315,131,10691,2.376527276731502,2.305221284983479,0.2947717034612003,1.691623232943613,2.626951218440948,0.28487165491996747,25,3.8880709478498368,,0,27.0,3.332204510175204
8220_SNRNP40_P1P2_ENSG00000060688,SNRNP40,ENSG00000060688,181,210,10691,4.002254695686222,4.018440366268661,0.139640373226587,3.8166901027548104,4.219923017676842,0.17786523490236572,25,6.125735084747723,,0,37.0,3.6375861597263857
8221_SNRNP48_P1P2_ENSG00000168566,SNRNP48,ENSG00000168566,2670,191,10691,2.9456218264170615,2.9274489318963073,0.17332259619273963,2.68517522244392,3.1623603771946724,0.3275354699759223,25,4.866159518371219,,0,2344.0,7.76004068088038
8222_SNRNP70_P1P2_ENSG00000104852,SNRNP70,ENSG00000104852,7639,129,10691,3.277045597150575,3.283988725253667,0.20877899925393437,2.9739001489117887,3.5893022772779837,0.2799865709156024,25,4.927535411146085,,0,2312.0,7.746300662231439
8223_SNRPA1_P1P2_ENSG00000131876,SNRPA1,ENSG00000131876,6106,159,10691,2.910102158381886,2.8197121850928593,0.5223435664101059,2.0472375550125177,3.4876895954905365,0.6577917744642869,25,4.622975272949078,,0,2339.0,7.757906208351747
8226_SNRPB_P1P2_ENSG00000125835,SNRPB,ENSG00000125835,7756,269,10691,3.0971098073706425,3.155782364451076,0.27121680524134756,2.835865390151512,3.5717976268264238,0.4458407287644772,25,5.355768655827239,1.7435930300625333,5,1449.0,7.27931883541462
8227_SNRPC_P1P2_ENSG00000124562,SNRPC,ENSG00000124562,2833,34,10691,4.091824003458669,4.110624705710168,0.08948058747529497,4.001584135855356,4.262342919802079,0.12423991526065681,25,4.460219242411902,,0,453.0,6.118097198041348
8228_SNRPD1_P1P2_ENSG00000167088,SNRPD1,ENSG00000167088,7089,146,10691,4.1052917228110015,4.1360706063227575,0.1491828808677368,3.8856225689346227,4.3640073098318535,0.17660031123398046,25,5.953056181174304,,0,2917.0,7.978653729082731
8230_SNRPD3_P1P2_ENSG00000100028,SNRPD3,ENSG00000100028,8141,182,10691,2.6205872088512283,2.5040391853886077,0.465632978138768,1.7215537784896735,3.0260384134539846,0.624435383161063,25,4.503291015202103,,1,3532.0,8.169902647359145
8231_SNRPE_P1P2_ENSG00000182004,SNRPE,ENSG00000182004,751,184,10691,3.957687744553999,3.9101119422522395,0.25811897880003015,3.6161018901478768,4.199474387285686,0.39960620167121164,25,5.956484394841555,,0,3001.0,8.007034012193408
8232_SNRPF_P1P2_ENSG00000139343,SNRPF,ENSG00000139343,5219,130,10691,3.895506412168247,3.917442049279529,0.19464962988151682,3.6819286000147633,4.285031526024987,0.20464368087966367,25,5.589395950227848,,0,3529.0,8.169053149927343
8233_SNRPG_P1P2_ENSG00000143977,SNRPG,ENSG00000143977,1082,402,10691,4.147979908037957,4.157708878671363,0.17018894302461302,3.875754654724288,4.411214812851585,0.19671936935566503,25,6.895200051698164,3.2626730663223436,20,3009.0,8.009695357742922
8236_SNUPN_P1P2_ENSG00000169371,SNUPN,ENSG00000169371,6030,139,10691,2.1749560158445607,2.166090403286745,0.3075051823815008,1.5905037551874512,2.5303855600706586,0.32839977533615805,25,3.8765075997841105,,0,2.0,1.0986122886681096
8237_SNW1_P2_ENSG00000100603,SNW1,ENSG00000100603,5771,104,10691,0.0,0.3266764519280551,0.5156499433718114,0.0,1.261177406155689,0.6237380561663805,25,0.4883840135969811,,0,0.0,0.0
8238_SNW1_P1_ENSG00000100603,SNW1,ENSG00000100603,5771,122,10691,2.2800856032272763,2.2134233692703122,0.5223250620345852,1.2601994807947943,2.8888455615430395,0.5606357324125586,25,3.7378068766286447,,0,466.0,6.1463292576688975
8244_SNX15_P1_ENSG00000110025,SNX15,ENSG00000110025,4685,391,10691,0.0,0.2355716618303922,0.5850768528939492,0.0,1.148093842625173,0.07343485459682769,25,1.1138629253335763,0.3037810350726291,14,839.0,6.733401891837359
8245_SNX15_P2_ENSG00000110025,SNX15,ENSG00000110025,4685,246,10691,2.2032624548155635,2.1512675419094105,0.15144157920164147,1.8706545192421238,2.294872809086785,0.17897212419950215,25,4.347814952531215,0.7638487861292488,3,1.0,0.6931471805599453
8266_SOD1_P1P2_ENSG00000142168,SOD1,ENSG00000142168,8004,165,10691,4.591405545059703,4.56568045328908,0.07321989141815197,4.457867733511591,4.6584469800928945,0.09498024142064221,25,6.507526443213612,,0,7.0,2.0794415416798357
8267_SOD2_P1P2_ENSG00000112096,SOD2,ENSG00000112096,3095,198,10691,3.330057454528654,3.280709197765394,0.2402553117567425,2.9932728095230354,3.505727371562826,0.2302840012049785,25,5.273237886024501,,1,3.0,1.3862943611198906
8271_SON_P1_ENSG00000159140,SON,ENSG00000159140,8018,500,10691,2.991460076738859,2.9482725913164627,0.37459489370841237,2.3530417265118513,3.5571936252861605,0.384863532492278,25,5.923801918269806,2.100963681079517,29,4431.0,8.39660622842712
8307_SP2_P1P2_ENSG00000167182,SP2,ENSG00000167182,6828,118,10691,1.1470263373543783,1.2598174928045935,0.46765217585202395,0.44908749413216503,1.834536964605106,0.681501000600959,25,2.8438028338960266,,1,41.0,3.7376696182833684
8325_SPATA5L1_P1P2_ENSG00000171763,SPATA5L1,ENSG00000171763,5916,150,10691,1.6984541251730694,1.5864435980208205,0.2779032453343921,1.084332354326512,1.8817822340818104,0.257647919106859,25,3.2976757614138736,,0,31.0,3.4657359027997265
8326_SPATA5_P1P2_ENSG00000145375,SPATA5,ENSG00000145375,2176,70,10691,1.6983112502188578,1.6619163691151981,0.3936752997865599,1.1963649899587263,2.1590559014012003,0.5462022126466692,25,2.691524143449046,,0,0.0,0.0
8331_SPC24_P1P2_ENSG00000161888,SPC24,ENSG00000161888,7325,98,10691,2.3972002731216353,2.3606152835224563,0.18080833320914133,2.152710735276714,2.561593047571107,0.2716681213261114,25,3.6276008304610134,,0,2529.0,7.835974581721566
8332_SPC25_P1P2_ENSG00000152253,SPC25,ENSG00000152253,1277,199,10691,2.8069244571616494,2.80773532878065,0.21499102047096538,2.453584236092706,3.163554536996907,0.19623810972407085,25,4.895687330072856,,0,4822.0,8.481151420068972
8334_SPCS2_P1P2_ENSG00000118363,SPCS2,ENSG00000118363,4790,122,10691,4.244179222054433,4.225775959330242,0.14288291045007342,4.013578005393553,4.435340477756218,0.15592250903085958,25,5.810668514804261,,0,15.0,2.772588722239781
8335_SPCS3_P1_ENSG00000129128,SPCS3,ENSG00000129128,2239,105,10691,3.5969361448051145,3.571580408465168,0.16267782700360434,3.2970774656702964,3.795659785951665,0.238072409290782,25,4.976980930417769,,0,68.0,4.23410650459726
8336_SPCS3_P2_ENSG00000129128,SPCS3,ENSG00000129128,2239,62,10691,2.088444952317916,2.073528170560192,0.40290810113309333,1.3174045464771849,2.6925377098424894,0.3608891763186137,25,2.9374022922417025,,0,3.0,1.3862943611198906
8338_SPDL1_P1P2_ENSG00000040275,SPDL1,ENSG00000040275,2582,88,10691,2.7980456352261354,2.7886927589416683,0.20883290161203016,2.427845017027685,3.112242808207143,0.28285836931153385,25,4.007205753977121,,0,4.0,1.6094379124341003
8372_SPRTN_P1P2_ENSG00000010072,SPRTN,ENSG00000010072,847,139,10691,2.084662476272479,2.098573408138929,0.33175317356947986,1.7222317067545623,2.600903242452982,0.36677524691141095,25,3.7210211069696917,,0,2.0,1.0986122886681096
837_BIRC5_P1P2_ENSG00000089685,BIRC5,ENSG00000089685,6991,46,10691,2.1620574991131467,2.0976186931478558,0.44004570496129264,1.3728809689575736,2.6164268574234706,0.5670765106146949,25,2.7098733414559186,,0,1.0,0.6931471805599453
8387_SPTLC1_P1P2_ENSG00000090054,SPTLC1,ENSG00000090054,3914,28,10691,2.708176792306038,2.7104729434931425,0.07918887992494208,2.598256265540239,2.825915633688701,0.1122035616793382,25,2.7711119237527115,,0,8.0,2.1972245773362196
8389_SPTSSA_P1P2_ENSG00000165389,SPTSSA,ENSG00000165389,5630,124,10691,3.5642465921717883,3.497146919690028,0.1888217467354239,3.169824672346877,3.6841762001867537,0.1515088769525179,25,5.095384681723089,,0,1.0,0.6931471805599453
8396_SRBD1_P1P2_ENSG00000068784,SRBD1,ENSG00000068784,1014,150,10691,1.8504300170324575,1.757104276850164,0.4317128709695834,1.1349826914908347,2.274350363103663,0.7156556347607614,25,3.563157444047744,,0,251.0,5.529429087511423
8397_SRCAP_P1P2_ENSG00000080603,SRCAP,ENSG00000080603,6333,194,10691,0.0,0.3781404072658115,0.5163723497538216,0.0,1.3368485825532905,0.7689898396250984,25,1.4529303760329395,,1,39.0,3.6888794541139363
83_ACIN1_P2_ENSG00000100813,ACIN1,ENSG00000100813,5585,58,10691,1.822650604998937,1.8629538069007057,0.45460935534011787,1.1551675071049614,2.531193636580723,0.6677668709988664,25,2.737520481418463,,0,12.0,2.5649493574615367
8405_SRFBP1_P1P2_ENSG00000151304,SRFBP1,ENSG00000151304,2455,76,10691,2.90061272312004,2.891807979081276,0.17358258508075033,2.642224390624989,3.169643740691203,0.21892010978453236,25,3.998185552225601,,0,454.0,6.12029741895095
8406_SRF_P1P2_ENSG00000112658,SRF,ENSG00000112658,2881,123,10691,0.9148861383301827,0.8189338848717932,0.6364566424276725,0.0,1.6125646666645128,1.4288239789325388,25,2.6093690678846655,,0,5.0,1.791759469228055
8413_SRP14_P1P2_ENSG00000140319,SRP14,ENSG00000140319,5869,132,10691,4.345036727587704,4.329060100480934,0.09811720273232087,4.153669653509107,4.465848466971983,0.1523135958521653,25,6.113382428242491,,0,23.0,3.1780538303479458
8414_SRP19_P1P2_ENSG00000153037,SRP19,ENSG00000153037,2442,124,10691,3.652133119066535,3.651430255727389,0.14076058001322597,3.450997667645475,3.8980103159732042,0.17194487128879876,25,5.206608199459215,,0,11.0,2.4849066497880004
8415_SRP54_P1P2_ENSG00000100883,SRP54,ENSG00000100883,5636,81,10691,3.3653563312953154,3.3779539944888524,0.15160601920886055,3.2148692190240022,3.6100068812095345,0.17155491590105276,25,4.564768405757822,,0,423.0,6.049733455231958
8416_SRP68_P1P2_ENSG00000167881,SRP68,ENSG00000167881,6969,171,10691,3.1687234253500036,3.1462077707006735,0.1856725314953508,2.867321737022433,3.385597017651504,0.12572321965135602,25,4.98914382846299,,0,2056.0,7.6290038896529575
8417_SRP72_P1P2_ENSG00000174780,SRP72,ENSG00000174780,2068,224,10691,4.307094774252237,4.297564817067719,0.09872961948377454,4.106517434037572,4.4320249100655005,0.13144663262922052,25,6.4527230620408975,,0,244.0,5.501258210544727
8418_SRP9_P1P2_ENSG00000143742,SRP9,ENSG00000143742,810,168,10691,4.4592383863277325,4.45751968989497,0.09938664121940016,4.2791173352485625,4.58267761799294,0.10591410944907231,25,6.4320332929577795,,0,46.0,3.8501476017100584
8422_SRPRB_P1P2_ENSG00000144867,SRPRB,ENSG00000144867,1809,164,10691,3.1921441469840173,3.2040000171199527,0.12270782946076741,3.026158833147309,3.4186293414910605,0.15668308000178977,25,4.985553949966482,,0,319.0,5.768320995793772
8424_SRRM1_P1P2_ENSG00000133226,SRRM1,ENSG00000133226,131,180,10691,4.014143073209041,3.952117693032942,0.1935546427292008,3.570142994676869,4.167862610838767,0.15444033661499823,25,5.890815863491223,,0,793.0,6.677083461247136
8425_SRRM2_P1P2_ENSG00000167978,SRRM2,ENSG00000167978,6181,173,10691,4.12963494829386,4.116873544851899,0.1383148188048575,3.8555037779937225,4.2949464062567895,0.1392958514045759,25,6.0191860875800565,,0,231.0,5.44673737166631
8426_SRRT_P1P2_ENSG00000087087,SRRT,ENSG00000087087,3356,307,10691,3.357258665679976,3.336522071083058,0.21678926008009872,2.932677750008691,3.6189197651014147,0.26094464985376575,25,5.748081522273389,2.404550517501105,5,5865.0,8.676928249537397
8428_SRSF10_P1P2_ENSG00000188529,SRSF10,ENSG00000188529,129,133,10691,4.304609372416699,4.270179108870924,0.11973571228744967,4.05966521638231,4.44402689708633,0.13954886304373115,25,5.951459806788151,,0,238.0,5.476463551931511
8429_SRSF11_P1_ENSG00000116754,SRSF11,ENSG00000116754,375,281,10691,0.0,0.3710156205726399,0.5668031271667652,0.0,1.3350167118488128,0.7325757298504149,25,2.022167776157365,0.21401343196671696,3,1.0,0.6931471805599453
8430_SRSF11_P2_ENSG00000116754,SRSF11,ENSG00000116754,375,156,10691,3.2263473932837297,3.236954844771444,0.24816553950383266,2.8924366257850966,3.5939489149641743,0.27488157355288534,25,5.072112079576325,,0,60.0,4.110873864173311
8431_SRSF1_P1P2_ENSG00000136450,SRSF1,ENSG00000136450,6876,159,10691,3.547748499274842,3.5617673471492366,0.21257897713490068,3.2563122019898887,3.8745911218823403,0.2554729622769534,25,5.416882054523314,,0,1996.0,7.599401333415815
8432_SRSF2_P1P2_ENSG00000161547,SRSF2,ENSG00000161547,6981,69,10691,3.385843212885621,3.3760220277377018,0.197617574576213,3.0518146762177114,3.6190572735536577,0.24140666060418958,25,4.373872562819881,,0,226.0,5.424950017481403
8433_SRSF3_P1P2_ENSG00000112081,SRSF3,ENSG00000112081,2847,29,10691,3.361365486144046,3.3556381857361783,0.10890503527553996,3.183912269536339,3.5484607972876434,0.14229178063318848,25,3.5593754658542167,,0,640.0,6.46302945692067
8436_SRSF6_P1_ENSG00000124193,SRSF6,ENSG00000124193,7886,205,10691,2.989097514645651,2.9328903924184515,0.20930686561991219,2.6910843528674335,3.138850654490168,0.16761763637235916,25,4.9673948400217975,,1,7.0,2.0794415416798357
8438_SRSF7_P1P2_ENSG00000115875,SRSF7,ENSG00000115875,996,118,10691,4.308617934733817,4.3133764731801,0.15362847054747084,4.042414879668389,4.492951742703297,0.23730148149245522,25,5.848222937108746,,0,796.0,6.680854678790215
8444_SS18L2_P1P2_ENSG00000008324,SS18L2,ENSG00000008324,1578,144,10691,3.75318145157278,3.7694663056039612,0.11463682366094737,3.6092318947854607,3.9297797591921046,0.19971694360462156,25,5.4339347920030585,,0,138.0,4.9344739331306915
8446_SSBP1_P1P2_ENSG00000106028,SSBP1,ENSG00000106028,3468,119,10691,4.465469213512634,4.474385237018952,0.07360687308936956,4.369300546757186,4.5794512539308005,0.11689434355788286,25,6.117944036995577,,0,251.0,5.529429087511423
8448_SSBP3_P1P2_ENSG00000157216,SSBP3,ENSG00000157216,346,107,10691,0.8943698223162657,0.8259782039354533,0.6540062387885334,0.0,1.7939706569879996,1.2026382566118177,25,2.2572720210135264,,0,1.0,0.6931471805599453
8458_SSRP1_P1P2_ENSG00000149136,SSRP1,ENSG00000149136,4597,562,10691,3.967924595895397,3.984570535825352,0.22710926850712385,3.727642931194244,4.279459497358723,0.2947790582434684,25,7.046507394219166,3.276945307823245,31,5785.0,8.66319648553608
8460_SSU72_P1P2_ENSG00000160075,SSU72,ENSG00000160075,20,85,10691,3.6118981703581765,3.594619748375757,0.14247140758329685,3.362606921995538,3.7488313066672,0.21166005941267096,25,4.808839930183323,,0,680.0,6.523562306149512
8491_STARD7_P1P2_ENSG00000084090,STARD7,ENSG00000084090,1149,117,10691,3.658824536526442,3.653232857118295,0.20581904598367562,3.3711132791384344,4.002297687711807,0.367163101816502,25,5.213952632227001,,0,93.0,4.543294782270004
8498_STAT5A_P1P2_ENSG00000126561,STAT5A,ENSG00000126561,6762,204,10691,2.7265027166004865,2.66376358140496,0.2556374513913038,2.2554865552785164,2.949931404617775,0.30236308045365057,25,4.662125161032672,,0,13.0,2.639057329615259
84_ACIN1_P1_ENSG00000100813,ACIN1,ENSG00000100813,5585,133,10691,1.777734684316592,1.5945342081532172,0.6567735717879644,0.5655859491621638,2.6742629720839663,0.7677726016677067,25,3.1022196159155646,,0,2.0,1.0986122886681096
8506_STIL_P1P2_ENSG00000123473,STIL,ENSG00000123473,314,171,10691,2.14203010681311,1.983891597314933,0.487404566622759,1.128752431359452,2.5783556613578527,0.8015777236761739,25,3.935592439974255,,0,21.0,3.091042453358316
8538_STRAP_P1P2_ENSG00000023734,STRAP,ENSG00000023734,4985,106,10691,4.095691360488416,4.064987208156216,0.1291804357824224,3.8470905197910175,4.222892310674282,0.18236396012812373,25,5.452630470934779,,0,152.0,5.030437921392435
8540_STRIP1_P1P2_ENSG00000143093,STRIP1,ENSG00000143093,467,107,10691,1.5875059578174489,1.4681560346721383,0.3494089979468425,0.8391882283266056,1.8832818748934286,0.48164533615448524,25,2.8060039143022024,,0,5.0,1.791759469228055
8552_STX18_P1P2_ENSG00000168818,STX18,ENSG00000168818,1992,86,10691,1.8592198242434852,1.7944655867705805,0.41944436652711936,1.2236053758389722,2.352668626348222,0.5181007560022013,25,2.994435407448337,,0,20.0,3.044522437723423
8557_STX5_P1P2_ENSG00000162236,STX5,ENSG00000162236,4655,51,10691,1.380934177443229,1.3123998608189995,0.48314570662469186,0.4352065334024861,1.8734909984107828,0.6244434637172127,25,2.027241821039044,,0,0.0,0.0
8576_SUGP1_P1P2_ENSG00000105705,SUGP1,ENSG00000105705,7438,149,10691,1.361986584929107,1.3760050482006436,0.44256122895577654,0.5996305274920338,1.9334167817319279,0.6113305692318138,25,3.308701998321466,,0,485.0,6.186208623900494
8578_SUGT1_P1P2_ENSG00000165416,SUGT1,ENSG00000165416,5492,107,10691,4.0648051715020355,4.0487664325936175,0.12023041351861644,3.922932019218485,4.195286927630659,0.1348276614736803,25,5.499698505024216,,0,83.0,4.430816798843313
8588_SUMO2_P1P2_ENSG00000188612,SUMO2,ENSG00000188612,6949,63,10691,4.166729045256593,4.151626233813608,0.11658365330594436,3.9840913326483705,4.294863188213484,0.16915973180165977,25,5.238815414061434,,0,44.0,3.8066624897703196
8594_SUPT16H_P1P2_ENSG00000092201,SUPT16H,ENSG00000092201,5571,93,10691,4.355397204484738,4.345969783324653,0.10349678484331717,4.160864320254845,4.458449888989309,0.15382519220908808,25,5.69939156106066,,0,3483.0,8.155936337972394
8597_SUPT4H1_P1P2_ENSG00000213246,SUPT4H1,ENSG00000213246,6880,74,10691,3.2858557807450532,3.28187145355845,0.21149611619399833,2.9636604032635976,3.5537445238990752,0.33368044705466904,25,4.294930522476586,,0,406.0,6.008813185442595
8598_SUPT5H_P1P2_ENSG00000196235,SUPT5H,ENSG00000196235,7530,406,10691,3.1227283972330224,3.0818399790828823,0.17767798637592905,2.8654667475924898,3.23236253124202,0.1836754394469433,25,5.82070160875883,2.1262935266392424,18,6034.0,8.705331133531631
8599_SUPT6H_P1P2_ENSG00000109111,SUPT6H,ENSG00000109111,6669,288,10691,3.071263736285871,3.0577800311108474,0.23666223639467457,2.7094510224784454,3.3908260672571866,0.32379766842779656,25,5.500555678920414,2.2444896817374955,5,6032.0,8.704999678440762
859_BMS1_P1P2_ENSG00000165733,BMS1,ENSG00000165733,4217,28,10691,3.0885637344286927,3.099244676233294,0.10152597579444522,2.9660778522941045,3.269081935902315,0.13463006459266325,25,3.164586029561688,,0,186.0,5.231108616854587
8601_SUPV3L1_P1P2_ENSG00000156502,SUPV3L1,ENSG00000156502,4259,80,10691,2.531389870951493,2.5418110675795447,0.25816437009177184,2.036439083886778,2.8411937164972163,0.3494232560828756,25,3.6199908345414706,,0,167.0,5.123963979403259
8605_SURF6_P1P2_ENSG00000148296,SURF6,ENSG00000148296,4086,130,10691,3.236645999393566,3.2205288291765997,0.2255737316200751,2.8149334047079444,3.5284075564145736,0.32277936088161185,25,4.830364701026211,,0,312.0,5.746203190540153
8618_SYF2_P1P2_ENSG00000117614,SYF2,ENSG00000117614,133,86,10691,2.751288559265729,2.720245300800985,0.17739220023497018,2.4434742828342357,3.0068478628668824,0.2331692984030127,25,3.906938838948193,,0,475.0,6.16541785423142
8621_SYMPK_P1P2_ENSG00000125755,SYMPK,ENSG00000125755,7600,89,10691,2.5772948091982952,2.4973262128720357,0.3002539835681742,1.9156885577433356,2.8997958254997944,0.4273513633713413,25,3.6680553125131548,,0,2160.0,7.6783263565068856
862_BNIP1_P1P2_ENSG00000113734,BNIP1,ENSG00000113734,2592,111,10691,1.294301348490563,1.3143651970948451,0.4103298880134182,0.6827504458128195,1.9380539778919115,0.5348973298968114,25,2.793537830029171,,0,391.0,5.971261839790462
8633_SYS1_P1P2_ENSG00000204070,SYS1,ENSG00000204070,7897,59,10691,2.1773721981275505,2.1266217504550746,0.174762626329591,1.8444110501075377,2.337321299937079,0.260596779956098,25,2.937153243715173,,0,1.0,0.6931471805599453
8644_TACC3_P2_ENSG00000013810,TACC3,ENSG00000013810,1972,98,10691,0.6075649279461187,0.6098704874904647,0.6298989394469329,0.0,1.6501795008444788,1.1062924499625368,25,1.6295671569411445,,0,0.0,0.0
8645_TACC3_P1_ENSG00000013810,TACC3,ENSG00000013810,1972,34,10691,1.9571968566438371,1.8470020773317006,0.36629025399719467,1.1488883461582933,2.234717441824307,0.5330633834700214,25,2.0010694414192347,,0,8.0,2.1972245773362196
8648_TADA2A_P1P2_ENSG00000276234,TADA2A,ENSG00000276234,6716,39,10691,1.8115867528219998,1.7617874102345215,0.27045568292922045,1.3787106306244947,2.065805650653766,0.4164443529292374,25,2.1077119410795806,,0,24.0,3.2188758248682006
8650_TADA3_P1P2_ENSG00000171148,TADA3,ENSG00000171148,1491,150,10691,3.293997835847842,3.2949444335530256,0.1278988121932621,3.0963192156077053,3.4510831902610284,0.18755425282234217,25,5.040168669864918,,0,253.0,5.537334267018537
8651_TAF10_P1P2_ENSG00000166337,TAF10,ENSG00000166337,4490,39,10691,3.1898134954527437,3.193657147835063,0.0706297105594251,3.0820126707931137,3.3123365728229244,0.0463508821700227,25,3.5850807187313696,,0,1177.0,7.071573364211532
8653_TAF12_P1P2_ENSG00000120656,TAF12,ENSG00000120656,173,67,10691,2.9559401453916796,2.9538436729641084,0.14836336773799003,2.70012429413181,3.127777590642568,0.20416920006836836,25,3.8819744155480134,,0,2081.0,7.641084249174914
8657_TAF1B_P1P2_ENSG00000115750,TAF1B,ENSG00000115750,908,94,10691,1.7728745315616674,1.7657365556505484,0.30675977545927013,1.1171501018735854,2.134866234786078,0.33629972373282047,25,3.1577919966974757,,0,20.0,3.044522437723423
8658_TAF1C_P1P2_ENSG00000103168,TAF1C,ENSG00000103168,6488,134,10691,0.17062921348402327,0.3014850055202999,0.38657318945582186,0.0,1.1654049325844975,0.40635985517909257,25,1.7443766203431683,,0,197.0,5.288267030694535
8659_TAF1D_P2_ENSG00000166012,TAF1D,ENSG00000166012,4828,38,10691,0.23290699225363853,0.3692666574484849,0.4421792240239451,0.0,1.269978648755094,0.530330380174292,25,0.8444051457858139,,0,0.0,0.0
8660_TAF1D_P1_ENSG00000166012,TAF1D,ENSG00000166012,4828,103,10691,3.9491751695156374,3.9388110815679545,0.12216287316860827,3.7472444335646307,4.096232318137167,0.1760623469589433,25,5.312516922938608,,0,395.0,5.981414211254481
8661_TAF1_P1P2_ENSG00000147133,TAF1,ENSG00000147133,8408,97,10691,1.8280307001265272,1.8536682871749621,0.2984663772381108,1.5204320348377565,2.2621444078430044,0.3522745696879317,25,3.1853535809621563,,0,4002.0,8.294799358992574
8662_TAF2_P1P2_ENSG00000064313,TAF2,ENSG00000064313,3739,144,10691,2.476554740449459,2.3468248207477775,0.3355889428667464,1.7779176882113146,2.712610009535462,0.6186815505963037,25,4.118166661379668,,0,4333.0,8.374246182096304
8666_TAF5_P1P2_ENSG00000148835,TAF5,ENSG00000148835,4377,35,10691,1.7046832171586253,1.7488396550578582,0.1987366979907664,1.559775382462273,2.1061849558758197,0.3115317565530573,25,2.048379831714848,,0,1500.0,7.313886831633462
8668_TAF6_P1P2_ENSG00000106290,TAF6,ENSG00000106290,3345,113,10691,2.5675586593451682,2.4889504434955114,0.20864753059053914,2.082424326126116,2.6878488818903836,0.1162603293458706,25,3.9141930518256753,,0,966.0,6.874198495453294
8669_TAF7_P1P2_ENSG00000178913,TAF7,ENSG00000178913,2530,94,10691,3.236316768171001,3.2554962593685097,0.2080651890592213,2.9345595594981617,3.5842213602747606,0.2533478928358379,25,4.588365842932441,,0,3494.0,8.15908865466791
8670_TAF8_P1P2_ENSG00000137413,TAF8,ENSG00000137413,2868,110,10691,1.9792543956399617,1.819415290220129,0.464449792102484,0.9380756526831528,2.3557477288398574,0.545063391221845,25,3.268760356422703,,0,2660.0,7.886457270977689
8678_TAMM41_P1P2_ENSG00000144559,TAMM41,ENSG00000144559,1505,120,10691,2.4435371383077142,2.3858676432189534,0.1876919768279061,2.143837029515452,2.5754718403379298,0.26549291335110103,25,3.8738463037713546,,0,9.0,2.302585092994046
8692_TARDBP_P1P2_ENSG00000120948,TARDBP,ENSG00000120948,66,169,10691,3.419209424829585,3.3979608806003427,0.1635261318362589,3.16767116943135,3.618740215748205,0.21918693914815446,25,5.27496207798397,,0,47.0,3.8712010109078907
8693_TARS2_P1P2_ENSG00000143374,TARS2,ENSG00000143374,536,74,10691,2.005271871884581,1.9558206209893316,0.3076402122021859,1.4242954893851714,2.3360896692307356,0.292479358872928,25,2.937437681272278,,0,27.0,3.332204510175204
8695_TARS_P1P2_ENSG00000113407,TARS,ENSG00000113407,2293,132,10691,4.17763250329176,4.145525043791105,0.11157763195781223,3.942388156523555,4.26455134749601,0.13660538336482286,25,5.7725880236966995,,0,1236.0,7.1204443723924875
8724_TBCA_P1P2_ENSG00000171530,TBCA,ENSG00000171530,2390,179,10691,4.4341560019665325,4.4333476179257945,0.09559152713843977,4.272529034187231,4.555103444896105,0.1283923320926128,25,6.412514606287222,,0,2.0,1.0986122886681096
8725_TBCB_P1P2_ENSG00000105254,TBCB,ENSG00000105254,7501,102,10691,2.984053342271172,2.9201412976340846,0.18060881048204458,2.6672893833562017,3.1425407467548356,0.2630512036209356,25,4.243366264179791,,0,305.0,5.723585101952381
8728_TBCC_P1P2_ENSG00000124659,TBCC,ENSG00000124659,2871,141,10691,1.8411775643907784,1.6605800059301332,0.7683729834408982,0.023643458239734363,2.368356829867836,0.9575984942720035,25,3.5323584408990496,,0,1.0,0.6931471805599453
8729_TBCD_P1P2_ENSG00000141556,TBCD,ENSG00000141556,7048,28,10691,0.42150676187721087,0.4735104505440299,0.40166241645380507,0.0,1.2511869839576006,0.45994818442889385,25,0.5482478387375935,,0,0.0,0.0
8730_TBCE_P1P2_ENSG00000285053,TBCE,ENSG00000285053,858,129,10691,0.0,0.14428973176232363,0.4008657485572073,0.0,1.2056331567227334,0.0,25,0.0,,0,4.0,1.6094379124341003
8738_TBL3_P1P2_ENSG00000183751,TBL3,ENSG00000183751,6157,75,10691,2.398338095606625,2.3312999583316767,0.30976142388660854,1.9153328965378822,2.676563793721592,0.46783632928857033,25,3.525700663517539,,0,564.0,6.336825731146441
8741_TBP_P1P2_ENSG00000112592,TBP,ENSG00000112592,3115,151,10691,1.5407250204228717,1.5943120700403022,0.4779778223691281,1.0388762739820443,2.2049818762937545,0.6057371501046518,25,3.5030692471104445,,0,304.0,5.720311776607412
874_BOP1_P1_ENSG00000261236,BOP1,ENSG00000261236,3796,50,10691,3.4110643739827657,3.388398039155636,0.1733282631243248,3.055103486685139,3.6297287458385377,0.22326214175348635,25,4.035248750468705,,0,304.0,5.720311776607412
875_BOP1_P2_ENSG00000261236,BOP1,ENSG00000261236,3796,203,10691,0.0,0.18332812523616154,0.402565234599686,0.0,0.9690555138608429,0.0,25,0.0,,0,0.0,0.0
876_BORA_P1P2_ENSG00000136122,BORA,ENSG00000136122,5497,55,10691,1.7233083185952536,1.6413964527876492,0.30752928769704446,1.1917495319773475,2.068399549435605,0.42544281579549015,25,2.4453293403786165,,0,45.0,3.828641396489095
8772_TCERG1_P1P2_ENSG00000113649,TCERG1,ENSG00000113649,2543,105,10691,3.771233962778648,3.7580228114115948,0.16643033790632383,3.5380156423354565,3.985441781685903,0.20890233829348714,25,5.149118336279032,,0,635.0,6.455198563340122
8791_TCOF1_P1P2_ENSG00000070814,TCOF1,ENSG00000070814,2549,97,10691,3.584224107163068,3.5666834558669893,0.15196698638488443,3.3282426616457244,3.7932001294973263,0.18925129769332205,25,4.898272579906989,,0,145.0,4.983606621708336
8793_TCP1_P1P2_ENSG00000120438,TCP1,ENSG00000120438,3098,67,10691,4.41642323682123,4.41540653312759,0.09595474437418633,4.26707231002668,4.570249107328314,0.138683963598079,25,5.458366902316007,,0,638.0,6.459904454377535
880_BPTF_P1P2_ENSG00000171634,BPTF,ENSG00000171634,6930,56,10691,2.894553393963221,2.882336604362325,0.3269838473888892,2.338007695913613,3.4238924280300407,0.43143152630255655,25,3.6770384633260775,,0,1.0,0.6931471805599453
8811_TEFM_P1P2_ENSG00000172171,TEFM,ENSG00000172171,6690,203,10691,1.9588750380932374,1.921796275831055,0.3613775650708382,1.264520042054423,2.397542119667409,0.41999061226835277,25,3.9906738560192285,,1,268.0,5.594711379601839
8816_TELO2_P1P2_ENSG00000100726,TELO2,ENSG00000100726,6143,74,10691,2.6115927379114883,2.597222078300717,0.09980337512224667,2.4469061487236603,2.7242977550591143,0.12053170389089374,25,3.5965490329546963,,0,567.0,6.342121418721152
8817_TEN1_P1P2_ENSG00000257949,TEN1,ENSG00000257949,6968,86,10691,1.6475664331282056,1.6575329151421048,0.389621910446693,1.042580120798418,2.3399034435496384,0.2967766094562678,25,2.8912036284552056,,0,3.0,1.3862943611198906
8818_TERF1_P1P2_ENSG00000147601,TERF1,ENSG00000147601,3660,83,10691,2.5416756782730867,2.47228622955196,0.2738933222546157,1.9987716982416692,2.8657271081922295,0.34291816419231047,25,3.6017993615268415,,0,1.0,0.6931471805599453
8820_TERF2_P1P2_ENSG00000132604,TERF2,ENSG00000132604,6439,50,10691,2.808045558229905,2.8133049127850516,0.16666816058831,2.5612971021233326,3.091187941659464,0.21344169375359323,25,3.4238649090084734,,0,639.0,6.461468176353717
8826_TEX10_P1P2_ENSG00000136891,TEX10,ENSG00000136891,3955,162,10691,2.761790164187779,2.742889912043507,0.2089144768714917,2.4032035440669937,3.0149284776304666,0.3026587459235568,25,4.535212567536265,,0,799.0,6.684611727667927
8832_TFAM_P1P2_ENSG00000108064,TFAM,ENSG00000108064,4237,82,10691,3.9895548895654573,3.967479688388029,0.08991372410873318,3.7894055809063762,4.065796651741667,0.11749445795009006,25,5.09702988600351,,0,35.0,3.58351893845611
8841_TFB2M_P1P2_ENSG00000162851,TFB2M,ENSG00000162851,876,162,10691,2.0130229290732733,1.816776975038247,0.6765979341308443,0.9215312459857355,2.7965217335465,0.9625300275491595,25,3.7335875431447225,,0,10.0,2.3978952727983707
8844_TFDP1_P1P2_ENSG00000198176,TFDP1,ENSG00000198176,5552,163,10691,3.729440437949086,3.7246830069615426,0.15566644983893185,3.5187815276844945,3.9628387167667403,0.22292251119588835,25,5.546506878399482,,0,368.0,5.910796644040527
884_BRCA1_P1P2_ENSG00000012048,BRCA1,ENSG00000012048,6787,104,10691,3.206465710731376,3.1870124919313083,0.22161998464656174,2.8843320622557047,3.548458057687565,0.33370059213014347,25,4.568396820346957,,0,8.0,2.1972245773362196
8853_TFIP11_P1P2_ENSG00000100109,TFIP11,ENSG00000100109,8146,61,10691,2.4432231806063407,2.41916621001898,0.251616886661158,1.9509299778253477,2.7836911969223093,0.2618304889286067,25,3.2186056497760904,,0,150.0,5.017279836814924
8857_TFRC_P1P2_ENSG00000072274,TFRC,ENSG00000072274,1937,57,10691,3.2426004066921066,3.156949027216236,0.30332498914060374,2.5676496942436695,3.486670074079268,0.3462064488043528,25,3.9527140803000567,,0,1.0,0.6931471805599453
885_BRCA2_P1P2_ENSG00000139618,BRCA2,ENSG00000139618,5428,147,10691,3.0342205901003623,3.0435956032089626,0.11921587070411861,2.8752818868339602,3.218863044812496,0.16608939186236782,25,4.728536607370562,,1,6.0,1.9459101490553132
8869_TGS1_P1P2_ENSG00000137574,TGS1,ENSG00000137574,3634,161,10691,3.038365029591255,3.0213178491585326,0.18326590986441724,2.6955435995540595,3.2800565063284335,0.223392527812023,25,4.861171220304844,,0,5.0,1.791759469228055
8872_THAP11_P1P2_ENSG00000168286,THAP11,ENSG00000168286,6423,63,10691,2.5717880931211896,2.5406576630283775,0.2145126115692503,2.2242833470974332,2.8301731337965084,0.3435441270365245,25,3.3854445487441858,,0,89.0,4.499809670330265
8873_THAP1_P1P2_ENSG00000131931,THAP1,ENSG00000131931,3617,110,10691,1.8861112963787776,1.8852837759288048,0.30483060481717794,1.4545587202691945,2.2223359085399768,0.3020305165349917,25,3.378041580670893,,0,503.0,6.222576268071369
8886_THG1L_P1P2_ENSG00000113272,THG1L,ENSG00000113272,2568,43,10691,2.7053379681310683,2.694539047593535,0.051076824620168305,2.623129210832558,2.7671027083366475,0.08272792569552179,25,3.1730127152285874,,0,355.0,5.87493073085203
8887_THOC1_P1P2_ENSG00000079134,THOC1,ENSG00000079134,7052,38,10691,2.4661461134628775,2.4115264566367984,0.22954422558251614,2.0197290740872593,2.6488757126598297,0.3143162794104537,25,2.7891119254778327,,0,86.0,4.465908118654584
8888_THOC2_P1P2_ENSG00000125676,THOC2,ENSG00000125676,8479,190,10691,3.9333675719974135,3.9298702778662378,0.15534642013075534,3.713546688353958,4.166794627690511,0.20494615986373033,25,5.883475350702929,,2,2679.0,7.893572073504902
8889_THOC3_P1P2_ENSG00000051596,THOC3,ENSG00000051596,2596,147,10691,3.0354818229710783,3.013464257984061,0.21626786130798015,2.705649165175415,3.2610669814342588,0.2676914059146447,25,4.703719424106166,,0,719.0,6.579251212010101
8890_THOC5_P1P2_ENSG00000100296,THOC5,ENSG00000100296,8160,32,10691,2.7437693675926793,2.710728472898347,0.14955421181846404,2.5322693688793922,2.9531196518185534,0.1722009609414097,25,2.8550429159814055,,0,267.0,5.5909869805108565
8891_THOC6_P1P2_ENSG00000131652,THOC6,ENSG00000131652,6191,116,10691,3.0071530443969325,2.997649736463475,0.08681208009384254,2.8343382665367645,3.116647550449189,0.09618096550110211,25,4.4782449899108885,,0,51.0,3.9512437185814275
8892_THOC7_P1P2_ENSG00000163634,THOC7,ENSG00000163634,1702,132,10691,3.5211680679217916,3.4989255253312876,0.20085770668074876,3.1409018784329836,3.788050825120729,0.26977280475955645,25,5.124515205522645,,0,532.0,6.278521424165844
8904_TICRR_P1P2_ENSG00000140534,TICRR,ENSG00000140534,6078,157,10691,1.0930067625236126,1.0387024936257967,0.6106001533635298,0.0,1.8035050274857638,1.0025936379850975,25,2.985268858431919,,0,1044.0,6.951772164398911
8913_TIMELESS_P1P2_ENSG00000111602,TIMELESS,ENSG00000111602,5131,64,10691,2.914025319598205,2.8352055927736988,0.1819194883630079,2.5595575863087805,3.0615639912465595,0.24193411186869263,25,3.742580513736037,,0,27.0,3.332204510175204
8915_TIMM10_P1P2_ENSG00000134809,TIMM10,ENSG00000134809,4601,54,10691,3.723174399888134,3.7504483337658883,0.1425636267589361,3.5492716428276694,4.003592179730119,0.17640935529632573,25,4.44140063617275,,0,3.0,1.3862943611198906
8916_TIMM13_P1P2_ENSG00000099800,TIMM13,ENSG00000099800,7212,178,10691,4.379651535511753,4.381017261756144,0.12981267687525888,4.1687953294578,4.59815518848258,0.13328733969305961,25,6.400116921687037,,0,506.0,6.2285110035911835
"891_BRD4_ENST00000263377.2,ENST00000371835.4_ENSG00000141867",BRD4,ENSG00000141867,7382,116,10691,1.9917416452748116,1.7649172530895538,0.7370015237794967,0.13415096819504818,2.4412648481529664,1.117249093000284,25,3.1009841758886725,,0,5.0,1.791759469228055
8920_TIMM22_P1P2_ENSG00000177370,TIMM22,ENSG00000177370,6532,78,10691,2.5685659218948955,2.576030018544553,0.2394042276017068,2.189771831847848,2.9567346567895547,0.3828419486752712,25,3.68849556486944,,0,9.0,2.302585092994046
8921_TIMM23B_P1P2_ENSG00000204152,TIMM23B,ENSG00000204152,4230,498,10691,0.6795723748777371,0.7817022493858685,0.6248428621189078,0.0,1.5376739375839061,1.4165864784160482,25,3.6703742768577814,0.44728653166840027,32,5925.0,8.68710472813351
8923_TIMM44_P1P2_ENSG00000104980,TIMM44,ENSG00000104980,7280,45,10691,2.4717263158069134,2.4746135231994675,0.25737556155654273,1.999570627696236,2.781911124713126,0.2613967132854591,25,3.006149091068551,,0,838.0,6.732210706467206
8925_TIMM8A_P1P2_ENSG00000126953,TIMM8A,ENSG00000126953,8436,162,10691,3.3633673036539986,3.373389872846655,0.1877602926995326,3.061922088150451,3.5977685779071034,0.3290171748658648,25,5.1486874026154075,,0,6.0,1.9459101490553132
8927_TIMM9_P1P2_ENSG00000100575,TIMM9,ENSG00000100575,5700,201,10691,2.9525412845595755,3.00169349712139,0.22682031369313413,2.7082437473179017,3.3589605983671076,0.3121192347617132,25,5.079648484793932,,0,61.0,4.127134385045092
8931_TINF2_P1P2_ENSG00000092330,TINF2,ENSG00000092330,5609,76,10691,1.1702399236399785,1.1128064906044421,0.47008287534126286,0.319672103373414,1.8168646376565925,0.4959061180191907,25,2.4442493449841756,,0,13.0,2.639057329615259
8933_TIPIN_P1P2_ENSG00000075131,TIPIN,ENSG00000075131,5983,109,10691,2.7481849666004603,2.7389088008684737,0.25473065369963255,2.3238504240577793,3.1097762085696528,0.30598878328760737,25,4.211509461147058,,0,10.0,2.3978952727983707
893_BRD8_P1P2_ENSG00000112983,BRD8,ENSG00000112983,2501,77,10691,2.2219143473757716,2.1345263136970285,0.3541228961784299,1.5255304074650586,2.6250687277380726,0.41478017982576887,25,3.170864049417023,,0,325.0,5.786897381366708
8941_TKT_P2_ENSG00000163931,TKT,ENSG00000163931,1684,111,10691,0.0,0.19437199565890237,0.3095854198686932,0.0,0.7647080730257935,0.3547914613090698,25,0.0,,0,0.0,0.0
8942_TKT_P1_ENSG00000163931,TKT,ENSG00000163931,1684,91,10691,4.454360028585665,4.445654887955979,0.08265255218739001,4.288800882449685,4.554932095166812,0.10524689137801158,25,5.805436530594299,,0,1.0,0.6931471805599453
8943_TLCD1_P1P2_ENSG00000160606,TLCD1,ENSG00000160606,6671,155,10691,1.629087851639465,1.4173436187148725,0.4421222934309163,0.4280240921286357,1.8397831853190563,0.523190425694392,25,3.25100332143957,,0,0.0,0.0
8948_TLN1_P1P2_ENSG00000137076,TLN1,ENSG00000137076,3859,87,10691,3.2204305942195077,3.2063335416596015,0.21277901958596296,2.7737183533283396,3.5193371378260583,0.22190629130635342,25,4.432160082588559,,0,1.0,0.6931471805599453
8956_TM7SF2_P1P2_ENSG00000149809,TM7SF2,ENSG00000149809,4690,100,10691,1.5479101433975337,1.5317886370315517,0.4667893092345335,0.5700980900371787,2.0220688855505573,0.5496783469847504,25,2.914365377896202,,0,0.0,0.0
8963_TMA16_P1P2_ENSG00000198498,TMA16,ENSG00000198498,2227,172,10691,3.091954462101588,3.076398406425248,0.19092323644529602,2.7740181461321973,3.3220575545116193,0.2778965124886006,25,4.9791871898882665,,0,162.0,5.093750200806762
896_BRF1_P1P2_ENSG00000185024,BRF1,ENSG00000185024,5838,166,10691,1.039593613792238,0.8161740785590479,0.5263181603010952,0.005754948119791446,1.4116134587771765,0.8779206266203399,25,2.770378248601497,,0,16.0,2.833213344056216
8974_TMED2_P1P2_ENSG00000086598,TMED2,ENSG00000086598,5360,137,10691,3.6145539428689584,3.5728548529122164,0.17112742589010005,3.3162887392622706,3.793215757306009,0.2074726374428102,25,5.228299573828421,,0,37.0,3.6375861597263857
897_BRF2_P1P2_ENSG00000104221,BRF2,ENSG00000104221,3593,174,10691,1.8086338684356684,1.6604989731736504,0.32032864923392596,1.2036591621767387,2.0055353550656903,0.4248171720232239,25,3.5340619319181164,,1,1.0,0.6931471805599453
8994_TMEM127_P1P2_ENSG00000135956,TMEM127,ENSG00000135956,1150,132,10691,1.4165864784160482,1.2282811824479831,0.40156420519224173,0.528398152221517,1.5531131933894609,0.7579788458171023,25,2.9317582277567134,,0,1.0,0.6931471805599453
8_AAMP_P1P2_ENSG00000127837,AAMP,ENSG00000127837,1396,99,10691,2.9042011332082387,2.8863420414637186,0.2716316525684514,2.5938638026502385,3.271099602015472,0.2594572226636531,25,4.121147801416919,,0,228.0,5.43372200355424
900_BRIP1_P1P2_ENSG00000136492,BRIP1,ENSG00000136492,6900,132,10691,2.234908131634766,2.1906395274410078,0.15948434364280198,1.867858012632205,2.3442420341174324,0.08723013608820729,25,3.8127472321560534,,0,2.0,1.0986122886681096
901_BRIX1_P1P2_ENSG00000113460,BRIX1,ENSG00000113460,2296,132,10691,3.645634871994206,3.6713989936472022,0.2265842904410992,3.2873023867878266,4.018786735158361,0.285790203999881,25,5.336134431018396,,0,920.0,6.825460036255307
902_BRK1_P1P2_ENSG00000254999,BRK1,ENSG00000254999,1499,180,10691,4.33785949608463,4.32855257893679,0.114263689131894,4.116257275951714,4.474786141777935,0.14915949330663114,25,6.298088594567725,,0,1.0,0.6931471805599453
9033_TMEM199_P1P2_ENSG00000244045,TMEM199,ENSG00000244045,6661,99,10691,2.146194292147423,2.079193763248354,0.4151568520266565,1.5864792790474191,2.5159587722133923,0.4710178266921312,25,3.41253089227909,,0,4.0,1.6094379124341003
9063_TMEM258_P1P2_ENSG00000134825,TMEM258,ENSG00000134825,4628,193,10691,3.710917041201841,3.679375159590567,0.20167116594326612,3.4388691859500193,3.941241934385641,0.2596512325161213,25,5.679096021098756,,0,17.0,2.8903717578961645
9110_TMSB10_P1P2_ENSG00000034510,TMSB10,ENSG00000034510,1121,228,10691,3.8402226932027737,3.8374746808684264,0.14978867622840072,3.638506647687581,4.084552033703623,0.1497629483604772,25,6.01793490086981,,2,79.0,4.382026634673881
9117_TMX2_P1P2_ENSG00000213593,TMX2,ENSG00000213593,4607,109,10691,3.652597123497929,3.611752801013962,0.21406108976024957,3.172211135126538,3.862832373115486,0.16199286740021712,25,5.0741277093790425,,0,1387.0,7.23561914106675
9151_TNPO3_P1P2_ENSG00000064419,TNPO3,ENSG00000064419,3432,100,10691,3.3679245112400573,3.328996447639972,0.168260876203044,3.0583624779909684,3.5581383811347393,0.30811347052185445,25,4.654241819997962,,0,307.0,5.730099782973575
9159_TOE1_P1P2_ENSG00000132773,TOE1,ENSG00000132773,296,146,10691,2.6864414813865567,2.623257394219591,0.1962903627594907,2.297234138198678,2.843724316258982,0.30364172512546705,25,4.361652353760401,,0,30.0,3.4339872044851463
9163_TOMM20_P1P2_ENSG00000173726,TOMM20,ENSG00000173726,855,111,10691,4.648867797312309,4.637601062519434,0.05602280263590957,4.572737470430213,4.705554224095872,0.060277434713888134,25,6.268902325761193,,0,24.0,3.2188758248682006
9164_TOMM22_P1P2_ENSG00000100216,TOMM22,ENSG00000100216,8215,104,10691,4.263337413468791,4.232521770075838,0.12954858825570073,4.005152793239851,4.391796016322563,0.1653420219085895,25,5.684515646805316,,0,316.0,5.75890177387728
9167_TOMM40_P1P2_ENSG00000130204,TOMM40,ENSG00000130204,7578,117,10691,4.080722330532313,4.0551587962405105,0.17852064386210265,3.723136170502567,4.262975997991765,0.2848312923502072,25,5.6343563400293295,,0,167.0,5.123963979403259
9172_TONSL_P1P2_ENSG00000160949,TONSL,ENSG00000160949,3804,28,10691,2.290080388183656,2.2735165008103855,0.0853685419240457,2.1165771278670302,2.3739742386403027,0.10379623354793743,25,2.298474177639103,,0,35.0,3.58351893845611
9174_TOP1_P1P2_ENSG00000198900,TOP1,ENSG00000198900,7883,123,10691,3.557394216942956,3.5549187140360057,0.1999771372398238,3.3383112077711634,3.827008214307066,0.22072240274921917,25,5.10800217088809,,0,396.0,5.983936280687191
9175_TOP2A_P1P2_ENSG00000131747,TOP2A,ENSG00000131747,6747,38,10691,3.3872929509190204,3.3986483283523445,0.11836530497889124,3.2144487434412796,3.5621851043896,0.13277610147844854,25,3.789441047873328,,0,1.0,0.6931471805599453
9177_TOP3A_P1P2_ENSG00000177302,TOP3A,ENSG00000177302,6643,159,10691,1.7672930512933565,1.7834586640539971,0.30598605867224576,1.3426020527860771,2.274227092376414,0.46800418898046514,25,3.7729146241510723,,0,1.0,0.6931471805599453
9179_TOPBP1_P1P2_ENSG00000163781,TOPBP1,ENSG00000163781,1808,52,10691,2.7214180700785864,2.721043750722381,0.24913422318539516,2.32436399812901,3.0883366346034213,0.2818428619973754,25,3.474256536077734,,0,8.0,2.1972245773362196
9185_TOR2A_P1P2_ENSG00000160404,TOR2A,ENSG00000160404,4020,48,10691,2.1103491100688476,2.0979361787332964,0.07696893981075918,1.9861363269367158,2.2134570974686985,0.10463699260983672,25,2.7036192074680856,,0,0.0,0.0
9194_TP53RK_P1P2_ENSG00000172315,TP53RK,ENSG00000172315,7907,88,10691,2.77846494847971,2.769452340279823,0.14605157210503852,2.573871548354514,2.9942277839681872,0.15745145093030954,25,4.030804955432318,,0,4.0,1.6094379124341003
9202_TPI1_P1P2_ENSG00000111669,TPI1,ENSG00000111669,4959,40,10691,3.822580372855043,3.805569725660797,0.16220284396391224,3.521519605291194,4.015121170969572,0.20851015853241472,25,4.354458684161467,,0,9.0,2.302585092994046
9212_TPRKB_P1P2_ENSG00000144034,TPRKB,ENSG00000144034,1095,40,10691,3.5451233590540525,3.5313022166727936,0.09307133956457028,3.400600362977908,3.708809907033721,0.09860706806724151,25,3.9518740255708455,,0,10.0,2.3978952727983707
9215_TPR_P1P2_ENSG00000047410,TPR,ENSG00000047410,720,77,10691,4.231075229056772,4.2410299186645775,0.13204387149655458,4.0390467537924515,4.414349399609299,0.2188274095727447,25,5.390736179451093,,0,878.0,6.778784897685177
9218_TPT1_P1P2_ENSG00000133112,TPT1,ENSG00000133112,5459,48,10691,4.17968187218474,4.172063305962976,0.107299339109028,4.056997298411115,4.3457443408375145,0.17312420605405254,25,5.227520336332873,,0,21.0,3.091042453358316
9219_TPX2_P1P2_ENSG00000088325,TPX2,ENSG00000088325,7821,361,10691,3.4176764088832243,3.3719511836343297,0.4056925619567506,2.565402030077751,3.781717850760127,0.45114194762362736,25,5.929648935435558,2.2971268244041068,12,1039.0,6.946975992135418
9222_TRA2B_P1P2_ENSG00000136527,TRA2B,ENSG00000136527,1921,222,10691,3.4969967499432593,3.491009768064864,0.1738255174960957,3.2410759870675343,3.8045363176420044,0.1815207475735705,25,5.615742146684513,,0,892.0,6.794586580876499
9236_TRAIP_P1P2_ENSG00000183763,TRAIP,ENSG00000183763,1640,87,10691,1.1250325941071802,1.0356106082865026,0.5344957817845111,0.0,1.745464542105185,0.4872960347416875,25,2.3727904267673896,,0,0.0,0.0
923_BTF3L4_P1P2_ENSG00000134717,BTF3L4,ENSG00000134717,324,141,10691,3.510871530019258,3.4874743652498803,0.14163924252248158,3.300140410187843,3.673375405437927,0.2179832542413518,25,5.190988181747101,,0,3.0,1.3862943611198906
9242_TRAPPC11_P1P2_ENSG00000168538,TRAPPC11,ENSG00000168538,2246,110,10691,1.68042893262169,1.5161404246958405,0.5229114107787275,0.800231838945825,2.0057287134845843,0.8762935371671048,25,2.9872932795256326,,0,12.0,2.5649493574615367
9245_TRAPPC1_P1P2_ENSG00000170043,TRAPPC1,ENSG00000170043,6606,106,10691,3.3235860213434285,3.3315181141524035,0.18735188760217655,3.0479904813407073,3.6119896412336128,0.26778999170636464,25,4.6999140220999385,,0,1.0,0.6931471805599453
9248_TRAPPC3_P1P2_ENSG00000054116,TRAPPC3,ENSG00000054116,223,163,10691,3.8671764134196964,3.8512936091092174,0.1342179270822525,3.6298414360349356,4.031110289876677,0.12332597968015291,25,5.678031820279626,,0,4.0,1.6094379124341003
9249_TRAPPC4_P1P2_ENSG00000196655,TRAPPC4,ENSG00000196655,4888,196,10691,3.678111112967912,3.692118198653512,0.12475265451239136,3.5000756170606317,3.8991775975786194,0.12929308516452398,25,5.684959074058513,,1,2.0,1.0986122886681096
924_BTF3_P1P2_ENSG00000145741,BTF3,ENSG00000145741,2377,79,10691,4.443860837752354,4.445892915211291,0.1083459910203691,4.291732025957196,4.613398900434209,0.17452846872882866,25,5.820081318167434,,0,178.0,5.187385805840755
9250_TRAPPC5_P1P2_ENSG00000181029,TRAPPC5,ENSG00000181029,7276,132,10691,3.806263264663531,3.773189365120792,0.12595745538410222,3.537142529924489,3.9567504953494526,0.1423513190662571,25,5.451232110640403,,0,7.0,2.0794415416798357
9253_TRAPPC8_P1P2_ENSG00000153339,TRAPPC8,ENSG00000153339,7100,152,10691,2.3474293376763717,2.2618658606928816,0.2954832698267692,1.7627972066619193,2.5415362749856674,0.3711837564067495,25,3.8939738805452877,,0,4.0,1.6094379124341003
9258_TRIAP1_P1P2_ENSG00000170855,TRIAP1,ENSG00000170855,5319,66,10691,3.5071928803198804,3.5158862062271634,0.09613754699102964,3.388279023728249,3.6557609198108194,0.13409347579923914,25,4.443326284155538,,0,6.0,1.9459101490553132
9302_TRMT10C_P1P2_ENSG00000174173,TRMT10C,ENSG00000174173,1735,88,10691,3.840349218237698,3.886631532638964,0.1355375839615425,3.693058556166371,4.104562913595228,0.20536217791511202,25,5.0940347478877,,0,120.0,4.795790545596741
9303_TRMT112_P1P2_ENSG00000173113,TRMT112,ENSG00000173113,4676,201,10691,3.8463562568955094,3.8750715366482407,0.15754405669767915,3.669704671384132,4.134594311117067,0.23561010523109704,25,5.909649849072985,,1,1231.0,7.116394144093465
9312_TRMT5_P1P2_ENSG00000126814,TRMT5,ENSG00000126814,5709,94,10691,2.1172051784815307,2.080037137022408,0.2241305902975374,1.7409401640635054,2.3614678223240646,0.3801800935876105,25,3.428586467993437,,0,390.0,5.968707559985366
9315_TRMT6_P1P2_ENSG00000089195,TRMT6,ENSG00000089195,7781,114,10691,2.6420281319028622,2.6435104119394297,0.1493215375145857,2.4005110800112783,2.8663565689932535,0.19753286201068132,25,4.07948557026986,,0,6.0,1.9459101490553132
9319_TRNT1_P1P2_ENSG00000072756,TRNT1,ENSG00000072756,1475,203,10691,3.067653245166401,3.0094976881701285,0.2438387743204223,2.5156100913321042,3.3275937220822773,0.21407156805538063,25,5.0719142644911255,,1,24.0,3.2188758248682006
9324_TRPM7_P1P2_ENSG00000092439,TRPM7,ENSG00000092439,5930,128,10691,2.258525601684336,2.2065527889270173,0.28646321186022033,1.731413478338925,2.567524111726387,0.4478870949168767,25,3.8838074814354187,,0,297.0,5.697093486505405
9328_TRRAP_P1P2_ENSG00000196367,TRRAP,ENSG00000196367,3323,427,10691,1.8506675327829232,1.7344584919933965,0.5304844616061922,0.9534513726745144,2.2817169873478345,0.5529901206998691,25,4.509766304630949,0.8071565979181876,20,3199.0,8.070906088787819
9337_TSEN2_P1P2_ENSG00000154743,TSEN2,ENSG00000154743,1506,177,10691,2.314157425789208,2.2382661372343104,0.2848036658686701,1.629842744222758,2.5475807503031405,0.17842084870152908,25,4.124652357271101,,0,529.0,6.272877006546167
9338_TSEN34_P1P2_ENSG00000170892,TSEN34,ENSG00000170892,7693,275,10691,1.597990826547406,1.6388452258282056,0.47897293700739113,0.981502016321561,2.387991494728601,0.7175649482555964,25,4.137713673396755,0.941188358029261,5,1.0,0.6931471805599453
9339_TSEN54_P1P2_ENSG00000182173,TSEN54,ENSG00000182173,6957,52,10691,2.6124562349317006,2.649997454744314,0.12377791700342107,2.4904812182541174,2.8360221016840756,0.20095972231752457,25,3.3517829009798246,,0,3.0,1.3862943611198906
9340_TSFM_P1P2_ENSG00000123297,TSFM,ENSG00000123297,5156,98,10691,3.483351830761872,3.5043939115625227,0.12176786013530179,3.325089889607318,3.671330656095878,0.18530146926783608,25,4.796949677700477,,0,6.0,1.9459101490553132
9341_TSG101_P1P2_ENSG00000074319,TSG101,ENSG00000074319,4530,87,10691,2.61010555673122,2.5555600134570167,0.2660518718641385,2.088360983931728,2.8276326064543986,0.33637666198267224,25,3.758310591069025,,0,1536.0,7.337587743538596
934_BUB1B_P1P2_ENSG00000156970,BUB1B,ENSG00000156970,5870,141,10691,2.4515864839580566,2.4592768060215118,0.23803942732514535,2.0713897101938503,2.744083308862195,0.4630581575647321,25,4.1021437230738,,0,8.0,2.1972245773362196
935_BUB1_P1P2_ENSG00000169679,BUB1,ENSG00000169679,1192,648,10691,3.054776593180845,3.0558273386642543,0.1283620485978193,2.828761663554328,3.211332132603723,0.18578568472379775,25,6.256528331478485,2.3741731366487793,38,14.0,2.70805020110221
9362_TSPYL5_P1P2_ENSG00000180543,TSPYL5,ENSG00000180543,3704,93,10691,2.151646001821352,2.072586727314315,0.30990725897177174,1.523906609817837,2.499512084173072,0.4537170084811426,25,3.4003389539171542,,0,2.0,1.0986122886681096
9364_TSR1_P1_ENSG00000167721,TSR1,ENSG00000167721,6545,95,10691,3.462473788517885,3.4295791248833494,0.19142161960120932,3.1386267032956607,3.6588823072015644,0.2992643311406433,25,4.716222562639876,,0,732.0,6.597145701886651
9365_TSR1_P2_ENSG00000167721,TSR1,ENSG00000167721,6545,93,10691,1.1793943083928335,1.1495340021561622,0.7093105944553685,0.018827482408070317,2.028300233124343,1.1819107242216438,25,2.597751660445961,,0,2.0,1.0986122886681096
9366_TSR2_P1P2_ENSG00000158526,TSR2,ENSG00000158526,8385,523,10691,2.29068937530816,2.2144013321476903,0.39751727032737894,1.7082275530392415,2.7025376624698993,0.596249353999476,25,5.318598501911181,1.3744600056193907,32,4167.0,8.335191583433202
936_BUB3_P1P2_ENSG00000154473,BUB3,ENSG00000154473,4422,409,10691,3.0615846308745414,3.0365328457043375,0.2963403355721023,2.5923538713576635,3.402607448819199,0.3435991110314509,25,5.785400872797549,2.19121910855154,19,1411.0,7.252762418053187
937_BUD13_P1P2_ENSG00000137656,BUD13,ENSG00000137656,4873,174,10691,0.6120866000902141,0.8951883430745654,0.7654404834443996,0.0,2.0797074475784445,1.3306905995902902,25,2.9845250074230414,,0,2327.0,7.752764808851328
9380_TTC1_P1P2_ENSG00000113312,TTC1,ENSG00000113312,2572,69,10691,3.5009693049954436,3.508544114016465,0.09926291534993734,3.423620052628898,3.6565082925597125,0.09987981361392206,25,4.449463317620709,,0,6.0,1.9459101490553132
9383_TTC27_P1P2_ENSG00000018699,TTC27,ENSG00000018699,980,89,10691,2.3280141652858335,2.3649235671093902,0.17272792192529351,2.1561315490466626,2.599915135575218,0.2767222326300596,25,3.6327390868192575,,0,529.0,6.272877006546167
938_BUD31_P1P2_ENSG00000106245,BUD31,ENSG00000106245,3328,37,10691,2.1204294633832617,2.0981552832477535,0.30217453282515977,1.6583323291149392,2.506429599544042,0.2799586444037676,25,2.3059770130015753,,0,108.0,4.6913478822291435
9390_TTC4_P1P2_ENSG00000243725,TTC4,ENSG00000243725,347,108,10691,3.0180720998511057,2.9838689445216575,0.20151754828038654,2.5775954267316274,3.2125591200284283,0.1648344242548232,25,4.359365650110211,,0,30.0,3.4339872044851463
9397_TTF2_P1P2_ENSG00000116830,TTF2,ENSG00000116830,503,68,10691,3.2131075367915396,3.198907955371082,0.13211624188259563,2.9780648395092904,3.376775687633619,0.11207545243470118,25,4.14657852536113,,0,1.0,0.6931471805599453
9398_TTI1_P1P2_ENSG00000101407,TTI1,ENSG00000101407,7876,151,10691,2.31142117435354,2.2481321380098462,0.3823808369981132,1.3746420932130414,2.6258885977341175,0.3394440005912105,25,4.150779173689917,,0,1458.0,7.285506548522786
9399_TTI2_P1P2_ENSG00000129696,TTI2,ENSG00000129696,3588,43,10691,0.0,0.1520314546373946,0.28948696119938366,0.0,0.785175993296832,0.14133361943326941,25,0.0,,0,16.0,2.833213344056216
939_BYSL_P1P2_ENSG00000112578,BYSL,ENSG00000112578,2866,98,10691,2.693398699953258,2.7450520867956345,0.19774871294093652,2.481936260888806,3.0998504971396703,0.2399671360539828,25,4.107908275076194,,0,809.0,6.697034247666484
9400_TTK_P1P2_ENSG00000112742,TTK,ENSG00000112742,2940,199,10691,2.090453663170387,2.04477200346979,0.38922231649842165,1.4511917531920662,2.6482795315894534,0.4721891801782643,25,4.209218219812622,,0,2985.0,8.001689978099135
9408_TUBA1B_P1P2_ENSG00000123416,TUBA1B,ENSG00000123416,5055,74,10691,4.290263095950021,4.271272381732969,0.15524863429665833,3.9547720081320645,4.449874316718523,0.14956731006803992,25,5.594916066191567,,0,29.0,3.4011973816621555
9409_TUBA1C_P1P2_ENSG00000167553,TUBA1C,ENSG00000167553,5057,51,10691,4.128723333544224,4.102368841348666,0.14250645573834791,3.838188672579744,4.27030903561214,0.1636588485461834,25,4.86885104218454,,0,1.0,0.6931471805599453
9421_TUBB_P2_ENSG00000196230,TUBB,ENSG00000196230,2765,81,10691,3.4104367734112544,3.3935097056729653,0.2835479921607767,2.9065652483977007,3.792660231754636,0.3126635389335841,25,4.638966839838643,,0,7.0,2.0794415416798357
9422_TUBD1_P1P2_ENSG00000108423,TUBD1,ENSG00000108423,6892,190,10691,2.0421970291014957,2.0763711550382933,0.2498727392333847,1.6878298056599463,2.3818215414632675,0.4193456705132961,25,4.030529476805275,,0,1.0,0.6931471805599453
9423_TUBE1_P1P2_ENSG00000074935,TUBE1,ENSG00000074935,3008,134,10691,2.061282065610702,1.8330056319011403,0.39905701877298067,1.2421615721185724,2.249821457530348,0.4729873819497774,25,3.4775809208150803,,0,0.0,0.0
9425_TUBGCP2_P1P2_ENSG00000130640,TUBGCP2,ENSG00000130640,4435,238,10691,2.606029904836961,2.5431097607006894,0.2183090197861546,2.1867439761056335,2.848779324862153,0.2999683558876636,25,4.756845340897354,1.349622846302565,3,155.0,5.049856007249537
9426_TUBGCP3_P1P2_ENSG00000126216,TUBGCP3,ENSG00000126216,5544,30,10691,2.557609884472201,2.5488517448601535,0.0704206779103483,2.4185288117663335,2.6478532793469816,0.0750590899550474,25,2.6667940635544203,,0,0.0,0.0
9427_TUBGCP4_P1P2_ENSG00000137822,TUBGCP4,ENSG00000137822,5902,42,10691,1.92739958412291,1.948910595962499,0.36464285947880337,1.2462152286801063,2.4358959951432397,0.5281388562944005,25,2.367703118638369,,0,0.0,0.0
9428_TUBGCP5_P1P2_ENSG00000275835,TUBGCP5,ENSG00000275835,5845,72,10691,1.3689392748343634,1.478771642392351,0.4317780820763255,0.6932790792261703,1.9662531464630086,0.6346552572008715,25,2.5392063331406445,,0,2.0,1.0986122886681096
9429_TUBGCP6_P1P2_ENSG00000128159,TUBGCP6,ENSG00000128159,8285,153,10691,0.23354489556328184,0.45555892249870267,0.5440506419938932,0.0,1.3238922587928512,1.1228475956944992,25,2.342724440643825,,0,0.0,0.0
9435_TUT1_P1_ENSG00000149016,TUT1,ENSG00000149016,4638,41,10691,1.7269800187561357,1.7300757958180393,0.09997871393986163,1.5768690445163993,1.8668373434675816,0.13060635447822744,25,2.1587998643614315,,0,419.0,6.040254711277414
9436_TUT1_P2_ENSG00000149016,TUT1,ENSG00000149016,4638,167,10691,0.0,0.43005776687171965,0.654558263211132,0.0,1.846307842518427,0.6444723086123668,25,0.0,,0,0.0,0.0
9439_TWF1_P1P2_ENSG00000151239,TWF1,ENSG00000151239,5031,140,10691,0.7961745434332093,0.8279070554982536,0.697389105626645,0.0,1.8445925281177387,1.474663797900435,25,2.5733570026539776,,0,0.0,0.0
9443_TWISTNB_P1P2_ENSG00000105849,TWISTNB,ENSG00000105849,3168,169,10691,2.83732663396359,2.8358885109730014,0.24806939941913753,2.5061974382031282,3.2083997974094345,0.3646130675380941,25,4.713199715264691,,0,2914.0,7.977625098784593
9457_TXNL4A_P1P2_ENSG00000141759,TXNL4A,ENSG00000141759,7154,85,10691,3.987717859923172,3.920095805541267,0.19186702121449173,3.5720847221195324,4.145233983247637,0.19559371473605625,25,5.144702035689256,,0,90.0,4.51085950651685
9458_TXNL4B_P1P2_ENSG00000140830,TXNL4B,ENSG00000140830,6459,135,10691,1.5026075903953269,1.3588124834247965,0.6406414900850138,0.06513966888360069,2.0350646179832887,0.9265251613783856,25,3.0916098646351045,,0,3.0,1.3862943611198906
9461_TXN_P1P2_ENSG00000136810,TXN,ENSG00000136810,3969,94,10691,4.286686698622263,4.297142485565317,0.11338829839284097,4.149019086923849,4.455388945741797,0.1808435135657822,25,5.70208985934877,,0,322.0,5.777652323222656
9474_U2AF2_P1P2_ENSG00000063244,U2AF2,ENSG00000063244,7716,107,10691,2.2456103374139453,2.1580895838429313,0.49326811636173074,1.3169233466322385,2.8061897465317474,0.7735744164605858,25,3.4019367966467784,,0,266.0,5.58724865840025
9475_U2SURP_P1P2_ENSG00000163714,U2SURP,ENSG00000163714,1837,290,10691,4.322182189135759,4.311524600018208,0.10072566637769408,4.139607421551053,4.452712691988343,0.10567689104404998,25,6.683270619014852,3.5536598937944532,3,2359.0,7.7664168980196555
9477_UBA1_P2_ENSG00000130985,UBA1,ENSG00000130985,8353,39,10691,0.0,0.2121968920971258,0.45088037868188224,0.0,1.260537002012277,0.0,25,0.0,,0,0.0,0.0
9478_UBA1_P1_ENSG00000130985,UBA1,ENSG00000130985,8353,248,10691,2.635139594928088,2.5049850704639565,0.3280061510473536,1.9309917844187434,2.830174006684652,0.2504915636038718,25,4.715945907199908,1.5115179335085287,3,3283.0,8.096817470572319
9479_UBA2_P1P2_ENSG00000126261,UBA2,ENSG00000126261,7480,172,10691,3.801267260767416,3.7899787310526136,0.13676143633741858,3.589728961188631,3.9633884668147137,0.1504194138818562,25,5.706619176493902,,0,483.0,6.182084906716632
9480_UBA3_P1P2_ENSG00000144744,UBA3,ENSG00000144744,1709,95,10691,2.5576078108244618,2.5080118661674518,0.13404405140184497,2.2866804910711234,2.6600524269251564,0.2316738306475994,25,3.855846913450922,,0,161.0,5.087596335232384
9481_UBA52_P2_ENSG00000221983,UBA52,ENSG00000221983,7426,30,10691,3.748957111114299,3.7585239633590493,0.08309933501682913,3.6392304607346757,3.8483813070639097,0.12714015177049154,25,4.028953988662545,,0,1.0,0.6931471805599453
9482_UBA52_P1_ENSG00000221983,UBA52,ENSG00000221983,7426,28,10691,4.24707471151361,4.268512965572717,0.0420895972374757,4.240792604649976,4.343766609613475,0.0182106300837388,25,4.8640766393058446,,0,280.0,5.638354669333745
9483_UBA5_P1P2_ENSG00000081307,UBA5,ENSG00000081307,1806,102,10691,3.132669192895655,3.137909533758858,0.1483658184367084,2.905020756773916,3.380086991330114,0.22075696017767044,25,4.404686479647888,,0,7.0,2.0794415416798357
9489_UBAP1_P1P2_ENSG00000165006,UBAP1,ENSG00000165006,3850,104,10691,1.7820369154359241,1.6338465183608537,0.37538674786897513,1.2384483086276235,1.9554741076524391,0.5598230016339802,25,3.0213687783938012,,0,470.0,6.154858094016418
9493_UBC_P1P2_ENSG00000150991,UBC,ENSG00000150991,5369,107,10691,3.2639183918822976,3.2795809738125943,0.36854527409240667,2.73919546044507,3.8121361604946373,0.5490145980372585,25,4.726632043774915,,0,3.0,1.3862943611198906
9498_UBE2D3_P1P2_ENSG00000109332,UBE2D3,ENSG00000109332,2136,142,10691,4.198268528873551,4.198636075349025,0.12847063556334137,4.039242944079747,4.386724684866174,0.2181529172383776,25,5.928183331021254,,1,15.0,2.772588722239781
9505_UBE2H_P1P2_ENSG00000186591,UBE2H,ENSG00000186591,3433,194,10691,1.8223306472387497,1.651404029913443,0.6950719236657217,0.168515766871335,2.446696386891094,0.9106069957064813,25,3.760815773098589,,1,2.0,1.0986122886681096
9506_UBE2I_P1P2_ENSG00000103275,UBE2I,ENSG00000103275,6137,64,10691,3.5978736139179484,3.6348443000489423,0.16621015865803704,3.386291632448564,3.8621804195595146,0.29704634420300247,25,4.577801269024376,,0,83.0,4.430816798843313
9510_UBE2L3_P1P2_ENSG00000185651,UBE2L3,ENSG00000185651,8120,201,10691,4.576120657737909,4.581284514648626,0.06300173220381305,4.503302180462989,4.671066107173217,0.08286260667058976,25,6.7398292354908325,,1,15.0,2.772588722239781
9512_UBE2M_P1P2_ENSG00000130725,UBE2M,ENSG00000130725,7738,177,10691,2.478739121597447,2.4247563577721603,0.5883927320505403,1.3818630839075168,3.1572813579452226,0.9155338433939888,25,4.3916267494919055,,1,3.0,1.3862943611198906
9513_UBE2N_P1P2_ENSG00000177889,UBE2N,ENSG00000177889,5207,174,10691,3.6071780421503834,3.5871407516832563,0.2096442793870786,3.3197269894151136,3.8906881346525575,0.32018476391437023,25,5.547771951457703,,0,15.0,2.772588722239781
9523_UBE2Z_P1P2_ENSG00000159202,UBE2Z,ENSG00000159202,6841,64,10691,2.800984885163468,2.8171975419258666,0.1838882633717261,2.524864067865302,3.0547485477440133,0.23649474740481358,25,3.731833934086927,,0,2.0,1.0986122886681096
9534_UBL5_P1P2_ENSG00000198258,UBL5,ENSG00000198258,7295,232,10691,4.22077879764546,4.237327880961346,0.15717429492315074,4.006069763248251,4.488163871213318,0.24250073414266549,25,6.4738702059964,,2,2747.0,7.91862865334224
9543_UBQLN4_P1P2_ENSG00000160803,UBQLN4,ENSG00000160803,610,152,10691,2.3074176997626736,2.2369552045594294,0.3224244145356873,1.7284882080118693,2.6374304038574974,0.5596888945020397,25,4.029532858827602,,0,259.0,5.560681631015528
9548_UBR5_P1P2_ENSG00000104517,UBR5,ENSG00000104517,3720,46,10691,3.180669790622379,3.190772648428309,0.17574468275206062,2.9636713607494727,3.508213485870827,0.2533642389905695,25,3.80433756147679,,0,9.0,2.302585092994046
9550_UBTF_P1P2_ENSG00000108312,UBTF,ENSG00000108312,6802,202,10691,0.7731809334226328,0.751159559140546,0.7170799666763872,0.0,1.9086800769948746,1.3085539132830253,25,2.5972069684818235,,0,3.0,1.3862943611198906
9570_UFL1_P1P2_ENSG00000014123,UFL1,ENSG00000014123,2969,162,10691,2.8488525420193955,2.811030824784567,0.20323270856222997,2.4452976846501504,3.0813703198444706,0.19186288882205726,25,4.7031265711692605,,1,71.0,4.276666119016055
9571_UFM1_P1P2_ENSG00000120686,UFM1,ENSG00000120686,5439,130,10691,3.663051368469275,3.627098438288359,0.1418291705583168,3.342338885896827,3.8082205879487736,0.14306091175412883,25,5.215803771596836,,0,74.0,4.31748811353631
9593_UNC45A_P2_ENSG00000140553,UNC45A,ENSG00000140553,6089,159,10691,0.0,0.26149177436651244,0.5158156569302642,0.0,1.3387760844128238,0.1027237974253056,25,0.935053310125699,,1,2.0,1.0986122886681096
9594_UNC50_P1P2_ENSG00000115446,UNC50,ENSG00000115446,1167,83,10691,2.9993628369764065,2.956475125652751,0.16371108752946534,2.6285249944177176,3.1571972735636686,0.1808306105655495,25,4.068562108120783,,0,6.0,1.9459101490553132
9600_UPF1_P1P2_ENSG00000005007,UPF1,ENSG00000005007,7428,131,10691,2.4310696967887315,2.3644223711385353,0.3790881109904634,1.627419525506143,2.8532212032700004,0.4804190238421162,25,4.058982491613773,,0,770.0,6.647688373563329
9601_UPF2_P1P2_ENSG00000151461,UPF2,ENSG00000151461,4160,154,10691,2.520149405301137,2.4280950575005336,0.3919923828230519,1.8064144565101006,2.8417961996897296,0.5158216675997784,25,4.237259933879974,,0,757.0,6.630683385642372
9602_UPF3A_P1P2_ENSG00000169062,UPF3A,ENSG00000169062,5556,76,10691,3.096856772187831,3.032065118973277,0.3024579954745046,2.5239796904682406,3.3318886784711297,0.32098366767606734,25,4.104087949258823,,0,3.0,1.3862943611198906
9606_UQCC2_P1P2_ENSG00000137288,UQCC2,ENSG00000137288,2826,101,10691,3.5633977360346822,3.5805839250959446,0.1732391342217363,3.324391483296436,3.7952933592195808,0.24131463599048786,25,4.975844210558601,,0,141.0,4.955827057601261
9609_UQCRB_P1P2_ENSG00000156467,UQCRB,ENSG00000156467,3700,96,10691,4.521921377008507,4.536450355971993,0.08239245021703587,4.427439405018816,4.69196339812043,0.108724317830597,25,6.00065011644261,,0,51.0,3.9512437185814275
9610_UQCRC1_P1_ENSG00000010256,UQCRC1,ENSG00000010256,1616,98,10691,3.8234443008868384,3.8407780535263694,0.14003399855816015,3.6146449588122342,4.060034012358997,0.17622629106831855,25,5.179322984037794,,0,27.0,3.332204510175204
9611_UQCRC1_P2_ENSG00000010256,UQCRC1,ENSG00000010256,1616,218,10691,0.0,0.2052302242306291,0.34525825503581253,0.0,0.8581988014549793,0.21764914062829602,25,1.231817214107886,,1,4.0,1.6094379124341003
9612_UQCRC2_P1P2_ENSG00000140740,UQCRC2,ENSG00000140740,6270,68,10691,4.0684929779598225,4.066465383914507,0.06326158454663937,3.976123944685522,4.159840744180947,0.0854322559597831,25,5.03349704269388,,0,57.0,4.060443010546419
9613_UQCRFS1_P1P2_ENSG00000169021,UQCRFS1,ENSG00000169021,7460,119,10691,4.4052308696407545,4.415459381354155,0.09178389101178228,4.28200349840694,4.55996583383806,0.12570546784222802,25,5.991123813306764,,0,441.0,6.091309882077698
9615_UQCRH_P1P2_ENSG00000173660,UQCRH,ENSG00000173660,308,68,10691,4.478148568607373,4.4862790300901665,0.07819658718041246,4.376930408024767,4.609887987495108,0.1297400334647154,25,5.791395716986236,,0,3.0,1.3862943611198906
9616_UQCRQ_P1P2_ENSG00000164405,UQCRQ,ENSG00000164405,2477,166,10691,4.242987952375352,4.245884741428227,0.1386286107343967,4.010972215481343,4.451904188620789,0.21359647771050483,25,6.163158051520036,,0,213.0,5.365976015021851
9617_URB1_P1P2_ENSG00000142207,URB1,ENSG00000142207,8007,33,10691,3.1432956929516367,3.1324349003786507,0.06692218409231733,3.0262182517409633,3.2338898024112046,0.09465438810836702,25,3.350544737074341,,0,1.0,0.6931471805599453
9618_URB2_P1P2_ENSG00000135763,URB2,ENSG00000135763,839,198,10691,2.5519491258630977,2.488653340303026,0.26158950599536074,2.026639449816568,2.7627033261116463,0.36765435158303017,25,4.480524496262452,,0,291.0,5.676753802268282
9621_URI1_P1P2_ENSG00000105176,URI1,ENSG00000105176,7464,82,10691,3.438400056708582,3.391803279098367,0.22411912935756742,3.0847468416970054,3.688587316437732,0.2811025453236673,25,4.583669236361909,,0,51.0,3.9512437185814275
9622_URM1_P1P2_ENSG00000167118,URM1,ENSG00000167118,4035,123,10691,2.9084979041221106,2.9147914934364305,0.2417314445008495,2.5502469782648993,3.271909925007098,0.28862356630195185,25,4.478888208440913,,0,26.0,3.295836866004329
9623_UROD_P1P2_ENSG00000126088,UROD,ENSG00000126088,294,201,10691,3.788732333738361,3.7953900859820733,0.12920998230266278,3.5828918271407884,3.9622944215248537,0.17717218402428347,25,5.918278305612595,,1,3.0,1.3862943611198906
9628_USF2_P1P2_ENSG00000105698,USF2,ENSG00000105698,7487,185,10691,1.564741390681876,1.472272290912333,0.7223934122649244,0.09762907209333668,2.380897532963713,1.0632323880233217,25,3.583457144711034,,0,1.0,0.6931471805599453
9631_USP10_P1P2_ENSG00000103194,USP10,ENSG00000103194,6490,92,10691,2.7165514410893765,2.7180978670654854,0.360783818488557,2.2356361935841833,3.218909775848438,0.4549503039108087,25,3.9684548583911305,,0,1.0,0.6931471805599453
9638_USP19_P1P2_ENSG00000172046,USP19,ENSG00000172046,1628,65,10691,0.0,0.378319820085186,0.49945278412519556,0.0,1.181957782257976,0.7651731246587248,25,0.909072989068415,,0,0.0,0.0
964_C12orf45_P1P2_ENSG00000151131,C12orf45,ENSG00000151131,5249,100,10691,3.1995734914290686,3.180539180241051,0.103679034016236,3.015051427821735,3.3553782203779763,0.1705714334705708,25,4.438378681958082,,0,442.0,6.093569770045136
9652_USP36_P1P2_ENSG00000055483,USP36,ENSG00000055483,6994,174,10691,1.8451838073787235,1.735385111409609,0.727563009551917,0.4087181644113558,2.6200436927455457,0.9958024105966132,25,3.7026020097630075,,0,62.0,4.143134726391533
9653_USP37_P1P2_ENSG00000135913,USP37,ENSG00000135913,1400,77,10691,2.1884902250864258,2.1274546734418323,0.31876018463178646,1.5810085948169577,2.5208508721706107,0.29246562232774576,25,3.24718205726007,,0,14.0,2.70805020110221
9655_USP39_P2_ENSG00000168883,USP39,ENSG00000168883,1132,61,10691,0.0,0.02513768254051449,0.076668232863868,0.0,0.1550963722633277,0.0,25,0.0,,0,0.0,0.0
9656_USP39_P1_ENSG00000168883,USP39,ENSG00000168883,1132,159,10691,3.026553893246931,3.0155452544433827,0.2217025317577429,2.667536058831122,3.319523137903711,0.17767064938441335,25,4.781684688882437,,0,2531.0,7.836764783264067
9672_USP5_P1_ENSG00000111667,USP5,ENSG00000111667,4958,98,10691,2.369025734131537,2.294708774752129,0.28004168225818965,1.758448485578171,2.613445956168065,0.2182427356071992,25,3.664693508237266,,0,239.0,5.480638923341991
9673_USP5_P2_ENSG00000111667,USP5,ENSG00000111667,4958,101,10691,0.0,0.26254815163195505,0.5101238547171439,0.0,1.4795994822739453,0.28103791000964873,25,1.5870244186781333,,0,0.0,0.0
9675_USP7_P1P2_ENSG00000187555,USP7,ENSG00000187555,6226,276,10691,2.055032152822213,2.041460469116372,0.37438326633052105,1.4920229491073966,2.6039389929271213,0.49977832789684706,25,4.399130918599723,1.404093119716716,3,3.0,1.3862943611198906
9676_USP8_P1P2_ENSG00000138592,USP8,ENSG00000138592,5929,74,10691,2.0505273719994905,1.913754361062835,0.3900042763507664,1.3234028949216792,2.44645968754288,0.419162142736627,25,2.9183069809418787,,0,1.0,0.6931471805599453
9677_USP9X_P1P2_ENSG00000124486,USP9X,ENSG00000124486,8346,112,10691,2.378171292238666,2.338835720428426,0.3538440881323228,1.7202791163016167,2.881458612532467,0.4945417608249554,25,3.823824459999092,,0,3.0,1.3862943611198906
9678_USPL1_P1P2_ENSG00000132952,USPL1,ENSG00000132952,5426,100,10691,1.4360235013886575,1.3902868296243027,0.49711647461091746,0.4671178715599284,2.0190747617573948,0.417980320385837,25,2.9240334738503373,,0,68.0,4.23410650459726
9682_UTP15_P1P2_ENSG00000164338,UTP15,ENSG00000164338,2378,152,10691,2.3691814187421367,2.369186221137535,0.22788427606562636,2.0600718453826756,2.754894938132022,0.31147295508332773,25,4.101458567567593,,0,2022.0,7.612336837167746
9683_UTP18_P1P2_ENSG00000011260,UTP18,ENSG00000011260,6865,77,10691,3.0549346241987436,3.0521619880545567,0.17492565139834215,2.750450470424231,3.3129795609251294,0.23616122918160132,25,4.094003592127187,,0,244.0,5.501258210544727
9684_UTP20_P1P2_ENSG00000120800,UTP20,ENSG00000120800,5232,105,10691,3.1851820243139692,3.193010266767094,0.1673993840702331,2.954904463125346,3.416126677663341,0.2172143540047058,25,4.538741597193782,,0,1155.0,7.052721049232323
9685_UTP23_P1P2_ENSG00000147679,UTP23,ENSG00000147679,3736,163,10691,2.6824056828966696,2.627229079689468,0.13682097542516916,2.413945527779928,2.7758731882525884,0.20838735645203998,25,4.429370412487052,,0,1027.0,6.93537044601511
9686_UTP3_P1P2_ENSG00000132467,UTP3,ENSG00000132467,2076,27,10691,2.963915716751977,2.9626562214681447,0.052795452280326866,2.8671683318540206,3.0465066245220016,0.05548581280912668,25,2.968315611454682,,0,340.0,5.831882477283517
9687_UTP6_P1P2_ENSG00000108651,UTP6,ENSG00000108651,6693,69,10691,3.612749365096673,3.6203658618508494,0.11642323841755764,3.4781583341756983,3.7797247850608153,0.16575505631015686,25,4.584348593682264,,0,890.0,6.792344427470809
9690_UXS1_P1P2_ENSG00000115652,UXS1,ENSG00000115652,1186,124,10691,1.0145438364334245,0.8922873659973574,0.6515492543689331,0.0,1.7565673269572792,1.086677969951471,25,2.663464404338591,,0,10.0,2.3978952727983707
9691_UXT_P1P2_ENSG00000126756,UXT,ENSG00000126756,8359,215,10691,3.4643916488754707,3.417751686240153,0.14035939751293355,3.239390035277324,3.5716613937421067,0.23540968604323398,25,5.510134958211606,,0,1519.0,7.326465613840322
9702_VARS2_P1P2_ENSG00000137411,VARS2,ENSG00000137411,2769,126,10691,1.481330277897557,1.5211260014454755,0.3302559497327774,0.9054369240471728,1.9095448693206307,0.4743662875621566,25,3.162760522791737,,0,35.0,3.58351893845611
9703_VARS_P1P2_ENSG00000204394,VARS,ENSG00000204394,2791,220,10691,3.6300027521913294,3.602193247430041,0.18073962494454313,3.254816665673306,3.819740157668044,0.26191206436430603,25,5.716417495296692,,2,3782.0,8.23827262463303
9709_VBP1_P1P2_ENSG00000155959,VBP1,ENSG00000155959,8542,116,10691,3.6332090128314904,3.5887475872757086,0.20149274973107337,3.248330946580945,3.872192082925171,0.27782872789906055,25,5.065866173848042,,0,3.0,1.3862943611198906
9712_VCP_P1P2_ENSG00000165280,VCP,ENSG00000165280,3854,239,10691,0.2524722757260148,0.5937584196917441,0.6861152501914757,0.0,1.7455937204040086,1.2671524239057494,25,2.6832959088471697,0.0,3,8.0,2.1972245773362196
9722_VEZT_P1P2_ENSG00000028203,VEZT,ENSG00000028203,5216,204,10691,2.0509306427815583,1.9283040238783073,0.5217953654787836,1.1544254386151098,2.462807572093667,0.46658288450365415,25,4.120364870451864,,0,2.0,1.0986122886681096
9725_VHL_P1P2_ENSG00000134086,VHL,ENSG00000134086,1500,162,10691,2.678710569714859,2.560284509012411,0.3587252391231173,1.9404668203988362,2.963322577269294,0.5457869621029268,25,4.375468704305166,,0,2.0,1.0986122886681096
9734_VMP1_P1P2_ENSG00000062716,VMP1,ENSG00000062716,6891,106,10691,0.7352918723885303,0.7234536709093655,0.6870199632943428,0.0,1.829170437633979,1.319685661776706,25,1.90033641238012,,0,15.0,2.772588722239781
9741_VPS13D_P1P2_ENSG00000048707,VPS13D,ENSG00000048707,80,140,10691,1.9095464724873727,1.7903895979195183,0.28058542285595595,1.384994767619631,2.0978562574140227,0.5110589486893127,25,3.519604502991874,,0,11.0,2.4849066497880004
9744_VPS25_P1P2_ENSG00000131475,VPS25,ENSG00000131475,6777,84,10691,3.605072941114504,3.634075289122917,0.10365377411123142,3.489093497132925,3.8063755662230725,0.12475004424739877,25,4.8120441435613674,,0,4.0,1.6094379124341003
9747_VPS28_P1P2_ENSG00000160948,VPS28,ENSG00000160948,3803,59,10691,3.059634907110743,3.071024956036952,0.12593721715039302,2.9091415405075423,3.2709711607242453,0.18040506527918465,25,3.882861456406806,,0,1134.0,7.034387929915503
9748_VPS29_P1P2_ENSG00000111237,VPS29,ENSG00000111237,5278,165,10691,3.840367669819447,3.866549556454246,0.15303134562656084,3.6716154497253175,4.107574404903375,0.2197465694659253,25,5.732953811893978,,0,2430.0,7.796057974316123
9749_VPS33A_P1P2_ENSG00000139719,VPS33A,ENSG00000139719,5342,182,10691,2.7106577329122152,2.6241337002454674,0.1916467903472027,2.27664489753617,2.894834061611181,0.25779284430750904,25,4.580764145997437,,2,19.0,2.995732273553991
9751_VPS35_P1P2_ENSG00000069329,VPS35,ENSG00000069329,6353,43,10691,4.027009489308476,4.023136751838194,0.0869138090567544,3.8961231162331527,4.142901387045905,0.0833454750694882,25,4.536321348843886,,0,545.0,6.302618975744905
9753_VPS37A_P1P2_ENSG00000155975,VPS37A,ENSG00000155975,3541,75,10691,2.3431185297878816,2.3159410380659193,0.1402344537479933,2.0581602897780775,2.5016178062354766,0.15406837051333921,25,3.334094201077917,,0,4.0,1.6094379124341003
9755_VPS37C_P1P2_ENSG00000167987,VPS37C,ENSG00000167987,4620,177,10691,1.039593613792238,0.7717860500781074,0.580851433431293,0.0,1.3991939845206631,1.2041389948194852,25,2.699645226686586,,1,0.0,0.0
9757_VPS41_P1_ENSG00000006715,VPS41,ENSG00000006715,3206,265,10691,2.7369434833006654,2.7189568452229826,0.11181845721988938,2.5311361026749974,2.843690098764328,0.13686971169228634,25,5.0123689664109365,,2,14.0,2.70805020110221
9758_VPS41_P2_ENSG00000006715,VPS41,ENSG00000006715,3206,67,10691,0.0,0.08336984476668137,0.20639257671122552,0.0,0.5355115389057213,0.0,25,0.0,,0,0.0,0.0
9762_VPS51_P1P2_ENSG00000149823,VPS51,ENSG00000149823,4689,101,10691,2.831140171326786,2.803734124643559,0.22376585008708968,2.39217304810435,3.0807947670413003,0.32367166402468195,25,4.127123563505669,,0,1.0,0.6931471805599453
9765_VPS54_P1P2_ENSG00000143952,VPS54,ENSG00000143952,1058,321,10691,1.0788891751209964,1.0907225755390029,0.5302522717946655,0.03189982565708066,1.7802305615326652,0.723793113533087,25,3.4539404605948443,0.13706064743581436,6,185.0,5.225746673713202
9766_VPS72_P1P2_ENSG00000163159,VPS72,ENSG00000163159,550,98,10691,2.459617467828566,2.3877216007300213,0.18106513009405767,2.033698837520211,2.604653781628279,0.2217085449767886,25,3.6844666151102494,,0,645.0,6.470799503782602
9783_WAC_P1P2_ENSG00000095787,WAC,ENSG00000095787,4200,162,10691,2.6636431661992215,2.446844679237953,0.5472497259811316,1.3008142420818454,2.9478203796043343,0.5199489789038272,25,4.337296837149556,,0,87.0,4.477336814478207
9785_WARS_P1P2_ENSG00000140105,WARS,ENSG00000140105,5811,76,10691,2.7478501010219856,2.673569866401869,0.2700660819975106,2.14309863867599,2.981015291055002,0.39083063342257995,25,3.7236696302221666,,0,2.0,1.0986122886681096
9790_WBP11_P1_ENSG00000084463,WBP11,ENSG00000084463,4984,213,10691,2.7798093819703267,2.6908178207132774,0.3635468312908316,2.0167265822806653,3.151633576767123,0.3827933154132124,25,4.737637685165948,,1,2017.0,7.609862200913554
9791_WBP11_P2_ENSG00000084463,WBP11,ENSG00000084463,4984,99,10691,1.1826339980723377,1.0809684093113845,0.6016191651816616,0.0,1.8605832064409331,0.665960464582458,25,2.1785958968409247,,0,3.0,1.3862943611198906
9792_WBP1L_P1P2_ENSG00000166272,WBP1L,ENSG00000166272,4373,199,10691,0.0,0.38698024166006983,0.5176350583479563,0.0,1.3866357997405947,0.7274960769976764,25,1.9961104891362995,,1,0.0,0.0
9793_WBP1_P1P2_ENSG00000239779,WBP1,ENSG00000239779,1108,99,10691,0.4110426398019552,0.5448861688451153,0.5561033995236704,0.0,1.5172348075048507,0.8355049620760471,25,1.7756943015612314,,0,0.0,0.0
9802_WDHD1_P1P2_ENSG00000198554,WDHD1,ENSG00000198554,5687,182,10691,2.502003844819299,2.4877442696259577,0.17816545001075754,2.208240522867876,2.7278778601447753,0.19937555721514455,25,4.448138970504862,,1,61.0,4.127134385045092
9804_WDR12_P1P2_ENSG00000138442,WDR12,ENSG00000138442,1374,213,10691,3.285882669394953,3.2433280574599097,0.2628218968408143,2.7542150635321088,3.5561504953624126,0.25496361780584254,25,5.4216475324232425,,0,1281.0,7.156176637480615
9806_WDR18_P1P2_ENSG00000065268,WDR18,ENSG00000065268,7173,105,10691,2.778055485929606,2.7160282909001596,0.294602601665775,2.252000763298225,3.0965270022890565,0.5201058868995512,25,4.008847179246015,,0,13.0,2.639057329615259
9808_WDR1_P1P2_ENSG00000071127,WDR1,ENSG00000071127,2003,102,10691,1.669787119885568,1.760662762409457,0.49584972225157964,0.9686168373247048,2.5073778869852545,0.7852905682411675,25,2.9647284506036216,,0,1.0,0.6931471805599453
9810_WDR24_P1P2_ENSG00000127580,WDR24,ENSG00000127580,6130,82,10691,0.3848215673517625,0.451334914912766,0.5376119832265329,0.0,1.4599688293833424,0.5743407063922951,25,1.4029374508056627,,0,230.0,5.442417710521793
9812_WDR26_P1P2_ENSG00000162923,WDR26,ENSG00000162923,807,226,10691,2.110658511097477,1.8946898435704052,0.5142501284362379,0.9100298783568448,2.5161832264566493,0.6878611447430085,25,4.1142151025587035,,2,47.0,3.8712010109078907
9814_WDR33_P1P2_ENSG00000136709,WDR33,ENSG00000136709,1229,103,10691,2.831370394272875,2.8073623898985436,0.2637305885286724,2.4202189445647653,3.1375294466931867,0.3872302677240511,25,4.123306745707969,,0,1348.0,7.207118856207756
9816_WDR36_P1P2_ENSG00000134987,WDR36,ENSG00000134987,2438,285,10691,3.1558230905815936,3.145141205022848,0.19400111193209127,2.854809677291805,3.441445972969513,0.21813023968759948,25,5.506007645455162,2.5127997621339713,4,2227.0,7.708859601047175
9818_WDR3_P1P2_ENSG00000065183,WDR3,ENSG00000065183,506,365,10691,3.007672534475209,2.926056113388972,0.27476652052994227,2.4398087624760967,3.280005834012663,0.33357264574654355,25,5.571284037089848,2.0410459060165307,10,2876.0,7.964503363551548
9820_WDR43_P1P2_ENSG00000163811,WDR43,ENSG00000163811,970,86,10691,2.847215768188805,2.851662084206858,0.3684444528523463,2.279813317721533,3.383209769765178,0.4951421957859985,25,4.198862726153634,,0,824.0,6.715383386334681
9824_WDR46_P1P2_ENSG00000227057,WDR46,ENSG00000227057,2816,71,10691,3.209441675949969,3.223220869449484,0.18333650818389957,2.9734645660364594,3.4744335455065642,0.1983521002326447,25,4.238547570689231,,0,322.0,5.777652323222656
9826_WDR4_P1P2_ENSG00000160193,WDR4,ENSG00000160193,8046,347,10691,2.907431323211179,2.903103786799538,0.22770393925644009,2.648397942879762,3.2330348703370557,0.3016319703891708,25,5.473841850935341,1.9619659164678926,11,7.0,2.0794415416798357
9828_WDR54_P1P2_ENSG00000005448,WDR54,ENSG00000005448,1106,208,10691,1.618830612754108,1.5530995290752911,0.2746438263315367,0.9447635932243912,1.7747527255269002,0.17317307757942357,25,3.649000755597893,,0,3.0,1.3862943611198906
9829_WDR55_P1P2_ENSG00000120314,WDR55,ENSG00000120314,2526,97,10691,2.201574091460752,2.203432375482105,0.22770321640803398,1.786260494376423,2.4849270111397144,0.3009373687189232,25,3.5224833394712194,,0,75.0,4.330733340286331
9831_WDR5_P1P2_ENSG00000196363,WDR5,ENSG00000196363,4094,78,10691,2.646947202051042,2.6406620581465536,0.13881658389094234,2.4439991620676764,2.841171273692425,0.17335999579982753,25,3.7335352067967937,,0,857.0,6.754604099487962
9833_WDR61_P1P2_ENSG00000140395,WDR61,ENSG00000140395,6042,108,10691,3.106243510370271,3.1175309400049223,0.17509997413849354,2.8323866933531527,3.382281403340704,0.23106144410158302,25,4.462681227494569,,0,797.0,6.682108597449809
9837_WDR70_P1P2_ENSG00000082068,WDR70,ENSG00000082068,2304,30,10691,2.523998184530367,2.539735177311925,0.07947300661742715,2.4505627819306097,2.6493634310669356,0.06553881392234473,25,2.662036720038959,,0,174.0,5.1647859739235145
9839_WDR74_P1_ENSG00000133316,WDR74,ENSG00000133316,4656,84,10691,3.1855643993960916,3.163798503110235,0.202764530260795,2.85573234897226,3.534403405784478,0.267728900348021,25,4.343524137413155,,0,235.0,5.4638318050256105
9840_WDR74_P2_ENSG00000133316,WDR74,ENSG00000133316,4656,94,10691,0.0,0.23176829066353707,0.4618083710305786,0.0,1.2982050018443154,0.18941388693317313,25,0.0,,0,0.0,0.0
9841_WDR75_P1P2_ENSG00000115368,WDR75,ENSG00000115368,1328,158,10691,2.9184013591811366,2.9400881148838507,0.2921569753593157,2.5061210696806033,3.324723593039151,0.49988478025544403,25,4.709804489166196,,0,1786.0,7.488293515159428
9843_WDR77_P1P2_ENSG00000116455,WDR77,ENSG00000116455,478,42,10691,2.741785869391339,2.7651263579284073,0.20398509761490552,2.491456059002463,3.0901329347889637,0.20486069219666758,25,3.2503473323747825,,0,25.0,3.258096538021482
9847_WDR82_P1P2_ENSG00000164091,WDR82,ENSG00000164091,1670,99,10691,2.902127254565065,2.7611242779995626,0.2914852090697741,2.310217428019476,3.0922903206490235,0.41091169322782184,25,4.119597557206051,,0,2591.0,7.860185057472165
9848_WDR83OS_P1P2_ENSG00000105583,WDR83OS,ENSG00000105583,7342,83,10691,4.022780903940588,4.012706578670735,0.10605739511405823,3.846770029250944,4.1742432615018235,0.1673047556898184,25,5.184772378615831,,0,1.0,0.6931471805599453
9853_WDR92_P1P2_ENSG00000243667,WDR92,ENSG00000243667,1068,66,10691,1.7986836571128613,1.7562534342303173,0.2817700594192102,1.3011229771993997,2.158906703251533,0.37467782310699116,25,2.7675781431611606,,0,0.0,0.0
9855_WDTC1_P1P2_ENSG00000142784,WDTC1,ENSG00000142784,155,112,10691,0.5681493314082839,0.6645728033259469,0.5746058852194523,0.0,1.4141152289419676,1.2724500076426637,25,1.671430157041512,,0,1053.0,6.960347729101308
9857_WEE1_P1P2_ENSG00000166483,WEE1,ENSG00000166483,4503,41,10691,1.1522071124921442,1.0005542228892697,0.5659684680031238,0.0,1.7276474191450242,0.9109220550229776,25,1.392042606370475,,0,32.0,3.4965075614664802
9867_WNK1_P1P2_ENSG00000060237,WNK1,ENSG00000060237,4932,137,10691,2.785219125787381,2.729620147087823,0.3269219645090894,2.267182356848474,3.201903455889589,0.42950823837638197,25,4.490255440923492,,0,33.0,3.5263605246161616
9875_GET1_P1P2_ENSG00000182093,GET1,ENSG00000182093,8042,73,10691,1.9882320568365328,1.8743091960680978,0.48421568126595005,0.8698463116471853,2.5029887548922574,0.45357501360422137,25,2.8323653952320798,,0,0.0,0.0
9881_WTAP_P1P2_ENSG00000146457,WTAP,ENSG00000146457,3096,165,10691,2.74530813589645,2.640929577255516,0.42649114111262343,1.7646252430566407,3.158116671005902,0.4166012935065435,25,4.465931242151585,,0,42.0,3.7612001156935624
9886_XAB2_P1P2_ENSG00000076924,XAB2,ENSG00000076924,7273,153,10691,1.1500661047334473,1.2211590247301611,0.7117359030437984,0.039882259777507145,2.0796941139402128,1.196966166464647,25,3.2007940965819723,,0,3756.0,8.231376045573969
9896_XPO1_P1P2_ENSG00000082898,XPO1,ENSG00000082898,1050,207,10691,3.718488483698938,3.6964401563010387,0.2804028099201104,3.257833968316323,4.077550856600857,0.3293533118669423,25,5.764288082281271,,2,4086.0,8.315566483564277
9898_XPO5_P1P2_ENSG00000124571,XPO5,ENSG00000124571,2888,221,10691,2.7943695996173705,2.762676403772792,0.2932832643340932,2.2540520860100437,3.1382148516206376,0.27845945742409395,25,4.934584158553888,,2,46.0,3.8501476017100584
9903_XRCC1_P1P2_ENSG00000073050,XRCC1,ENSG00000073050,7568,254,10691,2.427280267707586,2.405018196245495,0.13854122863879056,2.1445053576220916,2.599963340994141,0.1818558339971159,25,4.673045864833361,1.45736378007871,3,3.0,1.3862943611198906
9904_XRCC2_P1P2_ENSG00000196584,XRCC2,ENSG00000196584,3503,157,10691,3.309297780605783,3.2676353309712862,0.19757931915397028,2.9157010700069006,3.515707869812473,0.27149508653045196,25,5.0434896258134,,0,2.0,1.0986122886681096
9905_XRCC3_P1P2_ENSG00000126215,XRCC3,ENSG00000126215,5829,53,10691,1.5333288566982657,1.5380496962232,0.11870714106731843,1.36104076751441,1.741616612123763,0.0984932499998763,25,2.2688710420614244,,0,37.0,3.6375861597263857
9907_XRCC5_P1P2_ENSG00000079246,XRCC5,ENSG00000079246,1391,88,10691,4.34767612729403,4.3409405441237405,0.13800982357365502,4.152070823058214,4.55610752645847,0.16866969576918667,25,5.6605170668903355,,0,494.0,6.20455776256869
9909_XRCC6_P1P2_ENSG00000196419,XRCC6,ENSG00000196419,8245,28,10691,4.494046249532711,4.5049508622676475,0.042257382310312355,4.449474510237588,4.549158988304755,0.0600297331126356,25,4.729615647218038,,0,180.0,5.198497031265826
9911_XRN2_P1P2_ENSG00000088930,XRN2,ENSG00000088930,7807,66,10691,3.893472147020282,3.906831943235874,0.09827700126385769,3.7613726620943946,4.037208632984149,0.153278210850206,25,4.84213659724452,,0,81.0,4.406719247264253
9918_YARS2_P1P2_ENSG00000139131,YARS2,ENSG00000139131,5021,190,10691,2.517557044260206,2.515252272606288,0.34314987993643886,2.0857086209857134,2.9826674037615137,0.38314801014389843,25,4.476615935946566,,0,37.0,3.6375861597263857
9919_YARS_P1P2_ENSG00000134684,YARS,ENSG00000134684,201,185,10691,4.003053197243786,3.9896784653703583,0.17034690417921872,3.6978143540279875,4.215533032545574,0.23905452378143321,25,5.970327473124548,,0,9.0,2.302585092994046
9921_YBX1_P1P2_ENSG00000065978,YBX1,ENSG00000065978,267,86,10691,4.265401275948098,4.234976875333218,0.14604188513708335,3.9619711242126296,4.424648332654286,0.24104637414462626,25,5.683943946969776,,0,37.0,3.6375861597263857
9925_YEATS2_P1P2_ENSG00000163872,YEATS2,ENSG00000163872,1903,240,10691,1.8159471604340522,1.8814921743664375,0.32985922766961956,1.3367584299769508,2.2436192312186836,0.5458684168947849,25,4.092834944152278,,1,243.0,5.497168225293202
9926_YEATS4_P1P2_ENSG00000127337,YEATS4,ENSG00000127337,5180,231,10691,3.0915798373865653,3.072149722423287,0.1445732436484587,2.878471929613251,3.254540211698932,0.22662375269316248,25,5.241282101395639,,2,1154.0,7.051855622955894
9938_YKT6_P1P2_ENSG00000106636,YKT6,ENSG00000106636,3223,63,10691,1.7311742092516755,1.619919924988264,0.49593383571806854,0.8539131819669712,2.278846457837179,0.661800036249035,25,2.532923059000813,,0,19.0,2.995732273553991
9944_YPEL5_P1P2_ENSG00000119801,YPEL5,ENSG00000119801,971,76,10691,1.6290808019756622,1.6262864888045225,0.10454049432455455,1.41632420144538,1.752979286037268,0.1406775298165388,25,2.692699577253028,,0,7.0,2.0794415416798357
9945_YRDC_P1P2_ENSG00000196449,YRDC,ENSG00000196449,237,106,10691,2.2164579265038546,2.083789995961491,0.5869254753172188,1.1532311896168699,2.8793426620683285,0.8431228500172325,25,3.6296998819590307,,0,3.0,1.3862943611198906
9946_YTHDC1_P1P2_ENSG00000083896,YTHDC1,ENSG00000083896,2075,237,10691,1.9481688125225962,1.9281710158352998,0.7912285155000381,0.747136239558042,2.9875264411348703,1.147124063451803,25,4.260874097044467,,1,914.0,6.818924065275521
9958_YY1_P1P2_ENSG00000100811,YY1,ENSG00000100811,5810,82,10691,0.9432446017588155,0.9738025321768571,0.8089558138662171,0.0,2.267045346322978,1.560539726200938,25,2.198709869872463,,0,32.0,3.4965075614664802
9969_ZBTB11_P1P2_ENSG00000066422,ZBTB11,ENSG00000066422,1737,146,10691,2.4842201884570363,2.3814271340056035,0.44893698820444844,1.3517036174111678,2.860654898502073,0.3643316888621819,25,4.127928665123666,,0,35.0,3.58351893845611
9975_ZBTB17_P1P2_ENSG00000116809,ZBTB17,ENSG00000116809,90,160,10691,1.5443639899796042,1.458655673234613,0.2718496887371164,0.7917229436386214,1.7380965656124288,0.16922589084158646,25,3.163680394141922,,0,420.0,6.042632833682381
