construct,target_symbol,target_ensg,target_col,n_perturbed_pool,n_nt_pool,y_primary,y_mean,y_std,y_p5,y_p95,y_iqr,n_valid_draws,y_pooled,y_gemgroup,n_eligible_gemgroups,stored_ad,stored_ad_log1p
10005_ZBTB4_P1_ENSG00000174282,ZBTB4,ENSG00000174282,6891,40,11485,0.04371670013813544,0.2808767671892822,0.3473819881254321,0.0,0.7844868537181854,0.6285190170835847,25,0.0,,0,267.0,5.5909869805108565
10020_ZC3H13_P1P2_ENSG00000123200,ZC3H13,ENSG00000123200,5758,112,11485,3.4916583227029796,3.4960082663642953,0.1891787402572046,3.157305201105115,3.765225986441347,0.29931612830270016,25,4.949573357903885,,0,3708.0,8.21851757748959
10023_ZC3H18_P1P2_ENSG00000158545,ZC3H18,ENSG00000158545,6799,66,11485,2.617337587710359,2.6124816879176627,0.2978928327812361,2.173181077567229,2.999115070365236,0.4436493578359584,25,3.5358963178970857,,0,1546.0,7.344072850573066
10025_ZC3H4_P1_ENSG00000130749,ZC3H4,ENSG00000130749,7861,71,11485,1.5196275482554984,1.5126525792069503,0.38336897103958334,0.8900724434963048,1.978581843678295,0.6885726046956431,25,2.587964063551169,,0,607.0,6.410174881966167
10041_ZCRB1_P1P2_ENSG00000139168,ZCRB1,ENSG00000139168,5305,81,11485,3.748098513392124,3.745681468507117,0.09290006869300933,3.59637030211115,3.867550501231785,0.13482232716891218,25,4.875999000403979,,0,502.0,6.220590170099739
1004_C17orf58_P1P2_ENSG00000186665,C17orf58,ENSG00000186665,7218,189,11485,1.708037589884098,1.7183540356751725,0.11330720662042977,1.5704069720834528,1.8851017688838714,0.20888894435534122,25,3.7271943652237725,,0,16.0,2.833213344056216
10054_ZDHHC7_P1P2_ENSG00000153786,ZDHHC7,ENSG00000153786,6785,108,11485,1.9655368732167173,1.9500376518512155,0.3515738880195278,1.2957932369871406,2.451052966635665,0.4105211225393912,25,3.4183734532606826,,0,107.0,4.68213122712422
10055_ZDHHC7_P1P2_ENSG00000153786,ZDHHC7,ENSG00000153786,6785,120,11485,2.170200944421504,2.1861514130922686,0.1877022374449653,1.8939486403414676,2.4478426048101434,0.20929196810728135,25,3.7150196433044957,,0,1.0,0.6931471805599453
10056_ZDHHC7_P1P2_ENSG00000153786,ZDHHC7,ENSG00000153786,6785,177,11485,2.077666358658697,2.1035258072756107,0.34754839481533445,1.5335481335548697,2.5109508766857926,0.5847815971471635,25,4.0405415788824675,,0,2228.0,7.709308333385869
10073_ZFC3H1_P1P2_ENSG00000133858,ZFC3H1,ENSG00000133858,5470,85,11485,2.728112494403016,2.7759897068285433,0.10968319608435988,2.6529677436563177,2.953567373250132,0.14420797310597422,25,3.95097358688485,,0,262.0,5.572154032177765
10104_ZFR_P1P2_ENSG00000056097,ZFR,ENSG00000056097,2379,130,11485,3.299909309729588,3.3165245324696495,0.17068120308434093,3.051018726454179,3.5835806405988366,0.23602274498837872,25,4.963411479586451,,0,653.0,6.483107351457199
10135_ZMAT2_P2_ENSG00000146007,ZMAT2,ENSG00000146007,2650,31,11485,2.5210285767008314,2.487103125884389,0.16169021727582727,2.2181051913245073,2.674905613324319,0.20770699048830288,25,2.6420260546364007,,0,33.0,3.5263605246161616
10136_ZMAT2_P1_ENSG00000146007,ZMAT2,ENSG00000146007,2650,183,11485,3.1073130300663374,3.0561814125300066,0.23972581023010892,2.552620105030828,3.3404677796239413,0.2790584328925201,25,4.915698412058615,,0,3397.0,8.130942302231878
10139_ZMAT5_P1P2_ENSG00000100319,ZMAT5,ENSG00000100319,8339,50,11485,2.0468990194006924,2.0554848644974726,0.08355446966900017,1.911005168965419,2.2069661587360043,0.07148726730421595,25,2.684753589290649,,0,745.0,6.61472560020376
10146_ZMYM4_P1P2_ENSG00000146463,ZMYM4,ENSG00000146463,208,83,11485,3.121547214672922,3.1100053621301784,0.11584207929914324,2.906209978764869,3.249576084467237,0.14294337165960425,25,4.253568570622016,,0,19.0,2.995732273553991
1016_C19orf25_P1P2_ENSG00000119559,C19orf25,ENSG00000119559,7486,53,11485,2.7525754652861067,2.7055452715834667,0.18383352750103973,2.3596157863283493,2.924828094916645,0.30006597219066,25,3.4134838846591524,,0,63.0,4.1588830833596715
10173_ZNF143_P1P2_ENSG00000166478,ZNF143,ENSG00000166478,4740,32,11485,1.409111087606031,1.4236445979022798,0.117570710878321,1.2531929824381642,1.6172556526718718,0.10412832928393345,25,1.7111315627585593,,0,1340.0,7.201170883281678
10201_ZNF207_P2_ENSG00000010244,ZNF207,ENSG00000010244,7000,64,11485,0.0,0.3642576754283401,0.4947423779094728,0.0,1.2162326398716599,0.7572740327748668,25,1.1510061087413401,,0,1.0,0.6931471805599453
10202_ZNF207_P1_ENSG00000010244,ZNF207,ENSG00000010244,7000,70,11485,3.5946977901606134,3.615575922572182,0.15512811157992432,3.366203831853097,3.8798226558652305,0.16667188403354238,25,4.588994968900359,,0,2256.0,7.721791776817535
10231_ZNF236_P1P2_ENSG00000130856,ZNF236,ENSG00000130856,7452,102,11485,1.3533680414544338,1.238801855843826,0.31126564325813505,0.6525509620748982,1.5395310742803225,0.189205854769684,25,2.6171339239921707,,0,1736.0,7.459914766241105
10236_ZNF24_P1P2_ENSG00000172466,ZNF24,ENSG00000172466,7385,49,11485,2.5121831279094615,2.5409549152384137,0.12462414343779853,2.3953209803789868,2.718931335493254,0.21835695795282772,25,3.1736325898719744,,0,0.0,0.0
10272_ZNF292_P1P2_ENSG00000188994,ZNF292,ENSG00000188994,3051,133,11485,3.2043555646306476,3.22711757423102,0.10646490786492273,3.081034978331974,3.3726498673698044,0.15402019325645844,25,4.811933552869273,,0,356.0,5.877735781779639
1029_C1D_P1P2_ENSG00000197223,C1D,ENSG00000197223,1057,53,11485,3.1548284209615125,3.1492782034687985,0.12210448436074786,2.963014186117784,3.296880318622768,0.19638804664070042,25,3.8099803348173715,,0,613.0,6.419994928147142
10336_ZNF407_ENST00000299687.5_ENSG00000215421,ZNF407,ENSG00000215421,7450,64,11485,0.0,0.2866533758161238,0.5614869792124568,0.0,1.5727481386760709,0.0,25,0.0,,0,0.0,0.0
1035_C1orf109_P1_ENSG00000116922,C1orf109,ENSG00000116922,229,76,11485,1.708037589884098,1.6050405152022988,0.25213961545760266,1.1882104323674871,1.8965214123481473,0.3962206494770195,25,2.7952405916782563,,0,1.0,0.6931471805599453
1036_C1orf109_P2_ENSG00000116922,C1orf109,ENSG00000116922,229,138,11485,0.0,0.2604908606181433,0.4588899269559298,0.0,1.270684566796367,0.352844055256793,25,1.3934622042385667,,0,1.0,0.6931471805599453
10463_ZNF574_P1_ENSG00000105732,ZNF574,ENSG00000105732,7818,44,11485,1.353359825042607,1.3459392874107732,0.13081058560622302,1.1575335145238685,1.5219544546380146,0.1704542181837101,25,1.838336950875001,,0,814.0,6.703188113240863
10464_ZNF574_P2_ENSG00000105732,ZNF574,ENSG00000105732,7818,124,11485,0.0,0.22616362264224665,0.44228450909818623,0.0,1.2740897416567392,0.13915444931010695,25,0.0,,0,10.0,2.3978952727983707
104_ACTB_P1P2_ENSG00000075624,ACTB,ENSG00000075624,3250,235,11485,4.633914682250741,4.6303676723680045,0.02857500775527464,4.586439746162199,4.667864377646967,0.037533061116143074,25,6.921328069386657,,0,1195.0,7.086737934510577
10574_ZNF706_P1P2_ENSG00000120963,ZNF706,ENSG00000120963,3858,208,11485,3.2456326076417534,3.2185511029031897,0.29022693048939585,2.806311586059105,3.593601763264386,0.45275070354626834,25,5.277528797472557,,0,8.0,2.1972245773362196
"10585_ZNF718_ENST00000510175.1,ENST00000511079.1,ENST00000513304.1,ENST00000513889.1_ENSG00000250312",ZNF718,ENSG00000250312,2001,139,11485,0.6947386935934404,0.7392160116124828,0.5663120316340527,0.0,1.389192999846589,0.9773029577346828,25,2.563822209555235,,0,108.0,4.6913478822291435
10586_ZNF718_ENST00000502662.1_ENSG00000250312,ZNF718,ENSG00000250312,2001,208,11485,0.0,0.28411922873054196,0.4171840872823418,0.0,1.1645220914333863,0.4416759945957406,25,0.0,,0,0.0,0.0
10587_ZNF718_ENST00000400172.3_ENSG00000250312,ZNF718,ENSG00000250312,2001,88,11485,0.0,0.3290638119110436,0.5692840571352393,0.0,1.342702429918262,0.45975981188974235,25,0.0,,0,0.0,0.0
10589_ZNF720_P1P2_ENSG00000197302,ZNF720,ENSG00000197302,6638,68,11485,1.2838158088249982,1.1083357498838866,0.6442002579554155,0.11991208116604624,1.9120215914228076,1.1105055659317404,25,2.2567196570377734,,0,181.0,5.204006687076795
10637_ZNF787_P1P2_ENSG00000142409,ZNF787,ENSG00000142409,7945,35,11485,2.306656423591603,2.3189729634254084,0.12242586738583416,2.140902453696659,2.554375443634145,0.1580893103144092,25,2.6195934096374387,,0,208.0,5.342334251964811
10676_ZNF84_P1P2_ENSG00000198040,ZNF84,ENSG00000198040,5685,67,11485,0.9382384272048876,0.7221181560121467,0.5554843803359556,0.0,1.3822337668828621,1.0841035293430952,25,1.7781410792191574,,0,772.0,6.650279048587422
10699_ZNHIT1_P1P2_ENSG00000106400,ZNHIT1,ENSG00000106400,3492,38,11485,3.7430587583233006,3.745943241236814,0.08143511848350908,3.645310340271253,3.867133649493986,0.10755865782271234,25,4.1455874311784235,,0,718.0,6.577861357721047
10700_ZNHIT2_P1P2_ENSG00000174276,ZNHIT2,ENSG00000174276,4929,81,11485,1.483210148619133,1.4725299804791236,0.3953964551064919,0.7163314615014569,1.9335152324384992,0.5389202071420627,25,2.7367932400486827,,0,1643.0,7.404887575616125
10701_ZNHIT3_P1P2_ENSG00000273611,ZNHIT3,ENSG00000273611,7014,78,11485,2.873093593581671,2.872223520436446,0.12678411604818451,2.7096926271341886,3.0859499688144907,0.1739076785381095,25,3.9788982831097064,,0,1883.0,7.5411524551363085
10706_ZRANB2_P1P2_ENSG00000132485,ZRANB2,ENSG00000132485,362,54,11485,3.5792895164125014,3.586792936742753,0.09487184834774565,3.429514232741578,3.718923923712226,0.1363361534739136,25,4.302009899830456,,0,19.0,2.995732273553991
10708_ZRSR2_P1P2_ENSG00000169249,ZRSR2,ENSG00000169249,8496,217,11485,1.353359825042607,1.2451818608054062,0.33867567338254156,0.4259061329153022,1.4902165898841226,0.13024371630206044,25,3.440902132030116,,0,176.0,5.176149732573829
10736_ZW10_P1P2_ENSG00000086827,ZW10,ENSG00000086827,5115,63,11485,2.31390347715079,2.309974370086288,0.06716786764820283,2.1967675342311566,2.4042114999296076,0.09979188914068793,25,3.174716947751887,,0,526.0,6.267200548541362
10738_ZWINT_P1P2_ENSG00000122952,ZWINT,ENSG00000122952,4407,51,11485,3.1955451379762705,3.2049725518668892,0.09750219449754383,3.066212546925163,3.347770203816048,0.15667777042788789,25,3.876409167649724,,0,66.0,4.204692619390966
10746_AC118549.1_P1P2_ENSG00000036549,AC118549.1,ENSG00000036549,370,62,11485,2.4693910465002995,2.468297538081406,0.22669227375427536,2.138491511602654,2.866285073351263,0.3243119089647464,25,3.3294625769882904,,0,662.0,6.4967749901858625
109_ACTR10_P1P2_ENSG00000131966,ACTR10,ENSG00000131966,5981,29,11485,2.9735356049220183,2.9723429992630095,0.05892834468157739,2.892702382345642,3.049216017229825,0.07689689387512644,25,3.0851557144709156,,0,607.0,6.410174881966167
10_AARS2_P1P2_ENSG00000124608,AARS2,ENSG00000124608,2997,95,11485,1.2583619571039906,1.2801207066139364,0.13025473729687875,1.0903024082266044,1.462361507989719,0.1788982598161457,25,2.6131647857511853,,0,27.0,3.332204510175204
1100_C5orf30_P1P2_ENSG00000181751,C5orf30,ENSG00000181751,2539,45,11485,2.2867146622294476,2.2842721668534867,0.1922438506795949,2.0159840140219134,2.6047627773419277,0.20172265562583247,25,2.843041315354878,,0,131.0,4.882801922586371
110_ACTR1A_P1P2_ENSG00000138107,ACTR1A,ENSG00000138107,4585,139,11485,1.6307684370996416,1.575042940577942,0.6030554687227023,0.6038704338455679,2.4629602908660746,0.7635996338449562,25,3.5302938120713354,,0,5.0,1.791759469228055
1117_C7orf26_P1P2_ENSG00000146576,C7orf26,ENSG00000146576,3261,64,11485,1.2724406762496647,1.2722769024426548,0.09007837528270449,1.1291569179071477,1.4042287199809518,0.11201792436114033,25,2.2315770299957807,,0,310.0,5.739792912179234
1118_C7orf26_P1P2_ENSG00000146576,C7orf26,ENSG00000146576,3261,286,11485,1.2441017810693078,1.0676653461837669,0.431275438522148,0.131755904372047,1.4042287199809518,0.14563942442257094,25,3.685094376407047,,1,1506.0,7.317876198626496
1119_C7orf26_P1P2_ENSG00000146576,C7orf26,ENSG00000146576,3261,30,11485,0.33232527185995375,0.3615001694925388,0.27054480237497047,0.009044234550476659,0.6634461356692934,0.2633176027079206,25,0.6757691785884017,,0,71.0,4.276666119016055
111_ACTR1B_P1P2_ENSG00000115073,ACTR1B,ENSG00000115073,1148,175,11485,2.228284343347963,2.240888880283247,0.17770822037852896,2.025967755356374,2.4909183656706593,0.25248959209191035,25,4.173151965396505,,0,41.0,3.7376696182833684
1120_CYREN_P1P2_ENSG00000122783,CYREN,ENSG00000122783,3580,45,11485,2.527341649985286,2.5145526315176294,0.0741552710881183,2.411941800619433,2.619289358726603,0.12359690967320924,25,3.0554087114419035,,0,323.0,5.780743515792329
"1121_C7orf50_ENST00000357429.6,ENST00000397098.3,ENST00000397100.2_ENSG00000146540",C7orf50,ENSG00000146540,3229,93,11485,1.9886141139015667,1.689815057196978,0.7448432258739001,0.4009993404536381,2.526190664213937,1.1156171383724773,25,2.9454470400502366,,0,1.0,0.6931471805599453
112_ACTR2_P1P2_ENSG00000138071,ACTR2,ENSG00000138071,1054,69,11485,4.154728879627246,4.168695416701337,0.06808554667664636,4.081614926942819,4.272123066516046,0.11571983113023077,25,5.167866389415706,,0,1301.0,7.171656822768514
1131_C9orf16_P1P2_ENSG00000171159,C9orf16,ENSG00000171159,4202,160,11485,3.8265297230631243,3.8247180131756693,0.08324773875817938,3.7072687096931976,3.926990359806992,0.09064220157169478,25,5.649990745631086,,0,62.0,4.143134726391533
1136_C9orf78_P1P2_ENSG00000136819,C9orf78,ENSG00000136819,4233,97,11485,3.230425071449837,3.192373288039354,0.1392263006998698,2.9058674444751444,3.362284720730476,0.20324361098931298,25,4.494862847792381,,0,229.0,5.438079308923196
1145_CABIN1_P1P2_ENSG00000099991,CABIN1,ENSG00000099991,8316,173,11485,1.2955737355456391,1.2952384030237127,0.6151132264147877,0.1813666973901227,2.139839444104586,0.8437071793308974,25,3.410865629095139,,0,158.0,5.0689042022202315
1146_CACNB3_P2_ENSG00000167535,CACNB3,ENSG00000167535,5325,140,11485,0.8408533086230819,0.958934922180928,0.5365071946605798,0.0,1.5639671826565056,0.8028512801752771,25,2.6372409775855945,,0,6.0,1.9459101490553132
1147_CACNB3_P1_ENSG00000167535,CACNB3,ENSG00000167535,5325,104,11485,0.6050196751710228,0.6383600200233764,0.5833282031767,0.0,1.5595730080078127,0.8223066254633057,25,1.8102529119303685,,0,0.0,0.0
1152_CAD_P1P2_ENSG00000084774,CAD,ENSG00000084774,942,96,11485,1.5844563133126308,1.3851939054453652,0.583087160227384,0.08554683361763676,2.0584022133324,0.6173602784933152,25,2.7722986553576177,,0,1.0,0.6931471805599453
1161_CALR_P1P2_ENSG00000179218,CALR,ENSG00000179218,7636,74,11485,4.68153843563335,4.6712136597140805,0.04513343229878758,4.609899842059721,4.73137977397856,0.07554750370105978,25,6.031937270754006,,0,575.0,6.3561076606958915
1167_CAMLG_P1P2_ENSG00000164615,CAMLG,ENSG00000164615,2610,161,11485,3.119867360115428,3.122420687589017,0.12666286578485755,2.9148015961712015,3.3101852574298745,0.15981672524000512,25,4.931092919181534,,0,351.0,5.863631175598097
1175_CAP1_P1P2_ENSG00000131236,CAP1,ENSG00000131236,246,35,11485,4.340412068453524,4.33201744988377,0.07811925411159597,4.220085668159922,4.450086681051237,0.12703427054416228,25,4.70970363742467,,0,17.0,2.8903717578961645
117_ACTR6_P1P2_ENSG00000075089,ACTR6,ENSG00000075089,5523,104,11485,2.377391521585247,2.3154251598218325,0.1417134319453801,2.1302023555776683,2.4818141932804605,0.24829133341443788,25,3.722367089714181,,0,920.0,6.825460036255307
1187_CAPZB_P1P2_ENSG00000077549,CAPZB,ENSG00000077549,101,88,11485,4.062381528169617,4.0578209203726745,0.09243488431123455,3.91217348365683,4.194862226938843,0.11844912568430521,25,5.326481792751956,,0,437.0,6.082218910376446
118_ACTR8_P1P2_ENSG00000113812,ACTR8,ENSG00000113812,1686,88,11485,1.9724697674324938,1.8478971900388967,0.30429345535642777,1.4090567165778083,2.088146297142243,0.37265281403382344,25,3.0046637330198047,,0,663.0,6.498282149476434
1197_CARS_P1P2_ENSG00000110619,CARS,ENSG00000110619,4711,54,11485,2.256207873498791,2.283511977509195,0.31680659586356963,1.8260218613402905,2.7560017781689483,0.5346568759414987,25,2.9519738365464865,,0,726.0,6.588926477533519
1198_CASC3_P1P2_ENSG00000108349,CASC3,ENSG00000108349,7047,170,11485,2.366049267483598,2.300567014340605,0.16158926610755436,2.072738881074169,2.5099156649307104,0.2521773170959496,25,4.237984227076484,,0,566.0,6.340359303727752
1206_CASP8AP2_P1P2_ENSG00000118412,CASP8AP2,ENSG00000118412,3062,28,11485,1.9674774261394192,1.9728928210054864,0.11197264118277404,1.7880405116714873,2.1365153820152676,0.15794337187834184,25,2.0671435616775766,,0,515.0,6.246106765481563
1211_CAST_P2_ENSG00000153113,CAST,ENSG00000153113,2530,56,11485,3.028197240701582,2.991356429616364,0.19246884824364555,2.719209635029778,3.220275019353183,0.20083430930243606,25,3.7300344782775836,,0,245.0,5.5053315359323625
1221_CBLL1_P1P2_ENSG00000105879,CBLL1,ENSG00000105879,3523,74,11485,1.8601414299028798,1.8333325174597208,0.09241858990772299,1.6867493857499372,1.9569444808535357,0.15583337505046035,25,2.8887300451674767,,0,604.0,6.405228458030842
1228_CBX1_P1P2_ENSG00000108468,CBX1,ENSG00000108468,7131,125,11485,3.9082424000995726,3.888324958731904,0.09275984358561586,3.7474159185902773,4.0175318099148445,0.10909244327432832,25,5.448822408149305,,0,13.0,2.639057329615259
1238_CCAR1_P1P2_ENSG00000060339,CCAR1,ENSG00000060339,4430,119,11485,3.655017283862575,3.6620976306158504,0.11566502693102332,3.481898983320206,3.8468951596395042,0.1490055110073154,25,5.2422619924573866,,0,143.0,4.969813299576001
1245_CCDC115_P1P2_ENSG00000136710,CCDC115,ENSG00000136710,1219,53,11485,1.6273634724376551,1.6520610885635956,0.24741340712789686,1.3673827981097935,2.0087451001278174,0.45280620542756966,25,2.479377014530318,,0,290.0,5.673323267171493
1254_CCDC130_P2_ENSG00000104957,CCDC130,ENSG00000104957,7644,71,11485,0.531229121948709,0.7747319479926691,0.8131974021133173,0.0,1.9797660034660856,1.4319348867936736,25,1.700797921878595,,0,970.0,6.878326468291325
1255_CCDC130_P1_ENSG00000104957,CCDC130,ENSG00000104957,7644,43,11485,1.9952628103088104,1.9721363397555687,0.07511214341913726,1.8701745688131395,2.0906899883568366,0.1154865453975995,25,2.458079384164533,,0,371.0,5.918893854273146
1257_CCDC137_P1P2_ENSG00000185298,CCDC137,ENSG00000185298,7290,41,11485,2.853303578238645,2.879298361779005,0.07711310121367507,2.7852571502244303,2.9954503652435305,0.1135544677825382,25,3.331351052016045,,0,315.0,5.755742213586912
126_ADAM10_P1P2_ENSG00000137845,ADAM10,ENSG00000137845,6266,109,11485,3.010862025346512,2.9849231073467446,0.10726081132852155,2.776643820449459,3.1118832146937097,0.08809182848425223,25,4.429022031185599,,0,6.0,1.9459101490553132
127_ADAM10_P1P2_ENSG00000137845,ADAM10,ENSG00000137845,6266,150,11485,2.614059859414129,2.605536286082666,0.305743881144582,2.088010633667151,2.985982310665966,0.3026614368110323,25,4.333745406696864,,0,2629.0,7.874739125171811
1284_CCDC59_P1P2_ENSG00000133773,CCDC59,ENSG00000133773,5489,48,11485,2.9434789759526243,2.9468843822760276,0.1609640805624671,2.6977043624176895,3.2199471850255232,0.1929435366792953,25,3.557850355445711,,0,1090.0,6.994849985833071
1288_CCDC6_P1P2_ENSG00000108091,CCDC6,ENSG00000108091,4412,224,11485,2.9157264839112824,2.9042024341762134,0.10250683877308195,2.7716831691973147,3.03267388771988,0.12994538391629318,25,5.029889876698337,,0,225.0,5.420534999272286
1289_CCDC6_P1P2_ENSG00000108091,CCDC6,ENSG00000108091,4412,728,11485,2.8723582200090028,2.8313370895679033,0.16774840748878234,2.5306941376388465,3.0180275024780308,0.22871907147832093,25,6.1192990326124885,2.0801299978392467,45,916.0,6.821107472256465
128_ADAM10_P1P2_ENSG00000137845,ADAM10,ENSG00000137845,6266,125,11485,3.1007668622639404,3.100282910432513,0.09528524117089344,2.9762837785075624,3.220290766478037,0.15031405106732265,25,4.6696968492189,,0,5.0,1.791759469228055
1290_CCDC6_P1P2_ENSG00000108091,CCDC6,ENSG00000108091,4412,134,11485,2.8612132866079047,2.83890089537942,0.19935540974278465,2.6091935300156335,3.082180122629081,0.1591936109405525,25,4.443641053285246,,0,27.0,3.332204510175204
1298_CCDC84_P1P2_ENSG00000186166,CCDC84,ENSG00000186166,5138,44,11485,1.4110986648393478,1.3663544442194189,0.3702041019321929,0.8008011358936511,1.963870106294787,0.5319420784035431,25,1.9396031243414162,,0,483.0,6.182084906716632
1317_CCNB1_P1P2_ENSG00000134057,CCNB1,ENSG00000134057,2455,108,11485,3.3975971595170473,3.371520058437753,0.11077266799213419,3.2121319115092772,3.5190840032271544,0.18484936600931512,25,4.767093865762782,,0,1.0,0.6931471805599453
1319_CCNC_P1P2_ENSG00000112237,CCNC,ENSG00000112237,3073,128,11485,3.350644146662657,3.3483231863090457,0.0660325588885401,3.2573235868307253,3.4601799518200966,0.11293336454454606,25,4.907515474592775,,0,825.0,6.716594773520978
1321_CCND1_P2_ENSG00000110092,CCND1,ENSG00000110092,5004,51,11485,0.0,0.09264930380409815,0.20783905491325155,0.0,0.4043004283098243,0.013638855869521991,25,0.0,,0,2.0,1.0986122886681096
1323_CCND3_P1P2_ENSG00000112576,CCND3,ENSG00000112576,2964,83,11485,2.376299169458089,2.4030374561751664,0.1626032447734638,2.1401250233991544,2.6383309944645186,0.2778917837446042,25,3.5792954937510917,,0,2.0,1.0986122886681096
1329_CCNH_P1P2_ENSG00000134480,CCNH,ENSG00000134480,2512,71,11485,2.9249073188117483,2.916868804317554,0.1008475493653873,2.764523497953265,3.0526229956744277,0.16702013382867742,25,3.915102300532024,,0,1619.0,7.3901814282264295
1332_CCNK_P2_ENSG00000090061,CCNK,ENSG00000090061,6102,194,11485,0.4981387179805167,0.6624414364980078,0.6671044321864873,0.0,1.7178214709681296,1.159529698502059,25,2.2633544143747026,,0,20.0,3.044522437723423
1333_CCNK_P1_ENSG00000090061,CCNK,ENSG00000090061,6102,155,11485,2.0509318671195857,1.9691624717644236,0.37937889640379946,1.5275981556754223,2.483889078915562,0.5258109556576755,25,3.786799215389384,,1,340.0,5.831882477283517
1334_CCNL1_P1P2_ENSG00000163660,CCNL1,ENSG00000163660,1899,52,11485,2.5724585204945316,2.5976949833506553,0.12945754686496755,2.422402999845927,2.826783857909122,0.19877977904031052,25,3.3188809326038933,,0,410.0,6.018593214496234
1340_CCP110_P1P2_ENSG00000103540,CCP110,ENSG00000103540,6558,50,11485,1.9986928431899054,2.0121631957104165,0.23370647588819668,1.7273017582584274,2.3874983048179654,0.38950942323953797,25,2.7300440416148595,,0,2.0,1.0986122886681096
1346_CCT2_P1P2_ENSG00000166226,CCT2,ENSG00000166226,5465,56,11485,4.379847925096994,4.362153963679156,0.08706969669962966,4.213842743265246,4.4801490472011745,0.1369689602171631,25,5.207207381463484,,0,2216.0,7.7039102096163115
1347_CCT3_P1P2_ENSG00000163468,CCT3,ENSG00000163468,610,58,11485,4.466354422198432,4.465888394962898,0.10802668178222774,4.304741087948994,4.635097184531837,0.13905737438508226,25,5.37666856045019,,0,2089.0,7.644919344958857
1348_CCT4_P1P2_ENSG00000115484,CCT4,ENSG00000115484,1045,65,11485,4.160643498808725,4.161182326838553,0.11530915808556187,3.9900224174940924,4.366745101046558,0.14896794343337927,25,5.120189384730716,,0,2265.0,7.725771441587952
1350_CCT6A_P1P2_ENSG00000146731,CCT6A,ENSG00000146731,3367,79,11485,4.15031941555967,4.151028949257931,0.17291980118747238,3.8907005351785466,4.436586093605059,0.2797077427475694,25,5.419451462950345,,0,2556.0,7.846589975291186
1351_CCT7_P1P2_ENSG00000135624,CCT7,ENSG00000135624,1085,61,11485,4.192864214597228,4.177188624412846,0.08880242631986353,4.036235013717186,4.292131528314886,0.10677912125306221,25,5.03958272044536,,0,2009.0,7.605890001053122
1352_CCT8_P1P2_ENSG00000156261,CCT8,ENSG00000156261,8207,48,11485,4.169295169754626,4.179737405836774,0.07520067668166935,4.076093426016944,4.311573739887074,0.09495757489876855,25,4.853267523541112,,0,1821.0,7.507690077819904
1361_CD2BP2_P1P2_ENSG00000169217,CD2BP2,ENSG00000169217,6613,62,11485,2.7284472960887673,2.719595572573106,0.12059275224368085,2.457862134352128,2.873845483767806,0.12932529839948304,25,3.561013662968743,,0,90.0,4.51085950651685
1365_CD3EAP_P1P2_ENSG00000117877,CD3EAP,ENSG00000117877,7844,38,11485,2.785474857918696,2.7893957370138214,0.04749937504139318,2.715299673647218,2.848783576444237,0.06947257503360582,25,3.1273294318736777,,0,1389.0,7.237059026124737
1386_CDC123_P1P2_ENSG00000151465,CDC123,ENSG00000151465,4330,35,11485,3.6455326340501966,3.6341023236971735,0.10787824817218886,3.496568959344687,3.823809686897545,0.13892653083218853,25,3.9103522837707407,,0,999.0,6.907755278982137
1389_CDC16_P1P2_ENSG00000130177,CDC16,ENSG00000130177,5846,106,11485,2.815618861770009,2.823366706524462,0.14903083314059515,2.635266585161513,3.0491385426372353,0.25759007077319085,25,4.245734739922259,,0,1625.0,7.3938782901077555
1395_CDC26_P1P2_ENSG00000176386,CDC26,ENSG00000176386,4148,28,11485,3.151066516862166,3.163556949275233,0.049626668266452505,3.101247755545212,3.230678808479994,0.06588669950765125,25,3.2230641824328163,,0,551.0,6.313548046277095
1396_CDC27_P1P2_ENSG00000004897,CDC27,ENSG00000004897,7120,38,11485,2.8197798031555688,2.826684824391137,0.1936412840602521,2.5098856291445983,3.13129516942188,0.16601069013464542,25,3.174728901260031,,0,897.0,6.8001700683022
13_AARS_P1P2_ENSG00000090861,AARS,ENSG00000090861,6741,59,11485,2.313723853161692,2.3169196431645402,0.20966180504855453,2.065208468763131,2.58139386359095,0.26458081487920104,25,3.118518385719255,,0,2391.0,7.779885115070522
1406_CDC42_P1P2_ENSG00000070831,CDC42,ENSG00000070831,113,38,11485,4.229894349505614,4.235706929384426,0.07356339531624258,4.118951330658743,4.353189732357669,0.09516997109997671,25,4.67695799657727,,0,713.0,6.570882962339584
1407_CDC45_P1P2_ENSG00000093009,CDC45,ENSG00000093009,8289,27,11485,0.6490065956555716,0.6273584654944113,0.2615549015188025,0.19492551440270284,0.9973140855450687,0.1696214200025653,25,0.6505026747155782,,0,76.0,4.343805421853684
1408_CDC5L_P1P2_ENSG00000096401,CDC5L,ENSG00000096401,2998,71,11485,3.3757854327951082,3.38253976154379,0.09643382124951842,3.2301055778211305,3.5288794176701614,0.10849375542224493,25,4.366066669517579,,0,2897.0,7.971776122880628
1409_CDC6_P1P2_ENSG00000094804,CDC6,ENSG00000094804,7049,88,11485,1.8950040761804001,1.8533281963933406,0.3971580307537464,1.0781847591381597,2.370227496014214,0.4207408717784207,25,3.277728683261626,,0,2063.0,7.6324011266014535
1410_CDC73_P1P2_ENSG00000134371,CDC73,ENSG00000134371,713,61,11485,2.9185727907897903,2.8842526327195857,0.17779198284232064,2.524628912147693,3.083918204585552,0.28534928828046535,25,3.7184039679745484,,0,1964.0,7.583247524303362
1415_CDCA5_P1P2_ENSG00000146670,CDCA5,ENSG00000146670,4925,91,11485,1.5696457198483722,1.4221536076519394,0.42969738343923536,0.5744339142913124,1.951716323515051,0.4725091503359524,25,2.9018058836051286,,0,1180.0,7.074116816197362
1419_CDIPT_P1P2_ENSG00000103502,CDIPT,ENSG00000103502,6600,82,11485,2.7547530423856283,2.7137351205734945,0.114847342960874,2.5064441985710153,2.835268167094933,0.1534667375046621,25,3.8447595209706726,,0,64.0,4.174387269895637
1421_CDK11A_P1P2_ENSG00000008128,CDK11A,ENSG00000008128,23,82,11485,1.1122901271523271,0.989014887759,0.6505727712597941,0.0,1.7690114939908852,1.0187560801633464,25,1.860964105443354,,0,7.0,2.0794415416798357
1424_CDK12_P1P2_ENSG00000167258,CDK12,ENSG00000167258,7037,64,11485,2.877907451345956,2.856445965229184,0.1754758802265124,2.577527569044096,3.087430414776382,0.2145029974949999,25,3.7057679487566766,,0,481.0,6.1779441140506
1429_CDK1_P1P2_ENSG00000170312,CDK1,ENSG00000170312,4414,86,11485,2.540610168140604,2.542547815653034,0.24394896705441163,2.247354721739563,2.956022952369528,0.43100594502645206,25,3.6991456978988735,,0,2168.0,7.682021510826875
1432_CDK2_P1P2_ENSG00000123374,CDK2,ENSG00000123374,5395,206,11485,1.8932942495825424,1.877181481576921,0.15247557738084497,1.607045586522143,2.0781130539216446,0.1145868150891205,25,3.907543740615556,,0,418.0,6.037870919922137
1440_CDK6_P1_ENSG00000105810,CDK6,ENSG00000105810,3439,198,11485,0.0,0.19731522776579724,0.4553737557739536,0.0,1.2171899318108943,0.0,25,1.0118607519499847,,0,3.0,1.3862943611198906
1443_CDK9_P1P2_ENSG00000136807,CDK9,ENSG00000136807,4194,32,11485,1.7649221042093237,1.8101721203722614,0.1704321661011848,1.651174583902712,2.1575533755002536,0.16955834984707518,25,1.9722335577886752,,0,84.0,4.442651256490317
1458_CDT1_P1P2_ENSG00000167513,CDT1,ENSG00000167513,6804,106,11485,2.406456859284455,2.391076665645657,0.24154357298489296,2.030772392454291,2.7395845767404943,0.27093736279424796,25,3.8776234156675287,,0,2316.0,7.748028524432376
1470_CEBPZ_P1P2_ENSG00000115816,CEBPZ,ENSG00000115816,980,51,11485,2.812177382113973,2.7927258000835486,0.21963953758442914,2.399241793174887,3.1545409041357297,0.14182777395097856,25,3.5074113274268655,,0,1336.0,7.198183577101943
1474_CENPA_P1_ENSG00000115163,CENPA,ENSG00000115163,934,74,11485,0.0,0.1416903722628145,0.37740511506164715,0.0,1.0387255782695566,0.0,25,0.0,,0,5.0,1.791759469228055
1475_CENPA_P2_ENSG00000115163,CENPA,ENSG00000115163,934,87,11485,2.366049267483598,2.3208513271079463,0.1319239444627362,2.130671535953594,2.4839273998556175,0.26390659172951514,25,3.5453401025008655,,0,6.0,1.9459101490553132
1478_CENPC_P1P2_ENSG00000145241,CENPC,ENSG00000145241,2125,44,11485,2.2658398743762618,2.2232197747543387,0.171548918982025,1.9321007485052035,2.4141389057269786,0.24521268013240816,25,2.68856014513064,,0,1331.0,7.194436851100335
1479_CENPE_P1P2_ENSG00000138778,CENPE,ENSG00000138778,2204,34,11485,3.1871256871320774,3.1979865271114964,0.04207713184439616,3.1292424149221634,3.2545409380349333,0.057669556708042524,25,3.444794185676236,,0,446.0,6.102558594613569
1481_CENPH_P1P2_ENSG00000153044,CENPH,ENSG00000153044,2456,36,11485,2.7574022224230044,2.7878806180226468,0.08125955971319535,2.6998631132352333,2.931092592507642,0.10559473241219797,25,3.0932727835960536,,0,181.0,5.204006687076795
1482_CENPI_P1P2_ENSG00000102384,CENPI,ENSG00000102384,8617,28,11485,1.6593179761859818,1.6513955928471433,0.12057380168165938,1.4429674354568085,1.8259219627162648,0.148829794949497,25,1.6826075808385734,,0,340.0,5.831882477283517
1483_CENPJ_P1P2_ENSG00000151849,CENPJ,ENSG00000151849,5705,51,11485,1.8134969735824222,1.8047814041706085,0.2846565866160878,1.407530485619396,2.2223384852657984,0.4029176786375659,25,2.5081448099862014,,0,1465.0,7.290292882446597
1484_CENPK_P1P2_ENSG00000123219,CENPK,ENSG00000123219,2444,80,11485,2.317095983900246,2.282796573897017,0.2895740858002193,1.7889321497786388,2.6087950974265164,0.2503107732156611,25,3.389007982161129,,0,1096.0,7.00033446027523
1487_CENPN_P1P2_ENSG00000166451,CENPN,ENSG00000166451,6771,78,11485,2.987567900299865,3.031907299577351,0.16635689597942155,2.8001153203733504,3.314047919772227,0.22460232218005016,25,4.125207131147102,,0,829.0,6.721425700790643
1491_CENPT_P1P2_ENSG00000102901,CENPT,ENSG00000102901,6715,316,11485,1.8768433590826965,1.82718774394771,0.2173772168592235,1.4893181565351157,2.095129207481759,0.29881430851442303,25,4.342626490357392,0.6689496442076079,4,3.0,1.3862943611198906
1493_CENPW_P1P2_ENSG00000203760,CENPW,ENSG00000203760,3128,139,11485,3.710681466724444,3.6778535769606564,0.1479217240791435,3.3513767919004405,3.8417625416323786,0.13963766728567428,25,5.38474419735988,,0,589.0,6.380122536899765
1497_CEP152_P1P2_ENSG00000103995,CEP152,ENSG00000103995,6232,69,11485,1.556036544651926,1.5737272080614346,0.361892875509744,1.123116059342655,2.1575523854967873,0.5171236193248172,25,2.7481355758522623,,0,16.0,2.833213344056216
14_AASDHPPT_P1P2_ENSG00000149313,AASDHPPT,ENSG00000149313,5090,62,11485,3.094990185547568,3.0878546582563065,0.06893162727705972,2.983156616009717,3.188577797915,0.10151993472076093,25,3.9462647772501422,,0,120.0,4.795790545596741
1500_CEP192_P1P2_ENSG00000101639,CEP192,ENSG00000101639,7361,57,11485,1.9672207366957524,1.982793197474113,0.2764441218833576,1.5994704948807592,2.375082590298007,0.48541253377681803,25,2.845972826581615,,0,1023.0,6.931471805599453
1519_CEP97_P1P2_ENSG00000182504,CEP97,ENSG00000182504,1751,63,11485,1.8685165030658575,1.876442340633587,0.08775369388656092,1.741855465206694,2.0160477622296287,0.1153620424225823,25,2.7926678239032623,,0,0.0,0.0
1532_CFDP1_P1_ENSG00000153774,CFDP1,ENSG00000153774,6763,64,11485,3.3567733697615667,3.361683133129822,0.061283209063971646,3.2784418831502884,3.4669514199571925,0.08905252408397546,25,4.249007168726777,,0,966.0,6.874198495453294
1533_CFDP1_P2_ENSG00000153774,CFDP1,ENSG00000153774,6763,42,11485,0.0,0.08581218571204743,0.2442015342120226,0.0,0.5889546789560448,0.0,25,0.0,,0,1.0,0.6931471805599453
1536_CFL1_P1P2_ENSG00000172757,CFL1,ENSG00000172757,4949,140,11485,4.719194810066766,4.710430189286983,0.037180040938922,4.631156022739968,4.751040387340602,0.03583105256734065,25,6.608086651100668,,0,90.0,4.51085950651685
1544_CHAF1A_P1P2_ENSG00000167670,CHAF1A,ENSG00000167670,7531,31,11485,2.0019691778333817,2.0166558967059993,0.22632621305520315,1.7144849979956989,2.4081507260710007,0.32419085282240445,25,2.171515282095939,,0,459.0,6.131226489483141
1545_CHAF1B_P1P2_ENSG00000159259,CHAF1B,ENSG00000159259,8235,58,11485,1.5559440420097534,1.582081208544033,0.3312505962794294,1.071706160737865,2.013175351641641,0.45879762561233894,25,2.365515384515883,,0,1121.0,7.022868086082641
1548_CHCHD1_P1P2_ENSG00000172586,CHCHD1,ENSG00000172586,4465,74,11485,4.000721433509832,3.984723425864296,0.08586180821056273,3.83694991824195,4.098337569880306,0.08313295988509317,25,5.044174618778738,,0,10.0,2.3978952727983707
1549_CHCHD2_P1P2_ENSG00000106153,CHCHD2,ENSG00000106153,3369,94,11485,4.671488049246989,4.675735476015308,0.09141578470305488,4.499738057622653,4.776960185536769,0.13114113677530348,25,6.1924473588748,,0,4.0,1.6094379124341003
1550_CHCHD3_P1P2_ENSG00000106554,CHCHD3,ENSG00000106554,3574,44,11485,3.292161749525456,3.292740459346734,0.07234821790641745,3.1888524347191645,3.407453093688081,0.11642597246961905,25,3.8088751455241967,,0,166.0,5.117993812416755
1551_CHCHD4_P1P2_ENSG00000163528,CHCHD4,ENSG00000163528,1520,137,11485,2.0612729925060727,2.018109588438043,0.13807553833255137,1.711373456110983,2.1615864418515773,0.1309913745767859,25,3.6462630279731454,,0,1476.0,7.29776828253138
1560_CHD4_P1P2_ENSG00000111642,CHD4,ENSG00000111642,5211,132,11485,3.8532634376241215,3.870037738165381,0.1305587914267062,3.7514355065817195,4.019483412289496,0.1688038937619294,25,5.539436558109685,,0,1844.0,7.520234556474628
1568_CHEK1_P1P2_ENSG00000149554,CHEK1,ENSG00000149554,5165,56,11485,2.2555508201993715,2.1702822389170624,0.4016655255857873,1.3710065398589233,2.6230014671571245,0.42913586107976354,25,2.918601667481771,,0,684.0,6.529418838262226
1570_CHERP_P1P2_ENSG00000085872,CHERP,ENSG00000085872,7673,65,11485,0.2886038599211819,0.5364104279878381,0.5962032940722974,0.0,1.585950974677155,0.9098145112178088,25,1.1804879296425463,,0,1662.0,7.416378479192928
1583_CHMP3_P1P2_ENSG00000115561,CHMP3,ENSG00000115561,1126,36,11485,3.2027361385024267,3.2021232608571624,0.11945995683932592,3.017425119646924,3.362399364110951,0.12337480232567621,25,3.5157706241143587,,0,502.0,6.220590170099739
1587_CHMP5_P1P2_ENSG00000086065,CHMP5,ENSG00000086065,4001,72,11485,3.2787156679896072,3.284453064167831,0.1541446837674179,3.042251530532651,3.48645402077488,0.185675835347606,25,4.30761430611359,,0,551.0,6.313548046277095
1588_CHMP6_P1P2_ENSG00000176108,CHMP6,ENSG00000176108,7281,107,11485,2.319794063248967,2.294293449282557,0.1796252490251691,1.9801729511107364,2.4860327421240087,0.294182995611461,25,3.661495060065886,,0,2366.0,7.769378609513984
1589_CHMP7_P1P2_ENSG00000147457,CHMP7,ENSG00000147457,3682,68,11485,2.1773722147281664,2.178597194982588,0.08181010825131753,2.0626983038919793,2.305513338651099,0.07803951231773798,25,3.137716856128522,,0,288.0,5.666426688112432
1591_CHORDC1_P1P2_ENSG00000110172,CHORDC1,ENSG00000110172,5063,146,11485,2.741408753144339,2.6716173408375448,0.1832096134054403,2.317292556826376,2.8496003028334695,0.2766840319977808,25,4.367858627268944,,0,522.0,6.259581464064923
1604_CHTF18_P1P2_ENSG00000127586,CHTF18,ENSG00000127586,6454,120,11485,1.3402748342150665,1.2140473818532118,0.47937393349860813,0.5014100632151485,1.713730549205238,0.7665942523597725,25,2.8686536459837737,,0,474.0,6.163314804034641
1606_CHTOP_P1P2_ENSG00000160679,CHTOP,ENSG00000160679,560,147,11485,2.8222044473191517,2.8275649800819025,0.23337916562483924,2.377016309389,3.146804945939273,0.19206606383560354,25,4.548172169980317,,0,8.0,2.1972245773362196
1609_CIAO1_P1P2_ENSG00000144021,CIAO1,ENSG00000144021,1138,102,11485,2.73417177334539,2.6446535331860264,0.36812946192449947,1.8831266145166539,3.090134042666684,0.28842138809133777,25,4.131988462265334,,0,678.0,6.520621127558696
1610_CIAPIN1_P1P2_ENSG00000005194,CIAPIN1,ENSG00000005194,6680,99,11485,2.7286614142503733,2.717692278313357,0.17586637565656327,2.3599174306201216,2.9383536083963,0.2632482529422142,25,4.028501421006922,,0,1851.0,7.524021415206125
1614_CINP_P1P2_ENSG00000100865,CINP,ENSG00000100865,6118,41,11485,2.921329950075399,2.930402397039405,0.09643909188948671,2.785422031093492,3.0640439982223713,0.15035191731774455,25,3.3669542669522223,,0,916.0,6.821107472256465
1628_CKAP5_P1_ENSG00000175216,CKAP5,ENSG00000175216,4823,69,11485,2.0382643593203507,1.7816281319076241,0.6862931931633873,0.4511519341017658,2.546521749874659,0.8085791931634381,25,2.738801562350686,,1,2228.0,7.709308333385869
1629_CKAP5_P2_ENSG00000175216,CKAP5,ENSG00000175216,4823,104,11485,0.0,0.12513109439991385,0.3014781041947128,0.0,0.8948953905574042,0.034087092083030436,25,0.0,,0,0.0,0.0
1636_CLASRP_P1P2_ENSG00000104859,CLASRP,ENSG00000104859,7838,344,11485,1.0426761026560991,0.982456016167493,0.6338586077075362,0.0,1.7802305615326652,1.21787127907326,25,3.8254134656238326,0.33491666769638734,7,1188.0,7.080867896690782
1638_CLCC1_P1P2_ENSG00000121940,CLCC1,ENSG00000121940,448,94,11485,2.203248149618663,2.217765851408295,0.06531131368907825,2.144287518148684,2.339630286330913,0.06966011947093653,25,3.4792072958078815,,0,3.0,1.3862943611198906
1667_CLNS1A_P1P2_ENSG00000074201,CLNS1A,ENSG00000074201,5040,70,11485,3.601276750243202,3.5848141927951955,0.09475628619780249,3.4323401700031604,3.721374937276604,0.10268205067118608,25,4.543324492616123,,0,1226.0,7.112327444710911
1668_CLOCK_P1P2_ENSG00000134852,CLOCK,ENSG00000134852,2112,135,11485,2.2633616860776216,2.270368701253591,0.37663721945151923,1.7704946755603033,2.8147337591223103,0.6096166601288098,25,4.021328534798693,,0,54.0,4.007333185232471
1669_CLOCK_P1P2_ENSG00000134852,CLOCK,ENSG00000134852,2112,41,11485,1.990805865900958,2.0283921734610173,0.2501785174939425,1.6763201985530134,2.4704755745298,0.35486318602655387,25,2.5234586147249383,,0,0.0,0.0
166_ADRM1_P1P2_ENSG00000130706,ADRM1,ENSG00000130706,8171,85,11485,3.7200328681143437,3.687991291849453,0.17306624062645495,3.4275766744709832,3.964177889177728,0.22864996704530327,25,4.855050674584885,,0,120.0,4.795790545596741
1670_CLOCK_P1P2_ENSG00000134852,CLOCK,ENSG00000134852,2112,542,11485,2.2558354233511424,2.2169863055948182,0.3652303503846473,1.7321858390118579,2.670010738753003,0.5564622476565062,25,5.1726155352171395,1.1972876148519627,27,3651.0,8.20303024171486
1671_CLP1_P1P2_ENSG00000172409,CLP1,ENSG00000172409,4844,27,11485,1.2724406762496647,1.268808490509879,0.11179634536821442,1.126020180969786,1.445625526138824,0.11202605705173685,25,1.2807408855300197,,0,329.0,5.799092654460526
1672_CLPB_P1P2_ENSG00000162129,CLPB,ENSG00000162129,5016,82,11485,1.9151114596703855,1.8997388207921153,0.3018561923955223,1.4116797142920208,2.2261094824124106,0.4367313839713942,25,3.0885898488122256,,0,5.0,1.791759469228055
1677_CLSPN_P1P2_ENSG00000092853,CLSPN,ENSG00000092853,213,29,11485,2.5088386563104224,2.5038856865480317,0.12681667456807802,2.281312514852337,2.6964049874024987,0.13088113338479967,25,2.6212258495843423,,0,342.0,5.83773044716594
167_ADSL_P1P2_ENSG00000239900,ADSL,ENSG00000239900,8409,127,11485,3.114143300258084,3.1028988939342854,0.23060761929760842,2.768395985757669,3.3809081768785676,0.27117306410883657,25,4.70062602523736,,0,1.0,0.6931471805599453
1683_CLTC_P1P2_ENSG00000141367,CLTC,ENSG00000141367,7181,50,11485,3.6663761328270836,3.6351248781359358,0.1653448243887793,3.3088248670760425,3.8853863875525647,0.17472951611951126,25,4.335505202162502,,0,336.0,5.820082930352362
1692_CMC4_P1P2_ENSG00000182712,CMC4,ENSG00000182712,8732,122,11485,1.7454574026402876,1.593303112044067,0.6386728953916343,0.26165736152710295,2.2613664881678748,0.6742141220722409,25,3.155473523663436,,0,13.0,2.639057329615259
1694_CMPK1_P1P2_ENSG00000162368,CMPK1,ENSG00000162368,301,160,11485,3.389394719965235,3.3937418783405,0.13469359960116273,3.193698875644898,3.593871058912768,0.19561570506073522,25,5.191536295812544,,0,20.0,3.044522437723423
16_AATF_P1P2_ENSG00000275700,AATF,ENSG00000275700,7018,29,11485,3.3495027504171664,3.3481797506228617,0.05838042964752414,3.2555885707249823,3.423209717451208,0.09051522439757109,25,3.467703741307525,,0,831.0,6.723832440821209
1701_CMTR1_P1P2_ENSG00000137200,CMTR1,ENSG00000137200,2955,82,11485,1.228608427550762,1.285472247456938,0.38670380038936886,0.889868808470397,1.7712172105254833,0.5179834023827761,25,2.5356073827405727,,0,1050.0,6.957497370876951
1709_CNIH4_P1P2_ENSG00000143771,CNIH4,ENSG00000143771,800,104,11485,3.7389476756612927,3.7070110517384633,0.11225326387588938,3.497619960626506,3.8371680791686575,0.1803648715087478,25,5.082227599550853,,0,53.0,3.9889840465642745
1712_CNN2_P1P2_ENSG00000064666,CNN2,ENSG00000064666,7473,236,11485,3.710773521975954,3.704165073745545,0.1155021810953506,3.5568119344968063,3.869918836901534,0.20319772562122695,25,5.889814166102037,,1,4.0,1.6094379124341003
1714_CNOT10_P1P2_ENSG00000182973,CNOT10,ENSG00000182973,1561,91,11485,2.029442821481707,1.9128709309647616,0.3866065527796052,1.2585281023825967,2.352238021002354,0.4603181732466777,25,3.172063665443047,,0,316.0,5.75890177387728
1715_CNOT11_P1P2_ENSG00000158435,CNOT11,ENSG00000158435,1161,69,11485,1.9504720807056362,1.99204120290799,0.23207349628971582,1.6438946764090197,2.2936708736994875,0.4217184569858077,25,2.9871798235360516,,0,166.0,5.117993812416755
1716_CNOT1_P1P2_ENSG00000125107,CNOT1,ENSG00000125107,6690,99,11485,2.7362648959916607,2.7306187969614717,0.2114896234461261,2.3816155834102317,3.018536944188544,0.3346322719505683,25,4.061198744401607,,0,4314.0,8.36985260351753
1717_CNOT2_P1P2_ENSG00000111596,CNOT2,ENSG00000111596,5468,67,11485,2.6372625411446746,2.612582363019431,0.28877527234799405,2.207558090455149,2.9471826187394976,0.3536436886213532,25,3.530058078714868,,0,2619.0,7.8709295967551425
1718_CNOT3_P1P2_ENSG00000088038,CNOT3,ENSG00000088038,7923,59,11485,1.8680817028773156,1.7976991437835408,0.49273390855849175,0.9215525227937232,2.4680462015958557,0.7122180056145782,25,2.5891108135459135,,0,3199.0,8.070906088787819
1735_COA5_P1P2_ENSG00000183513,COA5,ENSG00000183513,1150,135,11485,2.4489254093629613,2.3427986148507274,0.2598024537744056,1.8294795745741406,2.6038460581658747,0.3607284255420855,25,4.027184595910081,,0,25.0,3.258096538021482
1737_COASY_P1P2_ENSG00000068120,COASY,ENSG00000068120,7072,63,11485,2.3431871576507497,2.259559843623938,0.28716044372845667,1.7836187544219229,2.672205830664893,0.40189973944353374,25,3.0409761434180185,,0,247.0,5.5134287461649825
1740_COG1_P1P2_ENSG00000166685,COG1,ENSG00000166685,7225,66,11485,1.5443705906750782,1.5474224389815898,0.1163822965024471,1.416588062231033,1.7594742762605409,0.1423711201533655,25,2.514570874617493,,0,973.0,6.881411303642535
1741_COG2_P1P2_ENSG00000135775,COG2,ENSG00000135775,831,40,11485,1.843217160655008,1.8496955781257016,0.08738280618768775,1.7343778952555975,1.9785838282675838,0.11774654300069387,25,2.2710248200982086,,0,279.0,5.634789603169249
1743_COG4_P1P2_ENSG00000103051,COG4,ENSG00000103051,6745,66,11485,2.240048791209198,2.276798791237669,0.24193341326893167,1.8711894985563353,2.6332410599765805,0.2591708568662936,25,3.2098424710642512,,0,1049.0,6.956545443151569
1745_COG6_P1P2_ENSG00000133103,COG6,ENSG00000133103,5741,96,11485,1.2296551252439218,0.9653565017052496,0.5065391155347397,0.036374763668974505,1.5310923227369,0.7277653357297067,25,2.3630085840123556,,0,59.0,4.0943445622221
1768_COMTD1_P1P2_ENSG00000165644,COMTD1,ENSG00000165644,4476,142,11485,2.272785503919042,2.276938271511549,0.17775473403758116,1.957611327861379,2.5263203247490997,0.23222596496853543,25,3.96708133635156,,0,413.0,6.025865973825314
176_AFG3L2_P1P2_ENSG00000141385,AFG3L2,ENSG00000141385,7356,85,11485,3.0837166954862343,3.056589552553809,0.11578675913918238,2.8828989555357905,3.1972557820099112,0.1399352258095905,25,4.199753590109797,,0,171.0,5.147494476813453
1770_COPA_P1P2_ENSG00000122218,COPA,ENSG00000122218,627,30,11485,0.9807817499801066,0.8489562269814753,0.3992207310336188,0.12386814984985195,1.3288804870471196,0.576985897369602,25,0.9465807001012034,,0,3.0,1.3862943611198906
1771_COPB1_P1P2_ENSG00000129083,COPB1,ENSG00000129083,4760,30,11485,2.272192168819223,2.286172498894599,0.22875963395323842,1.903424918100607,2.620829139041265,0.2027969787879691,25,2.4569200357819923,,0,792.0,6.675823221634848
1772_COPB2_P1P2_ENSG00000184432,COPB2,ENSG00000184432,1858,31,11485,1.88126273816217,1.889459290830758,0.294845403822173,1.452369525181086,2.31227250846159,0.3927571933833298,25,2.068894103172211,,0,21.0,3.091042453358316
1775_COPG1_P2_ENSG00000181789,COPG1,ENSG00000181789,1825,106,11485,0.0,0.3382969730202372,0.5319759430869949,0.0,1.4216345615020876,0.47925580243993693,25,1.3195045449423246,,0,3.0,1.3862943611198906
1778_COPS2_P1P2_ENSG00000166200,COPS2,ENSG00000166200,6235,49,11485,3.291392389528154,3.3083143373239245,0.15457367930688554,3.0887272614604946,3.503505949405553,0.21589230752196276,25,3.9355010520276594,,0,1090.0,6.994849985833071
1779_COPS3_P1P2_ENSG00000141030,COPS3,ENSG00000141030,6932,47,11485,3.3098331998196273,3.2880000247758066,0.1492399067498052,3.0807653143746707,3.493717607987588,0.2528685100198351,25,3.8730935133863063,,0,1069.0,6.975413927455952
1780_COPS4_P1P2_ENSG00000138663,COPS4,ENSG00000138663,2167,51,11485,2.0883276432345257,2.0991758534123095,0.3950009990255691,1.4291794482462299,2.533381142583586,0.5997960812290559,25,2.7741588037620377,,0,1447.0,7.277938572945661
1781_COPS5_P1P2_ENSG00000121022,COPS5,ENSG00000121022,3785,32,11485,3.0510896535152945,3.0601162017834067,0.15188093667018784,2.8711593121487,3.325675981559643,0.2052604919783123,25,3.235336455650208,,0,749.0,6.620073206530356
1782_COPS6_P1P2_ENSG00000168090,COPS6,ENSG00000168090,3470,55,11485,4.0290251241010955,4.033608053781307,0.08594681498726668,3.903528038590585,4.145276326530748,0.12369134964834538,25,4.802005503361617,,0,1710.0,7.444833273892193
1786_COPS8_P1P2_ENSG00000198612,COPS8,ENSG00000198612,1458,74,11485,3.4764798762838223,3.476471674748402,0.07513996991253216,3.3377201939728955,3.5864744285938523,0.0776940244186144,25,4.497765413813338,,0,1796.0,7.493873886783559
1787_COPZ1_P2_ENSG00000111481,COPZ1,ENSG00000111481,5383,123,11485,0.0,0.1652304355970695,0.34665509031113256,0.0,0.8958908729034508,0.09651951881679487,25,0.0,,0,1.0,0.6931471805599453
1791_COQ2_P1P2_ENSG00000173085,COQ2,ENSG00000173085,2168,195,11485,2.1773687863897524,2.085476800412719,0.2515516031111901,1.5681900139712759,2.35920851925676,0.259226470813108,25,4.091382002821399,,0,14.0,2.70805020110221
1793_COQ4_P1P2_ENSG00000167113,COQ4,ENSG00000167113,4208,41,11485,2.94367664113645,2.963425147069965,0.09697560770368814,2.843764830743724,3.1277820900088895,0.15803369787666277,25,3.39465815235036,,0,213.0,5.365976015021851
1794_COQ5_P1P2_ENSG00000110871,COQ5,ENSG00000110871,5621,78,11485,2.241491640899914,2.270170551013608,0.15378471047178446,2.082251336532908,2.4891635848138463,0.2736093151848973,25,3.315143289631068,,0,1.0,0.6931471805599453
1804_COTL1_P1P2_ENSG00000103187,COTL1,ENSG00000103187,6782,117,11485,4.5259302754412625,4.520917865879723,0.07554045977347411,4.419850773668108,4.626766081197068,0.1036866347308445,25,6.132109472652709,,0,357.0,5.8805329864007
1805_COX10_P1P2_ENSG00000006695,COX10,ENSG00000006695,6917,167,11485,1.3790794783461853,1.2871788494511776,0.28386171971896157,0.7585509988471736,1.5086394649366082,0.1528202294246015,25,3.2007750314851053,,0,23.0,3.1780538303479458
1806_COX11_P1P2_ENSG00000166260,COX11,ENSG00000166260,7160,116,11485,2.895319451778281,2.8917674262569113,0.11425317912721251,2.712450638497358,3.0365408909548033,0.15953913034348988,25,4.377623307604448,,0,1457.0,7.284820912568604
1808_COX15_P1P2_ENSG00000014919,COX15,ENSG00000014919,4555,48,11485,2.537495339295158,2.4914543554027353,0.13695057709381428,2.2712774001218787,2.6757644081829817,0.19086606651444527,25,3.0542667917732236,,0,165.0,5.111987788356544
1810_COX17_P1P2_ENSG00000138495,COX17,ENSG00000138495,1781,80,11485,3.3142141461592334,3.3096675192721166,0.11026954872997109,3.128582446731574,3.500163709942095,0.12629915741327968,25,4.452613138084811,,0,27.0,3.332204510175204
1815_COX5A_P1P2_ENSG00000178741,COX5A,ENSG00000178741,6346,193,11485,4.356835199555301,4.353785173927644,0.09382729456219155,4.217905757904216,4.489584665743942,0.14096707765254646,25,6.390353026304199,,1,17.0,2.8903717578961645
1816_COX5B_P1P2_ENSG00000135940,COX5B,ENSG00000135940,1147,84,11485,4.345268602869086,4.3365468437670165,0.07472579668835014,4.199690428516599,4.439425041672083,0.11280222195140066,25,5.565814402245448,,0,13.0,2.639057329615259
1819_COX6C_P1P2_ENSG00000164919,COX6C,ENSG00000164919,3852,132,11485,4.277356111919241,4.2522406997741236,0.07218780139411608,4.127947302675178,4.363330249317834,0.10765039821016842,25,5.892490175401614,,0,14.0,2.70805020110221
1822_COX7B_P1P2_ENSG00000131174,COX7B,ENSG00000131174,8605,70,11485,4.186526599979405,4.189627903056217,0.06770974692542568,4.070513423626964,4.302338626581976,0.040815985086132045,25,5.192247982835531,,0,4.0,1.6094379124341003
1823_COX7C_P1P2_ENSG00000127184,COX7C,ENSG00000127184,2510,176,11485,4.496109064587037,4.504570286428251,0.10623642686194804,4.332311388467077,4.66990004612938,0.13910982199665956,25,6.521948192151225,,0,13.0,2.639057329615259
182_AGBL5_P1_ENSG00000084693,AGBL5,ENSG00000084693,937,41,11485,1.8346600414711076,1.8293181200322834,0.07508800010615561,1.7194297121004714,1.9554741076524391,0.07811061377202755,25,2.301659387182294,,0,1430.0,7.266128779556451
1831_CPNE1_P1P2_ENSG00000214078,CPNE1,ENSG00000214078,8073,58,11485,3.489057493064763,3.4900411055758656,0.10683019611252868,3.3100600202521564,3.6416693539248524,0.13382182218579608,25,4.270002996472951,,0,530.0,6.274762021241939
1834_CPNE7_P1P2_ENSG00000178773,CPNE7,ENSG00000178773,6811,185,11485,2.1708223419141834,2.0988449556568836,0.1829753455093754,1.7205321403185303,2.270718400406921,0.18704413305803014,25,4.091178429584729,,0,385.0,5.955837369464831
1836_CPOX_P1P2_ENSG00000080819,CPOX,ENSG00000080819,1734,48,11485,2.2096470567565674,2.162952903796093,0.17120991651414758,1.9416928088133112,2.3907460690510045,0.3066766838427668,25,2.759774486718409,,0,0.0,0.0
1839_CPSF1_P1P2_ENSG00000071894,CPSF1,ENSG00000071894,3938,50,11485,1.6188245145872795,1.612692023764125,0.09410407075424572,1.476453394433914,1.752979286037268,0.10401091652947314,25,2.2860390265035297,,0,1941.0,7.571473648851271
1840_CPSF2_P1P2_ENSG00000165934,CPSF2,ENSG00000165934,6083,28,11485,3.0186924333890914,3.023837580191649,0.05543329730639028,2.9546699096381217,3.0994870320204266,0.07132822511638492,25,3.0661657175829244,,0,17.0,2.8903717578961645
1842_CPSF3_P1P2_ENSG00000119203,CPSF3,ENSG00000119203,891,188,11485,2.129659371477872,2.1020381892910724,0.3761071799362427,1.5328046597504512,2.64712625808115,0.5176692199349795,25,4.134710336081672,,1,2875.0,7.964155718840937
1843_CPSF4_P1P2_ENSG00000160917,CPSF4,ENSG00000160917,3462,32,11485,2.130821007054048,2.138405073041265,0.08065475786078811,2.0338183377505668,2.2398987532840238,0.11429114952596997,25,2.3190554259520963,,0,1105.0,7.00850518208228
1844_CPSF6_P1P2_ENSG00000111605,CPSF6,ENSG00000111605,5462,27,11485,2.8175257896376813,2.8139622265920767,0.06420455875052906,2.7195618146468568,2.9086916218880807,0.10111827118065886,25,2.8169197668782644,,0,1045.0,6.952728644624869
1856_CRCP_P1P2_ENSG00000241258,CRCP,ENSG00000241258,3378,91,11485,2.891197868637234,2.887459398123471,0.05638127458472257,2.8045244406906287,2.977370672923269,0.06582354594310269,25,4.122097973825928,,0,225.0,5.420534999272286
1874_CRKL_P1P2_ENSG00000099942,CRKL,ENSG00000099942,8302,37,11485,0.7463289011116466,0.8231509228022662,0.5023518903204602,0.14562388762315495,1.6567432356266878,0.8193453530397465,25,1.2836878778079732,,0,108.0,4.6913478822291435
1877_CRLS1_P1P2_ENSG00000088766,CRLS1,ENSG00000088766,8006,51,11485,2.3009522448218203,2.3166112606428153,0.21877573054200802,2.0041410733152847,2.701264983681934,0.19901997618521783,25,3.006150383466216,,0,9.0,2.302585092994046
1892_CSDE1_P1P2_ENSG00000009307,CSDE1,ENSG00000009307,486,57,11485,4.431783013354298,4.42386198649015,0.07000994870717002,4.317878207675076,4.528946807811028,0.11735028948059956,25,5.302251559775843,,0,325.0,5.786897381366708
1893_CSE1L_P1P2_ENSG00000124207,CSE1L,ENSG00000124207,8133,276,11485,3.4460019238882085,3.4095488585702487,0.12699709412889768,3.2339771072687635,3.5837840469817226,0.1798410668596402,25,5.694513643372241,2.4376364305467186,4,4017.0,8.29853954537488
1906_CSNK2B_P1P2_ENSG00000204435,CSNK2B,ENSG00000204435,2890,78,11485,3.9057078254403903,3.942199300992254,0.11843808368378783,3.7841653110061406,4.147841654786367,0.15797088210878263,25,5.044561000954443,,0,744.0,6.61338421837956
1915_CSTF1_P1P2_ENSG00000101138,CSTF1,ENSG00000101138,8153,119,11485,2.156302275095151,2.0658226209456756,0.37717411744585566,1.4207292028682645,2.517089131343634,0.39310367258407397,25,3.6419343450780852,,0,2436.0,7.798523053625206
1918_CSTF3_P1P2_ENSG00000176102,CSTF3,ENSG00000176102,4795,67,11485,2.4072152763777344,2.350158522907449,0.399419505933295,1.8029052759772453,2.8298639783570017,0.45552514569348146,25,3.2920833825672133,,0,1532.0,7.334981878871814
1919_CS_P1P2_ENSG00000062485,CS,ENSG00000062485,5407,105,11485,2.6853169412184896,2.684663282248384,0.17681175937642218,2.381542517022508,2.88785856445283,0.2670891649597258,25,4.096557374634484,,0,81.0,4.406719247264253
1924_CTBP2_P1P2_ENSG00000175029,CTBP2,ENSG00000175029,4655,97,11485,2.5563674338147453,2.4999270521516292,0.31978012234524344,1.955459478872245,2.882029425496494,0.44277232636145847,25,3.7613139222392875,,0,40.0,3.713572066704308
1939_CTNNBL1_P1P2_ENSG00000132792,CTNNBL1,ENSG00000132792,8095,80,11485,2.388789368054173,2.3339913834572545,0.22530109934446868,1.9283285853313583,2.6637120945419968,0.2928353743317915,25,3.4728450153752526,,0,522.0,6.259581464064923
1943_CTR9_P1P2_ENSG00000198730,CTR9,ENSG00000198730,4747,41,11485,2.57076685826312,2.5317598649219675,0.1885366654043712,2.230133060982539,2.778139656789212,0.25616030416815727,25,3.0227392605828536,,0,1558.0,7.351799869057777
1957_CTU2_P1P2_ENSG00000174177,CTU2,ENSG00000174177,6802,82,11485,1.6084767354278724,1.52246056823402,0.2963920227373595,0.9102158448287829,1.8156325328092833,0.23158419545018405,25,2.666488508352728,,0,757.0,6.630683385642372
1960_CUL1_P1P2_ENSG00000055130,CUL1,ENSG00000055130,3606,73,11485,2.830323321402844,2.7815511631469456,0.20496372172764174,2.410106122152616,3.0055951350191914,0.2503043213082341,25,3.8071329024712837,,0,584.0,6.371611847231857
1961_CUL2_P1P2_ENSG00000108094,CUL2,ENSG00000108094,4383,32,11485,2.8789791914360943,2.867346243483187,0.08321504031800354,2.7294536959041586,2.9802612933671564,0.09476591260077027,25,3.0611008043424333,,0,1270.0,7.147559271189454
1962_CUL3_P1P2_ENSG00000036257,CUL3,ENSG00000036257,1427,102,11485,3.589635097606669,3.5641010146772896,0.11424935715646731,3.3877132645069445,3.7129733812265764,0.1517147807322088,25,4.933176684729237,,0,2054.0,7.628031126930335
1971_CWC15_P1P2_ENSG00000150316,CWC15,ENSG00000150316,5072,74,11485,2.836486427481154,2.8182549582727376,0.362490632145315,2.2500713911526766,3.3423800250247724,0.3493069869594674,25,3.931480591866614,,0,1900.0,7.550135342488429
1973_CWC25_P1P2_ENSG00000273559,CWC25,ENSG00000273559,7031,31,11485,2.03965446578349,2.04273078281969,0.07505991085078402,1.9460777088947059,2.2016651814342403,0.0436211216890765,25,2.1766948267093107,,0,275.0,5.62040086571715
1976_CWF19L2_P1P2_ENSG00000152404,CWF19L2,ENSG00000152404,5091,58,11485,1.9175890651218337,1.912097730777658,0.07097251351219126,1.827769630182256,2.0131785220507354,0.10464131311681402,25,2.706617556881472,,0,893.0,6.795705775173515
1979_CXXC1_P1P2_ENSG00000154832,CXXC1,ENSG00000154832,7411,93,11485,2.039650525538847,1.9076997007362013,0.2596626623185093,1.537960957090299,2.186465717110495,0.44704745155593417,25,3.251500338320925,,0,1456.0,7.284134806195205
1999_CYC1_P1P2_ENSG00000179091,CYC1,ENSG00000179091,3928,92,11485,3.5203288373265607,3.55834558430897,0.1775140425892746,3.3154435620082636,3.7905069558657027,0.33972809797100245,25,4.8382990012769564,,0,146.0,4.990432586778736
2000_CYCS_P1P2_ENSG00000172115,CYCS,ENSG00000172115,3294,120,11485,4.401807645215786,4.392361087326793,0.06140224215902846,4.270284217957487,4.454543897560009,0.060278319288481264,25,5.955566471054109,,0,4.0,1.6094379124341003
2001_CYFIP1_P1P2_ENSG00000273749,CYFIP1,ENSG00000273749,6147,27,11485,3.272947817728361,3.2748591480037277,0.03972156907703701,3.2030243978304447,3.3380624906693184,0.05637497724370766,25,3.28450985565301,,0,95.0,4.564348191467836
201_AHCTF1_P1P2_ENSG00000153207,AHCTF1,ENSG00000153207,871,79,11485,3.0031005818653185,2.9882764144076974,0.19090663208515765,2.6947370571419325,3.275321023514337,0.25752624777582556,25,4.0329316767997545,,0,558.0,6.326149473155099
2020_DAD1_P1P2_ENSG00000129562,DAD1,ENSG00000129562,5865,39,11485,4.267088205772686,4.270012014967431,0.10465419766497526,4.136178139169578,4.430063327820849,0.1774672479298136,25,4.767603358117178,,0,418.0,6.037870919922137
2025_DAP3_P1P2_ENSG00000132676,DAP3,ENSG00000132676,596,142,11485,3.1834983231807787,3.1828944011240696,0.09989980295183887,3.0806246138832196,3.321358295194608,0.153075588390859,25,4.830538519689185,,0,17.0,2.8903717578961645
2030_DARS_P1P2_ENSG00000115866,DARS,ENSG00000115866,1233,32,11485,3.3505864451197263,3.382866999475791,0.09001876632021782,3.2809229591257285,3.548426002346704,0.10556716633761631,25,3.588482317788671,,0,1253.0,7.134093721192866
2031_DAXX_P1_ENSG00000204209,DAXX,ENSG00000204209,2922,123,11485,2.4585995055026633,2.4951183104568204,0.3057367979097271,2.0798171483252768,3.0055925960316885,0.3989176451824381,25,4.109365421163659,,0,871.0,6.77078942390898
2036_DBF4_P1P2_ENSG00000006634,DBF4,ENSG00000006634,3424,87,11485,2.6917367304939956,2.712841814670674,0.11684144273262079,2.5466187191578227,2.888720855566183,0.15086136955507357,25,3.950670852446548,,0,2.0,1.0986122886681096
2044_DBR1_P1P2_ENSG00000138231,DBR1,ENSG00000138231,1851,131,11485,1.2724406762496647,1.2810700034932958,0.1160336884833821,1.1062194357953636,1.462361507989719,0.1268614293197552,25,2.9496720019738945,,0,3052.0,8.023879992734878
204_AHCY_P1P2_ENSG00000101444,AHCY,ENSG00000101444,8058,89,11485,3.472438920447308,3.467579784513133,0.07353557365086304,3.3268887915230234,3.5696428535570486,0.048517152268916064,25,4.721319682538072,,0,2.0,1.0986122886681096
2058_DCAF6_P1P2_ENSG00000143164,DCAF6,ENSG00000143164,652,133,11485,2.677770869792159,2.654711792523145,0.20835382949158635,2.366425051280492,2.870522417934151,0.23809001390104267,25,4.273547750011135,,0,7.0,2.0794415416798357
2073_DCTN1_P1P2_ENSG00000204843,DCTN1,ENSG00000204843,1094,156,11485,2.53560896430871,2.3975363554100912,0.3370571184005226,1.7767731460039378,2.8061025433423907,0.4724594476914108,25,4.305320591497664,,0,3.0,1.3862943611198906
2074_DCTN2_P1P2_ENSG00000175203,DCTN2,ENSG00000175203,5427,102,11485,3.8881759070431827,3.878775052647212,0.060066576516191475,3.785007746589571,3.9603153177668804,0.06341607936225291,25,5.216559150982452,,0,1686.0,7.430707082545968
2075_DCTN3_P1P2_ENSG00000137100,DCTN3,ENSG00000137100,4011,159,11485,3.9118652615907457,3.87798142490631,0.11088974954282889,3.689520342832604,4.0468333466767,0.13082417826176762,25,5.702782130176158,,0,1922.0,7.56164174558878
2076_DCTN4_P1P2_ENSG00000132912,DCTN4,ENSG00000132912,2682,114,11485,2.114052622557215,2.0519172566095243,0.39323506655851037,1.3769309411609205,2.483928593945401,0.33364036508894035,25,3.602862847034487,,0,2275.0,7.730174795246222
2078_DCTN6_P1P2_ENSG00000104671,DCTN6,ENSG00000104671,3707,74,11485,2.882548296051997,2.8631305205650075,0.14851000713965018,2.594701200199896,3.025757567836835,0.19689455669889666,25,3.825786269167714,,0,1397.0,7.242797922793756
2083_DCUN1D5_P1P2_ENSG00000137692,DCUN1D5,ENSG00000137692,5086,87,11485,3.448930446586746,3.4711285845586013,0.12933938123059108,3.2884442724306107,3.687549908315795,0.13922897484007102,25,4.699221520865185,,0,2083.0,7.642044402873258
2087_DDB1_P1_ENSG00000167986,DDB1,ENSG00000167986,4861,42,11485,2.3700127792534302,2.3313459509492453,0.34525934212114484,1.780251366251198,2.807198240469823,0.3722829356543569,25,2.814434504216268,,0,1113.0,7.01571242048723
2088_DDB1_P2_ENSG00000167986,DDB1,ENSG00000167986,4861,83,11485,0.0,0.31082854295260537,0.5604356142041418,0.0,1.5181619391364904,0.3433477592793518,25,0.765335514076053,,0,0.0,0.0
2096_DDOST_P1P2_ENSG00000244038,DDOST,ENSG00000244038,107,58,11485,3.5253252763776635,3.521337473874975,0.11129127953660534,3.3337245467575842,3.69532761988242,0.1284795583479208,25,4.302836513054151,,0,578.0,6.361302477572996
20_ABCB10_P1P2_ENSG00000135776,ABCB10,ENSG00000135776,828,27,11485,0.8957158326553141,0.8242439101914649,0.22360458294499783,0.46693209926007895,1.0871355874096578,0.2751326803327262,25,0.8088996834801008,,0,518.0,6.251903883165888
2102_DDX10_P1P2_ENSG00000178105,DDX10,ENSG00000178105,5098,37,11485,1.8562599706522391,1.8335622061682704,0.3868926485084411,1.1599107367031556,2.3993380612965187,0.6185237406553976,25,2.230276262431092,,0,810.0,6.698268054115413
2103_DDX11_P1P2_ENSG00000013573,DDX11,ENSG00000013573,5290,95,11485,2.3199977469836894,2.2966125928918033,0.24706498536350543,1.819949761670387,2.5764640506538345,0.32716954195826453,25,3.5820792084270527,,0,2.0,1.0986122886681096
2104_DDX17_P1P2_ENSG00000100201,DDX17,ENSG00000100201,8395,179,11485,3.909070260034595,3.9166327413062705,0.1150607438502797,3.762003790124722,4.107534270243552,0.190219971777843,25,5.8481296919549,,0,365.0,5.902633333401366
2106_DDX19A_P1P2_ENSG00000168872,DDX19A,ENSG00000168872,6743,400,11485,2.203248149618663,2.110718377624175,0.2800532511637287,1.8058808998357803,2.3162464947188304,0.22716804825480352,25,4.805219179224508,1.069067939045536,10,90.0,4.51085950651685
2107_DDX19B_P1_ENSG00000157349,DDX19B,ENSG00000157349,6742,251,11485,1.7998316748238743,1.6900043122889292,0.2823873604873708,1.2064291668844735,1.9207551938570313,0.2292687369134936,25,4.014796173316693,,2,1.0,0.6931471805599453
2108_DDX19B_P2_ENSG00000157349,DDX19B,ENSG00000157349,6742,118,11485,0.5871079490805909,0.7223129116699298,0.6944218238495158,0.0,1.8397811319263142,1.3116220513211063,25,2.487795137425265,,0,4.0,1.6094379124341003
2109_DDX1_P1P2_ENSG00000079785,DDX1,ENSG00000079785,905,135,11485,3.4147692938543317,3.416699950258109,0.163456818095572,3.183433482031015,3.646085666337098,0.31975428233206404,25,5.063709686493334,,0,616.0,6.424869023905388
2110_DDX20_P1P2_ENSG00000064703,DDX20,ENSG00000064703,470,44,11485,2.039650525538847,2.042827994270097,0.07851403484362317,1.9143360098652529,2.1668527507909348,0.11640407267481745,25,2.562605134153799,,0,821.0,6.71174039505618
2111_DDX21_P1P2_ENSG00000165732,DDX21,ENSG00000165732,4432,28,11485,4.067575897062662,4.0714956207857345,0.05019460004691819,3.9978205940006992,4.150631173275164,0.06636883056563292,25,4.15600579652024,,0,1394.0,7.240649694255466
2112_DDX23_P1P2_ENSG00000174243,DDX23,ENSG00000174243,5326,184,11485,2.623554950341326,2.5429790949241178,0.27511876018118625,2.071054657521414,2.853236631240875,0.43135085477260615,25,4.453233668992819,,0,4205.0,8.344267356262645
2114_DDX27_P1P2_ENSG00000124228,DDX27,ENSG00000124228,8135,35,11485,2.414994724806777,2.4450857543956697,0.11530789290121089,2.32702668917836,2.688049510542581,0.15789623335425595,25,2.71613022197615,,0,978.0,6.88653164253051
2120_DDX41_P1P2_ENSG00000183258,DDX41,ENSG00000183258,2750,32,11485,2.2186346183939474,2.238581251475435,0.1273159638250564,2.0685342517765655,2.460550667655951,0.1669860329938162,25,2.4379266306549723,,0,1069.0,6.975413927455952
2121_DDX42_P1P2_ENSG00000198231,DDX42,ENSG00000198231,7202,118,11485,2.161365875384316,2.036344996237828,0.5678135351639346,0.8893054769960509,2.9217242407926096,0.4339268357067705,25,3.628255087856172,,0,1.0,0.6931471805599453
2122_DDX46_P1_ENSG00000145833,DDX46,ENSG00000145833,2611,84,11485,3.9463283047588016,3.9610723065620466,0.088498669341919,3.8423760210679645,4.093082940435206,0.12800782893586415,25,5.145714877803174,,0,2138.0,7.668093709082406
2123_DDX46_P2_ENSG00000145833,DDX46,ENSG00000145833,2611,141,11485,0.0,0.19227909590049222,0.3614463015643116,0.0,0.9956322115380692,0.38374434912821026,25,0.0,,0,0.0,0.0
2127_DDX51_P1P2_ENSG00000185163,DDX51,ENSG00000185163,5674,57,11485,1.4428412173830203,1.278652475187475,0.6403326733419745,0.005416690272166372,2.0655448533417164,0.6400595904334613,25,2.121218794324772,,0,832.0,6.725033642166843
2128_DDX52_P1P2_ENSG00000278053,DDX52,ENSG00000278053,7023,35,11485,2.914958494948808,2.905047701328449,0.1012054716098545,2.7614159425751414,3.0693458391879718,0.16878709628889732,25,3.1694761656178687,,0,1020.0,6.928537818164665
2129_DDX54_P1_ENSG00000123064,DDX54,ENSG00000123064,5593,32,11485,2.9628746508225703,2.9653229035472024,0.09261282927328532,2.841108698133051,3.0955225986155197,0.16162492511360638,25,3.147277282409707,,0,1135.0,7.035268599281097
2130_DDX54_P2_ENSG00000123064,DDX54,ENSG00000123064,5593,88,11485,0.0,0.24480565238976582,0.38754049088345904,0.0,0.9427133547051497,0.5112173857283002,25,0.0,,0,0.0,0.0
2131_DDX55_P1P2_ENSG00000111364,DDX55,ENSG00000111364,5655,78,11485,2.089543755701499,2.03366325406056,0.21601275046304386,1.6872978633244697,2.3067967893331764,0.3693304539132156,25,3.106395111145401,,0,1259.0,7.138866999945524
2132_DDX56_P1P2_ENSG00000136271,DDX56,ENSG00000136271,3344,28,11485,2.7395608254194017,2.734788732728682,0.0788193881552595,2.622898565487456,2.8865445228225384,0.08306824206519048,25,2.7902181055229733,,0,919.0,6.824373670043086
2133_DDX59_P1P2_ENSG00000118197,DDX59,ENSG00000118197,723,49,11485,0.0,0.41026981290059966,0.5200346920407614,0.0,1.3593143558569056,0.8187989776124658,25,0.816155695224557,,0,396.0,5.983936280687191
2134_DDX5_P1P2_ENSG00000108654,DDX5,ENSG00000108654,7208,203,11485,4.4926252971335385,4.497936013767236,0.07790239704700905,4.382869621656079,4.618495345275354,0.13023405206513683,25,6.617485151231915,,1,365.0,5.902633333401366
2155_DENR_P1P2_ENSG00000139726,DENR,ENSG00000139726,5643,79,11485,3.557529069067267,3.545665996244283,0.0606784136968564,3.441412136268057,3.618104190389277,0.07308730052038026,25,4.635259972522613,,0,225.0,5.420534999272286
2162_DERL2_P1P2_ENSG00000072849,DERL2,ENSG00000072849,6872,147,11485,3.236984613471085,3.213737555027695,0.16140932544582595,2.9517100912611087,3.4083629504474713,0.2774662512369832,25,4.923829285822449,,0,2105.0,7.652545692693921
2164_DESI1_P1P2_ENSG00000100418,DESI1,ENSG00000100418,8425,32,11485,3.0207963019587862,3.026977235214305,0.10531011231126113,2.8666178637482633,3.1686250533451386,0.1623713049389357,25,3.1879390259038973,,0,465.0,6.144185634125646
216_AIFM1_P1P2_ENSG00000156709,AIFM1,ENSG00000156709,8675,115,11485,2.5872819121483355,2.5077049779437495,0.16112101780318394,2.1909025072438606,2.6581586806871065,0.22218008576436254,25,3.993149280289118,,0,24.0,3.2188758248682006
2175_DGCR8_P1P2_ENSG00000128191,DGCR8,ENSG00000128191,8294,45,11485,1.7046822252269458,1.6240498662132818,0.337642044466723,1.069898418855611,2.0950183060124106,0.5993426911937638,25,2.1991000422662528,,0,1118.0,7.020190708311925
2186_DHDDS_P1P2_ENSG00000117682,DHDDS,ENSG00000117682,143,60,11485,1.7868869766492168,1.8602079421079794,0.23830474365768356,1.5666879277061918,2.198075496766343,0.4173413633702727,25,2.7474340067813587,,0,2721.0,7.909122183211411
2187_DHFR_P1P2_ENSG00000228716,DHFR,ENSG00000228716,2500,63,11485,2.254817273102688,2.180826825657414,0.3350625313410606,1.564579374024211,2.6013511119398327,0.41375866479024315,25,3.1568873134938906,,0,1.0,0.6931471805599453
2188_DHODH_P2_ENSG00000102967,DHODH,ENSG00000102967,6752,43,11485,0.0,0.3908517661335318,0.5243535415865657,0.0,1.5050035195545275,0.651259629188524,25,0.061946498347884627,,0,0.0,0.0
2189_DHODH_P1_ENSG00000102967,DHODH,ENSG00000102967,6752,141,11485,1.4288161752877007,1.440087704487103,0.0801111805472269,1.3402748342150665,1.5661338547601509,0.07300171465186689,25,3.1525216823835973,,0,3.0,1.3862943611198906
2190_DHPS_P1P2_ENSG00000095059,DHPS,ENSG00000095059,7625,77,11485,2.776261494684482,2.759063182035166,0.208481256966344,2.490772051296092,3.0602450290425325,0.306312333310768,25,3.8282769088937445,,0,138.0,4.9344739331306915
2203_DHX15_P1P2_ENSG00000109606,DHX15,ENSG00000109606,2063,82,11485,3.195548194535763,3.1980474795079754,0.10731125644049253,3.0250670487621827,3.308223269639196,0.1282047295319444,25,4.3154200441461255,,0,2582.0,7.8567067930958405
2204_DHX16_P1P2_ENSG00000204560,DHX16,ENSG00000204560,2870,73,11485,2.1457612113334097,2.1606759766672607,0.2080387928505082,1.8104211078692856,2.455321121009101,0.2762725289207135,25,3.152266014724353,,0,2688.0,7.896924656268864
2207_DHX30_P1_ENSG00000132153,DHX30,ENSG00000132153,1617,161,11485,0.7755248295297934,0.6446221949132783,0.6749642634466798,0.0,1.6588020623782884,1.2096706468106595,25,1.7190348714461763,,0,53.0,3.9889840465642745
2209_DHX33_P1P2_ENSG00000005100,DHX33,ENSG00000005100,6871,45,11485,2.1653526296275363,2.154860305109948,0.16510330320376804,1.8778506612952564,2.3874990324666565,0.23752035496223778,25,2.6826959537821566,,0,955.0,6.862757913051401
2212_DHX36_P1P2_ENSG00000174953,DHX36,ENSG00000174953,1892,72,11485,3.6012768544400378,3.60058092140465,0.05978891652695149,3.5157818770469027,3.7003870792458033,0.06730928730826591,25,4.609074589669037,,0,1571.0,7.360103972989152
2213_DHX37_P1P2_ENSG00000150990,DHX37,ENSG00000150990,5664,40,11485,1.6290808019756622,1.6155423032974654,0.0887947728613313,1.4903536630700573,1.711793331525517,0.04121168560387978,25,2.0415228889158383,,0,982.0,6.890609120147166
2217_DHX8_P1P2_ENSG00000067596,DHX8,ENSG00000067596,7091,95,11485,1.4294001114242088,1.251269418532425,0.6674885222427825,0.0,2.1469523725170125,0.7863386144276903,25,2.762905976046724,,0,4258.0,8.356789669923213
2218_DHX9_P1P2_ENSG00000135829,DHX9,ENSG00000135829,694,89,11485,3.763015879542062,3.743596928298108,0.11944469892628062,3.5729144813210945,3.896430848570522,0.17560907291829508,25,4.99189501317373,,0,95.0,4.564348191467836
2222_DICER1_P1P2_ENSG00000100697,DICER1,ENSG00000100697,6094,94,11485,2.700772597025413,2.696389935891568,0.06692877485256017,2.573502485723826,2.803653310467686,0.06380081786433589,25,3.957962601523533,,0,787.0,6.669498089857879
2226_DIMT1_P1P2_ENSG00000086189,DIMT1,ENSG00000086189,2439,36,11485,2.601090255415445,2.6151937353171313,0.10853481004439433,2.4757363963494465,2.7776096133457835,0.1255016880726303,25,2.9515837328143215,,0,964.0,6.872128101338986
2235_DKC1_P1P2_ENSG00000130826,DKC1,ENSG00000130826,8728,27,11485,3.1792267218227486,3.168283834922788,0.07795663103700191,3.050786583075326,3.2546041446186447,0.0912394743946967,25,3.190106586393967,,0,944.0,6.851184927493743
2238_DLD_P1P2_ENSG00000091140,DLD,ENSG00000091140,3524,76,11485,2.572771744904497,2.5643775481295834,0.1901080551598536,2.2595420610782777,2.8235660195259067,0.3126516417124465,25,3.601521027812874,,0,1774.0,7.4815557019095165
2251_DMAP1_P1P2_ENSG00000178028,DMAP1,ENSG00000178028,276,43,11485,2.4807851939769083,2.4831036657907193,0.050690990437933285,2.428371920297343,2.551599664333454,0.057911075296951164,25,2.964683736593892,,0,1651.0,7.409741954080923
2274_DNAJA1_P1_ENSG00000086061,DNAJA1,ENSG00000086061,3997,138,11485,4.2204670352031,4.219019570076044,0.07931548042329749,4.100322189830032,4.3356726461021164,0.07485402591939483,25,5.8798435262068,,0,13.0,2.639057329615259
2275_DNAJA1_P2_ENSG00000086061,DNAJA1,ENSG00000086061,3997,38,11485,2.0545687759929985,2.0723216535707834,0.2511115039202733,1.7454669542554273,2.4187988212231213,0.3539906614569026,25,2.3150389051430764,,0,3.0,1.3862943611198906
2277_DNAJA3_P1P2_ENSG00000103423,DNAJA3,ENSG00000103423,6510,158,11485,2.3373275362284667,2.2567113029801753,0.2270443502323154,1.7799326766978907,2.486035019917214,0.3250711600541387,25,4.061422714159885,,0,176.0,5.176149732573829
2286_DNAJC11_P1P2_ENSG00000007923,DNAJC11,ENSG00000007923,45,89,11485,2.3020433495964574,2.286515854820713,0.13960233573049396,2.0739794996954544,2.453207647510416,0.21966058908001518,25,3.4547116226594357,,0,6.0,1.9459101490553132
2291_DNAJC17_P1P2_ENSG00000104129,DNAJC17,ENSG00000104129,6188,73,11485,1.9255809831301323,1.9264743083967126,0.07689155783638006,1.7870705516170007,2.025027749619541,0.0873808413414785,25,2.9708703403947547,,0,2597.0,7.862497197230545
2292_DNAJC19_P1P2_ENSG00000205981,DNAJC19,ENSG00000205981,1941,127,11485,3.206768554688321,3.1749930237166293,0.15159800126272688,2.883593312342565,3.3261504232982437,0.18674539509680033,25,4.792255266865851,,0,2.0,1.0986122886681096
22_ABCB7_P1P2_ENSG00000131269,ABCB7,ENSG00000131269,8601,45,11485,1.708037589884098,1.6982368976906639,0.09986356494007348,1.5661338547601509,1.8515836879499528,0.17499415026860698,25,2.2423732559997487,,0,1227.0,7.113142108707088
2304_DNAJC8_P1P2_ENSG00000126698,DNAJC8,ENSG00000126698,162,153,11485,4.0828950048594645,4.071371916117421,0.10621562879658329,3.8610165701107353,4.212383585417241,0.12001874268223212,25,5.857577348817401,,0,170.0,5.14166355650266
2311_DNM1L_P1P2_ENSG00000087470,DNM1L,ENSG00000087470,5298,99,11485,3.5031491126407164,3.484876343961419,0.11352840536060597,3.314719072874365,3.639649263771344,0.14443843506408705,25,4.789213974970077,,0,10.0,2.3978952727983707
2312_DNM1_P1P2_ENSG00000106976,DNM1,ENSG00000106976,4204,319,11485,1.3402748342150665,1.1491171651288186,0.3771939599220164,0.37925951513046746,1.4409205494248098,0.3014209915689994,25,3.6760946292680154,0.10635723958329829,4,1.0,0.6931471805599453
2313_DNM2_P1P2_ENSG00000079805,DNM2,ENSG00000079805,7606,53,11485,2.543911862847832,2.5577663220707474,0.13712306305665625,2.3963359572555514,2.7679593240147993,0.21698846467615862,25,3.2630563587991714,,0,1031.0,6.939253946041508
2314_DNMT1_P1P2_ENSG00000130816,DNMT1,ENSG00000130816,7590,113,11485,3.8360103903887506,3.830035296501149,0.1267380383867614,3.638382884842963,4.013488615709543,0.21727800044468282,25,5.297356295067438,,0,1150.0,7.048386408721883
2328_DOHH_P1P2_ENSG00000129932,DOHH,ENSG00000129932,7516,120,11485,2.3830109947144695,2.3318578318393306,0.16367367236427624,2.0775962214234456,2.52117356168349,0.3042060070793089,25,3.822692926767067,,0,385.0,5.955837369464831
2334_DOLK_P1P2_ENSG00000175283,DOLK,ENSG00000175283,4223,121,11485,1.8086338684356684,1.8310120495026796,0.08620522504005575,1.7118292515817621,1.9476758266915497,0.15362423259316493,25,3.3754441129952197,,0,328.0,5.796057750765372
2338_DPAGT1_P1P2_ENSG00000172269,DPAGT1,ENSG00000172269,5146,62,11485,1.887702240715059,1.8475058953889607,0.2803850790443442,1.452920518655262,2.2223362300560763,0.330805466212599,25,2.76311996653105,,0,2172.0,7.6838639802564295
2347_DPH2_P1P2_ENSG00000132768,DPH2,ENSG00000132768,273,57,11485,1.555300494241925,1.5653747393799315,0.10946520731228038,1.4190324177903788,1.7602905664919752,0.12042025975994664,25,2.36945191462776,,0,781.0,6.661854740545311
2348_DPH3_P1P2_ENSG00000154813,DPH3,ENSG00000154813,1537,63,11485,2.767320352564955,2.75874250500786,0.1745088559815681,2.543626202808915,3.024985058160005,0.28865816594569305,25,3.6086731241371663,,0,276.0,5.6240175061873385
2350_DPH6_P1P2_ENSG00000134146,DPH6,ENSG00000134146,6169,127,11485,1.6084829989211435,1.4070603159859039,0.48147732217863703,0.327875181857601,1.8584583614936394,0.5581477463873963,25,3.0936879335318714,,0,4.0,1.6094379124341003
2353_DPM2_P1P2_ENSG00000136908,DPM2,ENSG00000136908,4199,89,11485,2.7864869232162137,2.7964366975228128,0.2138104116723213,2.4393052961973916,3.1055449230528698,0.2216887042863407,25,4.043190139236886,,0,32.0,3.4965075614664802
2366_DPY19L4_P1P2_ENSG00000156162,DPY19L4,ENSG00000156162,3833,188,11485,1.6790768556863713,1.6655956135610182,0.40084287702411503,0.9975251625646396,2.078288714079264,0.4399508797654976,25,3.7362161848307642,,0,273.0,5.6131281063880705
2369_DR1_P1P2_ENSG00000117505,DR1,ENSG00000117505,414,39,11485,3.020079986986403,3.02488368530282,0.12058050467676247,2.902175495209612,3.2445861311018502,0.1519576464291763,25,3.410456328954739,,0,563.0,6.335054251498059
2372_DRAP1_P1P2_ENSG00000175550,DRAP1,ENSG00000175550,4956,148,11485,4.576038073509414,4.554227346227339,0.10379448434816615,4.386011358890351,4.659289842967172,0.1279566463363624,25,6.391518381492932,,0,272.0,5.60947179518496
2373_DRG1_P1P2_ENSG00000185721,DRG1,ENSG00000185721,8355,130,11485,2.8783526705355085,2.863021065299213,0.08315686022377469,2.7267252755669387,2.964707254481484,0.13945337485687181,25,4.456760497884576,,0,48.0,3.8918202981106265
237_AKIRIN2_P1P2_ENSG00000135334,AKIRIN2,ENSG00000135334,3055,31,11485,2.681394276626754,2.696374861834516,0.08703410743096993,2.5744154968868367,2.8675450764429358,0.07715206013090059,25,2.844409136874413,,0,113.0,4.736198448394496
2382_DSN1_P1P2_ENSG00000149636,DSN1,ENSG00000149636,8088,40,11485,1.98560846543735,1.929379877268845,0.2686150752728871,1.476819170261794,2.3162444630627275,0.2745328615986089,25,2.3228871025575084,,0,533.0,6.280395838960195
2384_DSTYK_P1P2_ENSG00000133059,DSTYK,ENSG00000133059,746,269,11485,1.81843856263483,1.7130993497607025,0.42170599317753626,0.9053247438427153,2.1773798481865607,0.5059570022210518,25,4.045451469967215,,2,332.0,5.808142489980444
2389_DTL_P1P2_ENSG00000143476,DTL,ENSG00000143476,769,49,11485,2.3044056782437683,2.3179741681906894,0.18830645199374899,2.0178202031058845,2.592051224003575,0.2982209352323193,25,2.8696210994499243,,0,404.0,6.003887067106539
2394_DTYMK_P1P2_ENSG00000168393,DTYMK,ENSG00000168393,1481,107,11485,3.9632437311176014,3.955146953709882,0.08687528189121121,3.831830474052393,4.099574468552392,0.08490684211814647,25,5.395316485671929,,0,3.0,1.3862943611198906
2414_DUT_P1P2_ENSG00000128951,DUT,ENSG00000128951,6230,55,11485,4.044652585447612,4.034107506622752,0.0934247846413056,3.9152596098548473,4.145763450588933,0.10842937399346209,25,4.866019526202732,,0,484.0,6.184148890937483
2421_DYNC1H1_P1P2_ENSG00000197102,DYNC1H1,ENSG00000197102,6113,35,11485,4.013938348616326,3.9990957460927246,0.08137942693309556,3.8832623359698637,4.117170007342711,0.12357534550272353,25,4.347743898661899,,0,269.0,5.598421958998375
2422_DYNC1I2_P1P2_ENSG00000077380,DYNC1I2,ENSG00000077380,1279,60,11485,3.585792839513139,3.56777445549069,0.1398749738118184,3.344714483183324,3.7693606871438217,0.13888096065313293,25,4.3998394491406705,,0,1347.0,7.206377291472252
2426_DYNLL1_P1P2_ENSG00000088986,DYNLL1,ENSG00000088986,5619,69,11485,4.62999186916306,4.6307772617401755,0.06822908980050862,4.554121336848013,4.731907578078562,0.09348568090942333,25,5.867826006046945,,0,136.0,4.919980925828125
2427_DYNLL2_P1P2_ENSG00000264364,DYNLL2,ENSG00000264364,7172,219,11485,2.25442839506938,2.248954939262529,0.22185157856855584,1.8813517832165922,2.5465724873547972,0.32051714999139946,25,4.393362777474473,,0,283.0,5.648974238161206
2428_DYNLRB1_P2_ENSG00000125971,DYNLRB1,ENSG00000125971,8060,170,11485,1.6487996376365206,1.5133417864492233,0.6087765297437755,0.7012939396379663,2.488536469509363,0.777329557300815,25,3.396247238242129,,0,6.0,1.9459101490553132
2429_DYNLRB1_P1_ENSG00000125971,DYNLRB1,ENSG00000125971,8060,72,11485,3.5918539306847648,3.5867339584685825,0.13231907809378723,3.315264181485644,3.7421177985708236,0.1236852167285547,25,4.644817976957197,,0,1559.0,7.352441100243583
2443_E2F6_P1P2_ENSG00000169016,E2F6,ENSG00000169016,902,156,11485,1.3930662156075464,1.3354444551357454,0.5198854265606879,0.6755771194573064,2.016169555387368,0.8650912207230246,25,3.2224932683490715,,0,0.0,0.0
2446_E4F1_P1P2_ENSG00000167967,E4F1,ENSG00000167967,6484,51,11485,0.6519146535245826,0.6542287678474221,0.4853843095492971,0.0,1.4518346805556523,0.43427376804335377,25,1.2464428752714338,,0,996.0,6.904750769961838
2456_EBNA1BP2_P1P2_ENSG00000117395,EBNA1BP2,ENSG00000117395,263,43,11485,3.5656765002810737,3.5465666954654176,0.12041965498718614,3.3437080149969147,3.691376280879313,0.16908463632927528,25,4.090494699419198,,0,1272.0,7.149131598557407
2460_ECD_P1P2_ENSG00000122882,ECD,ENSG00000122882,4457,53,11485,2.319233185229078,2.291852938298346,0.32673349020987785,1.8801375854843723,2.858792731068933,0.4296967904833404,25,2.9124122699200217,,0,759.0,6.633318433280377
2475_EDC4_P1P2_ENSG00000038358,EDC4,ENSG00000038358,6718,96,11485,1.7456113095445116,1.5926197777197515,0.4480991289340128,0.6778387238942499,1.9554861318868422,0.5681481664628258,25,2.90144740219371,,0,884.0,6.785587645007929
2482_EEF1A1_P1P2_ENSG00000156508,EEF1A1,ENSG00000156508,3026,52,11485,3.4679090272242483,3.4519294192131458,0.23457980136454967,3.0530091758687172,3.753024585110108,0.38103688874718467,25,4.367601544507934,,0,23.0,3.1780538303479458
2484_EEF1B2_P1P2_ENSG00000114942,EEF1B2,ENSG00000114942,1374,87,11485,4.685703644096571,4.6806792322479795,0.04309273083400726,4.624748844806116,4.738436641590684,0.06455499880784199,25,6.178319771423469,,0,4.0,1.6094379124341003
2487_EEF1G_P1P2_ENSG00000254772,EEF1G,ENSG00000254772,4874,61,11485,4.705067287602128,4.682933464268699,0.043372382097028005,4.6190397344407605,4.733281671980385,0.07914910613126125,25,5.9134969699156485,,0,1257.0,7.1372784372603855
2489_EEF2_P2_ENSG00000167658,EEF2,ENSG00000167658,7523,47,11485,1.5026723473003538,1.4561109632562588,0.3808607903545095,0.9041676520283347,1.9968220249448712,0.6017678469382177,25,2.0915750365413506,,0,1.0,0.6931471805599453
2490_EEF2_P1_ENSG00000167658,EEF2,ENSG00000167658,7523,62,11485,4.6791116261442545,4.685916392360739,0.024791906078925764,4.651571770016743,4.727808649016843,0.03136181977925201,25,5.858853780497401,,0,2319.0,7.749322464660356
2491_EEFSEC_P1P2_ENSG00000132394,EEFSEC,ENSG00000132394,1819,35,11485,1.3270346806557392,1.3342117098780506,0.11900609303460156,1.1412735841664052,1.5284438920406085,0.11928070397202539,25,1.6588292004851557,,0,1175.0,7.069874128458572
2501_EFR3A_P1P2_ENSG00000132294,EFR3A,ENSG00000132294,3905,219,11485,2.620677507196021,2.63581662823198,0.17369949855310665,2.324872106863854,2.8679838884194635,0.25363568906915335,25,4.803816728334228,,1,65.0,4.189654742026425
2502_EFTUD2_P1P2_ENSG00000108883,EFTUD2,ENSG00000108883,7107,104,11485,2.7490129302116753,2.695393629139109,0.24593401003673604,2.244924836830937,2.9567131037466723,0.13670939947271865,25,4.0341918186348185,,0,2936.0,7.98514393119862
2508_EGLN2_P1_ENSG00000269858,EGLN2,ENSG00000269858,7806,162,11485,2.5774545068649166,2.5729877099564034,0.12879057933783436,2.3768677439963994,2.750318395175087,0.15276240891766735,25,4.405280719141275,,0,16.0,2.833213344056216
2521_EHMT2_P1P2_ENSG00000204371,EHMT2,ENSG00000204371,2900,174,11485,2.4912568540999414,2.474034395927834,0.12028200238470008,2.253502138518186,2.6009407641128273,0.09866131233295139,25,4.291127567651076,,0,2462.0,7.809135398120538
2527_EIF1AX_P1P2_ENSG00000173674,EIF1AX,ENSG00000173674,8505,62,11485,4.221008799348279,4.217976136849475,0.15130809503765888,3.984029930985377,4.432443411697665,0.23680861997211267,25,5.19218627993072,,0,1775.0,7.4821189235521155
2529_EIF1_P1P2_ENSG00000173812,EIF1,ENSG00000173812,7057,165,11485,4.591423723787521,4.589443177588741,0.07198519175172466,4.448741766795212,4.681510601363348,0.07088963894996336,25,6.596239665311586,,0,378.0,5.937536205082426
2535_EIF2B1_P1P2_ENSG00000111361,EIF2B1,ENSG00000111361,5656,102,11485,2.6228283432838135,2.649820122348736,0.16844486272240425,2.4076911447856935,2.9221284832933114,0.26206459567142426,25,4.059202016204392,,0,2121.0,7.660114319173928
2536_EIF2B2_P1P2_ENSG00000119718,EIF2B2,ENSG00000119718,6046,148,11485,2.649741984956225,2.6403445848771714,0.12111877982269752,2.3924237855546546,2.7784997361583135,0.1028338362402983,25,4.355261750752457,,0,4095.0,8.317766166719343
2537_EIF2B3_P1P2_ENSG00000070785,EIF2B3,ENSG00000070785,282,104,11485,2.5475809918980525,2.514534092402493,0.1267840174418415,2.258200758115965,2.6860864606337187,0.157064298975381,25,3.880105160771172,,0,3688.0,8.213110697596676
2538_EIF2B4_P1P2_ENSG00000115211,EIF2B4,ENSG00000115211,945,67,11485,1.751237382549724,1.7339649451459105,0.34915115872004127,1.1502683206151973,2.1158379603155044,0.4654324026159755,25,2.660915284294881,,0,4338.0,8.37539918579835
2539_EIF2B5_P1P2_ENSG00000145191,EIF2B5,ENSG00000145191,1948,116,11485,2.3223272668948476,2.333453320189493,0.151025733347965,2.12721101675837,2.531240709550661,0.19729263474867276,25,3.8487175263246027,,0,4491.0,8.410053315858335
2541_EIF2S1_P1P2_ENSG00000134001,EIF2S1,ENSG00000134001,6014,83,11485,3.659345471885053,3.657910690615597,0.1286660354716788,3.472013590095594,3.8175203031592786,0.2457524147462462,25,4.786068185772657,,0,5547.0,8.621192781434722
2542_EIF2S2_P1P2_ENSG00000125977,EIF2S2,ENSG00000125977,8057,39,11485,3.8671749240236846,3.868825690820032,0.09545545678264697,3.74134318794639,3.9719671765125333,0.10670765381409719,25,4.386956435192155,,0,2956.0,7.9919305198524775
2543_EIF2S3_P1P2_ENSG00000130741,EIF2S3,ENSG00000130741,8513,70,11485,3.6681720271892013,3.678928334559331,0.14599400056382714,3.4001863622986845,3.858234063527461,0.1959680868639122,25,4.609896171469756,,0,3509.0,8.163371316459912
2544_EIF3A_P1P2_ENSG00000107581,EIF3A,ENSG00000107581,4628,62,11485,4.3746157414806515,4.348296483280836,0.11690061037654262,4.153461114245448,4.527696417288633,0.15526524838694655,25,5.352567153244615,,0,1990.0,7.596392304064196
2545_EIF3B_P1P2_ENSG00000106263,EIF3B,ENSG00000106263,3239,123,11485,3.8225455952568224,3.7837374843719873,0.14823288413756452,3.5197035062740247,3.999056037668615,0.1825718497112634,25,5.332188358397508,,0,2797.0,7.936660155225426
2548_EIF3D_P1P2_ENSG00000100353,EIF3D,ENSG00000100353,8372,55,11485,4.049093371760078,4.051439168482545,0.11262239825599447,3.8505870766971357,4.227738387767891,0.158747115033961,25,4.794791162873219,,0,2558.0,7.847371836159788
2549_EIF3E_P1P2_ENSG00000104408,EIF3E,ENSG00000104408,3871,50,11485,4.3414290384537795,4.3391136072587075,0.08478089238633174,4.195170157841127,4.477276052997227,0.1036767430404355,25,5.081772519787723,,0,2118.0,7.6586995582682995
2553_EIF3I_P1P2_ENSG00000084623,EIF3I,ENSG00000084623,189,80,11485,4.262388361190595,4.253913387552195,0.10618197226315523,4.096941384278813,4.39864538676449,0.10028583122459356,25,5.3954717388290225,,0,2162.0,7.679251425953058
2554_EIF3J_P1P2_ENSG00000104131,EIF3J,ENSG00000104131,6222,66,11485,3.580791046634233,3.5990613532035693,0.07168702846820393,3.5037063925448106,3.712563855298165,0.10480470477215542,25,4.544206229133585,,0,536.0,6.285998094508865
2556_EIF3L_P1P2_ENSG00000100129,EIF3L,ENSG00000100129,8386,120,11485,3.9482712808321594,3.9504407322780857,0.04340968126943003,3.884961445749319,3.9953301693068743,0.03912787576338639,25,5.4526303624509795,,0,157.0,5.062595033026967
2557_EIF3M_P1P2_ENSG00000149100,EIF3M,ENSG00000149100,4792,82,11485,3.8304896172418,3.8311567533656716,0.14412615834822767,3.5855723265981787,4.093065659548476,0.13507836305666476,25,5.000643544552639,,0,1581.0,7.366445148327599
2558_EIF4A1_P1P2_ENSG00000161960,EIF4A1,ENSG00000161960,6893,51,11485,4.672663514138148,4.67264178686889,0.04660094492008312,4.603756129773907,4.751891147028485,0.053004333168314766,25,5.652991205943418,,0,1169.0,7.064759027791802
2561_EIF4A3_P1P2_ENSG00000141543,EIF4A3,ENSG00000141543,7278,32,11485,2.1494331415447103,2.1785824736101094,0.18395579163231313,1.923216801030415,2.401745112026341,0.22157882861553002,25,2.3640032850335926,,0,780.0,6.660575149839686
2562_EIF4B_P1P2_ENSG00000063046,EIF4B,ENSG00000063046,5362,397,11485,4.288596559231162,4.284496046141469,0.08567581673028639,4.12227965022833,4.413123344163793,0.04894311744051638,25,6.969472562063029,3.4127407719613227,11,875.0,6.775366090936392
2567_EIF4E_P1P2_ENSG00000151247,EIF4E,ENSG00000151247,2191,66,11485,3.5840377191440407,3.5884849607460683,0.05443284136127358,3.5121766283213622,3.6639063706991877,0.07921674881033347,25,4.508972052481268,,0,1569.0,7.358830898342354
2568_EIF4G1_P1P2_ENSG00000114867,EIF4G1,ENSG00000114867,1956,77,11485,3.9833488041655145,3.99069974809906,0.12436815830798535,3.8184355690308296,4.182151321153942,0.13804633496323815,25,5.084827532801709,,0,1582.0,7.367077059881012
2569_EIF4G2_P1_ENSG00000110321,EIF4G2,ENSG00000110321,4748,128,11485,4.572227785539875,4.563752967154302,0.07930317849276165,4.458228668694068,4.685156404860508,0.13653982316721436,25,6.273236589674619,,0,913.0,6.81783057145415
2570_EIF4G2_P2_ENSG00000110321,EIF4G2,ENSG00000110321,4748,49,11485,3.636834798734433,3.6464368810405507,0.14866256304256187,3.4053781220162738,3.8798477355863183,0.1847411901776419,25,4.36111527597667,,0,10.0,2.3978952727983707
2573_EIF4H_P1P2_ENSG00000106682,EIF4H,ENSG00000106682,3395,169,11485,4.051025764471782,4.046343912967336,0.10865855792469724,3.8973342555760295,4.234286883520425,0.15695605775977084,25,5.910252993450997,,0,177.0,5.181783550292085
2576_EIF5A_P1P2_ENSG00000132507,EIF5A,ENSG00000132507,6886,65,11485,4.6596064078904424,4.648009765118875,0.04937062792948943,4.554744852351568,4.709117160504443,0.07052206202764744,25,5.859914842203498,,0,1726.0,7.454141078146678
2580_EIF6_P1P2_ENSG00000242372,EIF6,ENSG00000242372,8068,57,11485,4.392741794439373,4.392033299227388,0.04410494897996755,4.321717958538716,4.4650436866617955,0.03852594230687867,25,5.236741958361773,,0,1774.0,7.4815557019095165
2582_ELAC2_P1P2_ENSG00000006744,ELAC2,ENSG00000006744,6915,104,11485,2.4007883704186144,2.3374589908664656,0.2592235513228733,1.9153068984210206,2.6731056470542174,0.42121707893912674,25,3.7576200760326084,,0,794.0,6.678342114654332
2593_ELL_P1P2_ENSG00000105656,ELL,ENSG00000105656,7699,171,11485,0.8714114345078816,0.5611974083437826,0.518230204086667,0.0,1.1668031844925066,1.0044218325751175,25,2.4487864042338137,,0,2096.0,7.64826303090192
2599_ELOF1_P1P2_ENSG00000130165,ELOF1,ENSG00000130165,7619,154,11485,3.0987301290474716,3.0910895964775666,0.12470053906031749,2.8951040488574247,3.2807031254682304,0.1335919436077342,25,4.889112122779245,,0,1154.0,7.051855622955894
2600_ELOVL1_P1P2_ENSG00000066322,ELOVL1,ENSG00000066322,265,106,11485,3.4676758816511803,3.4612217232200306,0.14581324845009921,3.2567563677039457,3.647063596052952,0.2007681815653477,25,4.842169974970411,,0,5.0,1.791759469228055
2604_ELP2_P1P2_ENSG00000134759,ELP2,ENSG00000134759,7391,74,11485,2.552603075864912,2.512822104916974,0.1797664736017372,2.216039369284292,2.6998583561183334,0.2958730792963644,25,3.511865320089346,,0,856.0,6.75343791859778
2605_ELP3_P1P2_ENSG00000134014,ELP3,ENSG00000134014,3699,110,11485,1.2306514384029335,1.1903240337621175,0.4772698301551675,0.2030915177050155,1.752268914426783,0.6001487224765476,25,2.8608749495999595,,0,1886.0,7.54274354536855
2606_ELP4_P1P2_ENSG00000109911,ELP4,ENSG00000109911,4789,28,11485,1.0778478949272245,1.0648419067833725,0.12461854010096202,0.8684341988233174,1.2155452965064495,0.15689240309054509,25,1.0765725421275918,,0,275.0,5.62040086571715
2607_ELP5_P1P2_ENSG00000170291,ELP5,ENSG00000170291,6885,103,11485,2.3773859999672737,2.2370174580955866,0.26544592652048954,1.7558391728421943,2.5292868537781046,0.4084914086262392,25,3.647023831088082,,0,853.0,6.74993119378857
2608_ELP6_P1P2_ENSG00000163832,ELP6,ENSG00000163832,1615,84,11485,2.423765950294675,2.45279895097988,0.23672519204636622,2.0871755592479655,2.7945452892274827,0.29965587548314865,25,3.6319540517018596,,0,1172.0,7.067319848653476
2612_EMC3_P1_ENSG00000125037,EMC3,ENSG00000125037,1505,92,11485,2.4976921886887924,2.487973489274204,0.33356289617127466,1.8901135710366077,3.015971648940349,0.2981774395929566,25,3.767627848582895,,0,152.0,5.030437921392435
2613_EMC3_P2_ENSG00000125037,EMC3,ENSG00000125037,1505,61,11485,0.0,0.14733307733835502,0.3416513275069328,0.0,1.053137519115887,0.0,25,0.0,,0,75.0,4.330733340286331
2614_EMC4_P1P2_ENSG00000128463,EMC4,ENSG00000128463,6164,87,11485,3.583454734752365,3.5729183022084423,0.1293149517665624,3.3864853718493944,3.7640492670321715,0.16536713781837475,25,4.814757076170486,,0,99.0,4.605170185988092
2616_EMC7_P1P2_ENSG00000134153,EMC7,ENSG00000134153,6162,140,11485,3.591486453232157,3.5569044356996296,0.10257766645896599,3.352070166483539,3.6895705162472003,0.1429646397247808,25,5.249818506028795,,0,303.0,5.717027701406222
261_ALDOA_P1P2_ENSG00000149925,ALDOA,ENSG00000149925,6608,73,11485,2.1159641655351993,2.131049136613297,0.3043081038379291,1.5427201999771352,2.5664090687101084,0.37783177289663894,25,3.206047614626663,,0,1729.0,7.455876687491824
2640_ENO1_P1P2_ENSG00000074800,ENO1,ENSG00000074800,52,112,11485,4.711659611343914,4.699884269836843,0.033904381044752345,4.662909228511322,4.735188432045377,0.02955867447151217,25,6.391347245785683,,0,13.0,2.639057329615259
2654_ENY2_P1P2_ENSG00000120533,ENY2,ENSG00000120533,3874,87,11485,4.136862055509491,4.137844012071172,0.09781876656151628,4.036926036032138,4.288841573440843,0.11703906902080341,25,5.401465295855553,,0,2213.0,7.7025561132685825
2658_EP400_P1P2_ENSG00000183495,EP400,ENSG00000183495,5673,68,11485,1.9209741389875414,1.8071882491919968,0.5358735063798439,1.163126632964704,2.5242605702187766,0.5097249783906772,25,3.050414821602187,,0,1034.0,6.942156705699469
265_ALG13_P1P2_ENSG00000101901,ALG13,ENSG00000101901,8650,44,11485,2.4458465806707377,2.4424628928674808,0.1531988924193978,2.203926531523741,2.6563139378636564,0.2156375951063496,25,2.9547289545080364,,0,386.0,5.958424693029782
2660_EPB41L2_P1P2_ENSG00000079819,EPB41L2,ENSG00000079819,3134,129,11485,2.9601577742736542,2.940141973255602,0.1290742382208067,2.7277768517979917,3.0761673999382357,0.17551604345228755,25,4.5282316016589155,,0,818.0,6.70808408385307
266_ALG14_P1P2_ENSG00000172339,ALG14,ENSG00000172339,423,115,11485,1.7191509725487464,1.637854702245621,0.3926827716314636,1.030011294495336,2.136223910064278,0.5054504962660442,25,3.2639639914128966,,0,1200.0,7.0909098220799835
2678_EPRS_P1P2_ENSG00000136628,EPRS,ENSG00000136628,787,47,11485,3.949800196214174,3.924880262820656,0.09724316171354384,3.7254111587825522,4.047973256243289,0.11808404576818754,25,4.5165665142151195,,0,1714.0,7.44716835960004
2689_ERAL1_P1P2_ENSG00000132591,ERAL1,ENSG00000132591,6977,129,11485,2.059895696998561,2.0029639862398585,0.31845978522053653,1.5094292894451438,2.400749531992114,0.23158384145311084,25,3.6048025933435706,,0,15.0,2.772588722239781
268_ALG1_P1P2_ENSG00000033011,ALG1,ENSG00000033011,6521,82,11485,1.987709850324431,1.8744960903074042,0.2157519790900398,1.4678556434599879,2.0978562574140227,0.3187631686391901,25,3.0418389436042013,,0,207.0,5.337538079701318
2694_ERCC2_P1P2_ENSG00000104884,ERCC2,ENSG00000104884,7842,97,11485,1.8042962364555206,1.8037306465231333,0.33275200850662334,1.1987393921865788,2.2473609347278325,0.4395302450832621,25,3.1864329526983965,,0,1339.0,7.200424892944957
2695_ERCC3_P1P2_ENSG00000163161,ERCC3,ENSG00000163161,1208,30,11485,0.8649973362676935,0.9605259569854273,0.38141276398206403,0.4433904984271628,1.5426288230882272,0.5885012803491027,25,1.0670911059928545,,0,696.0,6.546785410760524
269_ALG2_P1P2_ENSG00000119523,ALG2,ENSG00000119523,4114,78,11485,2.0838549286148407,2.0419399709491133,0.21490268850882469,1.6638157052279745,2.327984797110811,0.32185435775031546,25,3.169222202483994,,0,1362.0,7.217443431696533
2707_ERH_P1P2_ENSG00000100632,ERH,ENSG00000100632,6021,34,11485,3.5383261200180476,3.544338389789146,0.145482440535694,3.336988820832385,3.774713892993072,0.17341845643559894,25,3.9003200699451575,,0,354.0,5.872117789475416
2730_ESF1_P2_ENSG00000089048,ESF1,ENSG00000089048,8014,71,11485,1.5980670987235381,1.4612106789754593,0.5005582497733064,0.6137472559132459,2.0947270114460244,0.7777633777148991,25,2.6339542979110853,,0,1.0,0.6931471805599453
2746_ESYT1_P2_ENSG00000139641,ESYT1,ENSG00000139641,5400,76,11485,1.1295099706018228,0.9131752653849483,0.6574948676671686,0.0,1.6967802917160608,1.3553232981573202,25,2.116037892336719,,0,582.0,6.368187186350492
2748_ESYT2_P1P2_ENSG00000117868,ESYT2,ENSG00000117868,3637,50,11485,2.370887081359534,2.4432221816921524,0.14310550001145153,2.2539864802004637,2.6692041511498266,0.263047912752314,25,3.1002550311755317,,0,953.0,6.860663671448287
2750_ETF1_P1P2_ENSG00000120705,ETF1,ENSG00000120705,2628,94,11485,3.6410589505362823,3.6193656213680185,0.148884434184803,3.3762283451675916,3.8235151538759005,0.1788663101397261,25,4.934488823248858,,0,3146.0,8.054204897064407
2774_EWSR1_P1P2_ENSG00000182944,EWSR1,ENSG00000182944,8333,116,11485,3.186394031412291,3.161709189967331,0.27814057035271955,2.7929480219501626,3.549220556500873,0.2597078549473055,25,4.640687006838842,,1,57.0,4.060443010546419
2778_EXOC1_P1P2_ENSG00000090989,EXOC1,ENSG00000090989,2114,48,11485,2.3253578020545667,2.313390909433375,0.1996248018588426,1.987300848253713,2.6057908222572035,0.31047367668491166,25,2.936702311562343,,0,880.0,6.78105762593618
2779_EXOC2_P1P2_ENSG00000112685,EXOC2,ENSG00000112685,2778,86,11485,1.8346600414711076,1.773020090973701,0.20728267783419274,1.4194309484205128,2.0057296800940545,0.36307296719498017,25,2.9881281360451175,,0,1418.0,7.257707677160043
2780_EXOC3_P1P2_ENSG00000180104,EXOC3,ENSG00000180104,2346,54,11485,2.0967780579515334,2.107123957977689,0.24967895858894976,1.7566725580906712,2.511946927185226,0.42784029647705935,25,2.883791428783167,,0,484.0,6.184148890937483
2781_EXOC4_P1P2_ENSG00000131558,EXOC4,ENSG00000131558,3575,29,11485,1.7341540779125773,1.7678194473448943,0.17412676121777568,1.5349957007054045,2.0844885854116373,0.19885587889335166,25,1.795736287590504,,0,467.0,6.148468295917647
2782_EXOC5_P1P2_ENSG00000070367,EXOC5,ENSG00000070367,5978,94,11485,3.1344411110185995,3.1194761390413976,0.11018177376205991,2.9198647680603456,3.2296055987470464,0.13799535733035073,25,4.358250709602428,,0,3007.0,8.00903068506973
2784_EXOC7_P1P2_ENSG00000182473,EXOC7,ENSG00000182473,7254,33,11485,2.230782238079156,2.236935228293295,0.09286708873162088,2.118915705584324,2.362790524893266,0.10478185380361538,25,2.478525375134791,,0,1888.0,7.543802867501509
2785_EXOC8_P1P2_ENSG00000116903,EXOC8,ENSG00000116903,836,46,11485,1.1387497403115034,1.129745660662939,0.12317073344144053,0.9639651057475052,1.2863427621139878,0.11148309909003418,25,1.706196322406186,,0,13.0,2.639057329615259
2788_EXOSC1_P1P2_ENSG00000171311,EXOSC1,ENSG00000171311,4539,48,11485,3.3009972901827047,3.3181337319070225,0.11883735016249848,3.127729807639705,3.508951763450163,0.14868616562330272,25,3.9060704878039396,,0,1176.0,7.0707241072602764
2789_EXOSC2_P1P2_ENSG00000130713,EXOSC2,ENSG00000130713,4238,45,11485,1.9419383769159344,1.9356976011905642,0.3360322856197514,1.5001370022494978,2.4467399370541645,0.6055082798992448,25,2.5171124558453544,,0,578.0,6.361302477572996
2790_EXOSC3_P1P2_ENSG00000107371,EXOSC3,ENSG00000107371,4038,60,11485,2.487558055558942,2.4328157776034156,0.26524190998361385,2.128777743537686,2.7350368211997966,0.2569149527316492,25,3.2594268582378656,,0,1468.0,7.292337176173877
2791_EXOSC4_P1P2_ENSG00000178896,EXOSC4,ENSG00000178896,3926,61,11485,2.418724100918955,2.341784932571952,0.22777854797382058,2.0147676316485765,2.5875580515226613,0.19307163737076127,25,3.218867204038361,,0,1539.0,7.3395376954076745
2792_EXOSC5_P1P2_ENSG00000077348,EXOSC5,ENSG00000077348,7811,64,11485,2.074830310639949,1.9627419523682024,0.29039016375523236,1.4707373193728073,2.2496906327729174,0.4503073901034744,25,2.915587293727173,,0,1551.0,7.347299700743164
2794_EXOSC7_P1P2_ENSG00000075914,EXOSC7,ENSG00000075914,1602,47,11485,2.5410304444056058,2.5592116944417787,0.17460638804800105,2.3162021004782076,2.8400907896413856,0.1867475340398732,25,3.1394096695148725,,0,1104.0,7.007600613951853
2795_EXOSC8_P1P2_ENSG00000120699,EXOSC8,ENSG00000120699,5735,47,11485,3.2522423189499783,3.2523217589272098,0.14729681559912836,3.0436025911298126,3.4486142786737473,0.18474988642093848,25,3.846373659864682,,0,972.0,6.880384082186005
2796_EXOSC9_P1P2_ENSG00000123737,EXOSC9,ENSG00000123737,2238,28,11485,2.8952641794778264,2.913888878791025,0.06958412576831231,2.8368896726606643,3.0244447314179554,0.12715821847738473,25,2.9816431106329757,,0,893.0,6.795705775173515
2812_F8A1_P1P2_ENSG00000277203,F8A1,ENSG00000277203,8730,85,11485,0.0,0.3348031027794671,0.5421966294263056,0.0,1.3135429951140996,0.5267349073028127,25,1.619928792305122,,0,0.0,0.0
2820_FAF2_P1P2_ENSG00000113194,FAF2,ENSG00000113194,2737,118,11485,2.9298565515004875,2.9140254513316752,0.1200091202555768,2.740283283525528,3.067059845346085,0.2031085824584773,25,4.4054676615919535,,0,137.0,4.927253685157205
2828_RAMAC_P1P2_ENSG00000169612,RAMAC,ENSG00000169612,6383,61,11485,1.1387497403115034,1.014723905270801,0.39941809157816927,0.434590626424877,1.5199210369840332,0.7348069275258099,25,2.0251892905108675,,0,1486.0,7.304515946460155
2852_FAM133B_P1P2_ENSG00000234545,FAM133B,ENSG00000234545,3438,33,11485,2.216588094111356,2.219668884409634,0.26738246886166445,1.8166230685448574,2.594277621050451,0.26752251936541294,25,2.42699959638597,,0,41.0,3.7376696182833684
2856_FAM136A_P1P2_ENSG00000035141,FAM136A,ENSG00000035141,1073,386,11485,3.65327637151435,3.6496761504381525,0.07860273798285386,3.5397979595631472,3.7580993576828474,0.12000559697978241,25,6.311186550615231,2.8412723198158183,9,19.0,2.995732273553991
2857_FAM136A_P1P2_ENSG00000035141,FAM136A,ENSG00000035141,1073,78,11485,3.547507732091704,3.5490887267393676,0.11866602278951326,3.379181556192869,3.721953788080884,0.10138650472484656,25,4.620324563622938,,0,8.0,2.1972245773362196
2858_FAM136A_P1P2_ENSG00000035141,FAM136A,ENSG00000035141,1073,64,11485,3.5903235959795015,3.562690104316179,0.1008853965810895,3.3833047316089995,3.7049170334066943,0.09829887937147719,25,4.451683888874095,,0,271.0,5.605802066295998
287_ALYREF_P1P2_ENSG00000183684,ALYREF,ENSG00000183684,7298,54,11485,3.0018709041907243,2.9673563927478908,0.30524670025335804,2.533518695400992,3.3685423934763308,0.49544907465793875,25,3.6618446480235756,,0,39.0,3.6888794541139363
2898_FAM207A_P1P2_ENSG00000160256,FAM207A,ENSG00000160256,8265,208,11485,2.8737843678984833,2.8447735506959106,0.293065230976013,2.2217031729617536,3.186615139908605,0.29102955035310707,25,4.887020469290142,,0,5.0,1.791759469228055
2905_PRXL2A_P1_ENSG00000122378,PRXL2A,ENSG00000122378,4489,70,11485,3.9471207841897367,3.9844702269350467,0.1357571572027318,3.790613987121773,4.190107352238935,0.1885999688334099,25,4.974632630779147,,0,322.0,5.777652323222656
2918_FAM32A_P1P2_ENSG00000105058,FAM32A,ENSG00000105058,7669,45,11485,3.235040556502406,3.249405328061901,0.07416773461532411,3.166718580453268,3.369196961440177,0.1062559523861748,25,3.7832544602073552,,0,1492.0,7.30854279753919
2925_FAM50A_P1P2_ENSG00000071859,FAM50A,ENSG00000071859,8720,123,11485,3.510143036744802,3.533219449058628,0.12852633306450884,3.352135651427562,3.7458376624814136,0.1543701791491019,25,5.127801218457809,,0,1275.0,7.151485463904735
2929_CCNQ_P1P2_ENSG00000262919,CCNQ,ENSG00000262919,8704,42,11485,2.210022542318367,2.1893907211346497,0.14376459633710287,1.9320938852510956,2.3766459167002414,0.16510732252987026,25,2.689681930257417,,0,928.0,6.834108738813838
2972_FARS2_P1P2_ENSG00000145982,FARS2,ENSG00000145982,2793,29,11485,0.7749153337975351,0.8534046979326338,0.29167748996054216,0.4597238075260457,1.405110491408456,0.2452597718988978,25,0.9368895855476276,,0,181.0,5.204006687076795
2973_FARSA_P1P2_ENSG00000179115,FARSA,ENSG00000179115,7635,60,11485,2.9893909325078294,2.9833921874195344,0.14275029510672985,2.7681520319003545,3.2395161554658123,0.1533492728424286,25,3.8280189075854962,,0,1942.0,7.57198844937744
2974_FARSB_P1P2_ENSG00000116120,FARSB,ENSG00000116120,1421,34,11485,1.6164079435578007,1.524233040647438,0.4390125496502715,0.893931148907905,2.0948555905311714,0.5564873581284417,25,1.8294309430008935,,0,739.0,6.606650186198215
2975_FASN_P1P2_ENSG00000169710,FASN,ENSG00000169710,7312,73,11485,2.278525599216284,2.247882530732952,0.20287398653343527,1.8808592754862317,2.482874066667682,0.23167248911872207,25,3.274453775508154,,0,540.0,6.293419278846481
2979_FASTKD5_P1P2_ENSG00000215251,FASTKD5,ENSG00000215251,7986,119,11485,1.1387598078225334,0.7947533698986724,0.6076962832177468,0.0,1.471289702747197,1.2300975472520042,25,2.436749248450983,,0,34.0,3.5553480614894135
2983_FAU_P1P2_ENSG00000149806,FAU,ENSG00000149806,4930,60,11485,4.425046994435284,4.402949819822815,0.13084952312694426,4.243407254804451,4.57259584384419,0.2054426389361268,25,5.5420129745553846,,0,1178.0,7.072421900537371
2987_FBLIM1_P1P2_ENSG00000162458,FBLIM1,ENSG00000162458,83,197,11485,2.6268389140492783,2.608295844012797,0.19902615895071982,2.282036112308073,2.8779627102394527,0.22640553086619786,25,4.61093574399861,,0,5.0,1.791759469228055
2989_FBRSL1_P1P2_ENSG00000112787,FBRSL1,ENSG00000112787,5676,81,11485,0.6464533158089055,0.6359519533668861,0.5477603646142389,0.0,1.4693456726251195,0.9762817650550569,25,1.5806640307834134,,0,1434.0,7.268920128193722
2_AAAS_P1P2_ENSG00000094914,AAAS,ENSG00000094914,5372,86,11485,2.117209447341591,2.0946969302600085,0.1871421794313172,1.7580045657073804,2.31153482075278,0.1817386778161305,25,3.3030262297975557,,0,0.0,0.0
3020_FBXO42_P1P2_ENSG00000037637,FBXO42,ENSG00000037637,87,117,11485,1.6593179761859818,1.54007750158062,0.24475155638052362,1.056034686097512,1.7656974690882619,0.28186764675702114,25,3.0291352057543803,,0,286.0,5.659482215759621
3021_FBXO42_P1P2_ENSG00000037637,FBXO42,ENSG00000037637,87,583,11485,1.6692253203456469,1.5044149410635728,0.30378447587627394,0.9997228589755112,1.7802315903655228,0.35467776484149094,25,4.640994099688653,0.742590475962455,31,341.0,5.834810737062605
3022_FBXO42_P1P2_ENSG00000037637,FBXO42,ENSG00000037637,87,183,11485,1.6692253203456469,1.5891564441107153,0.21228729713345978,1.2332422362938233,1.7656974690882619,0.10042412831377612,25,3.528588042408213,,0,39.0,3.6888794541139363
302_ANAPC11_P1P2_ENSG00000141552,ANAPC11,ENSG00000141552,7299,84,11485,3.671609441625611,3.688492679622159,0.18082740480929366,3.427347657321831,3.9566925803016475,0.22127212622073866,25,4.849493850863154,,0,645.0,6.470799503782602
3038_FBXW7_ENST00000281708.4_ENSG00000109670,FBXW7,ENSG00000109670,2286,203,11485,1.5588022997779902,1.4473278359972006,0.5106158989739266,0.5623661101309867,1.999762038925817,0.7786459587250787,25,3.6148290903432283,,2,179.0,5.19295685089021
303_ANAPC13_P1P2_ENSG00000129055,ANAPC13,ENSG00000129055,1843,116,11485,2.967857487244322,2.9593833308484445,0.16903064276876822,2.7826011333781855,3.1972472667025746,0.26400183832079893,25,4.4742069834036,,0,97.0,4.584967478670572
304_ANAPC15_P1P2_ENSG00000110200,ANAPC15,ENSG00000110200,5014,532,11485,0.1531722609186287,0.5300170192512795,0.6462696353647631,0.0,1.603144439439957,1.0849292498436844,25,3.0965363776075643,0.4319702228705119,26,2.0,1.0986122886681096
3050_FDPS_P1P2_ENSG00000160752,FDPS,ENSG00000160752,591,63,11485,3.8979788519182694,3.8959156902771275,0.06772254821468388,3.786176434901696,3.9835903903382825,0.1149123115679922,25,4.769517805167,,0,6.0,1.9459101490553132
3053_FDXR_P1P2_ENSG00000161513,FDXR,ENSG00000161513,7232,116,11485,1.8601366165048514,1.864668920738231,0.0792646543041263,1.7546819138230407,2.017298644053963,0.09281081615930353,25,3.3675551962024506,,0,28.0,3.367295829986474
3057_FEN1_P1P2_ENSG00000168496,FEN1,ENSG00000168496,4867,50,11485,2.9592679168790093,2.954810514315472,0.14921935073283826,2.7219172525585495,3.151933352236407,0.2177188564226311,25,3.6166071661856325,,0,387.0,5.961005339623274
306_ANAPC1_P1P2_ENSG00000153107,ANAPC1,ENSG00000153107,1179,76,11485,1.5505501167593416,1.506394762140012,0.4223063049413507,0.9576967801556061,2.157499260107419,0.6538265468922451,25,2.6716372653618676,,0,1061.0,6.967909201801884
309_ANAPC5_P1P2_ENSG00000089053,ANAPC5,ENSG00000089053,5629,40,11485,3.695646660797716,3.7052018799811424,0.03861875803664064,3.6531196592470927,3.776543972307386,0.05076205171265391,25,4.121007185576108,,0,709.0,6.565264970035361
3102_FKBP9_P1P2_ENSG00000122642,FKBP9,ENSG00000122642,3313,44,11485,1.87502804103656,1.8336171777263253,0.250678907212732,1.4314574777627032,2.1615831923971682,0.2654680134781664,25,2.289366713488169,,0,69.0,4.248495242049359
3124_FNBP4_P1P2_ENSG00000109920,FNBP4,ENSG00000109920,4836,116,11485,3.1691184628581923,3.1814056875074304,0.11316786184833562,3.030798055035847,3.343604769688382,0.1285976647624829,25,4.656729470841793,,0,1393.0,7.2399325913204695
3131_FNTA_P1P2_ENSG00000168522,FNTA,ENSG00000168522,3749,40,11485,2.524603663262872,2.482250089313553,0.1435484027461096,2.2085151402094865,2.646698384431885,0.1832695527164363,25,2.863814193383959,,0,1141.0,7.040536390215956
320_ANKLE2_P1P2_ENSG00000176915,ANKLE2,ENSG00000176915,5680,49,11485,3.541989623572471,3.5310492959152646,0.07098184795628887,3.4061158248079626,3.603294690904853,0.07720891615846615,25,4.138454910917436,,0,476.0,6.1675164908883415
3214_FTSJ3_P1P2_ENSG00000108592,FTSJ3,ENSG00000108592,7203,45,11485,2.340616177133153,2.348357905127478,0.24198504960414913,1.919389680614603,2.708518333261216,0.3078881176342372,25,2.9198957673220356,,0,2440.0,7.80016307039296
3220_FUNDC2_P1P2_ENSG00000165775,FUNDC2,ENSG00000165775,8731,44,11485,2.676717658065864,2.6784199489096414,0.13020825199384653,2.4821827938655097,2.8564734625360733,0.12424614959482438,25,3.153165046395981,,0,1779.0,7.484368643286131
3229_FXN_P1P2_ENSG00000165060,FXN,ENSG00000165060,4048,35,11485,1.5394803254005185,1.5550917093809704,0.21715676954076593,1.1674936210623998,1.8969827098505805,0.3242694519174911,25,1.8981577879773721,,0,845.0,6.740519359606223
3233_FYN_P1P2_ENSG00000010810,FYN,ENSG00000010810,3100,152,11485,2.7834079163113943,2.7441187644953056,0.16243358713366104,2.450793669631792,2.9423686566271523,0.2075274213488476,25,4.465343009223846,,0,1038.0,6.946013991099227
3253_GABPA_P1P2_ENSG00000154727,GABPA,ENSG00000154727,8200,67,11485,1.7178316128146676,1.4934914394934706,0.4905187561027917,0.5630335641442396,2.0087094077342202,0.7153326796611252,25,2.335444027126309,,0,1108.0,7.011213987350367
3254_GABPB1_P1P2_ENSG00000104064,GABPB1,ENSG00000104064,6238,48,11485,2.0323602908034966,2.045525498930229,0.09439888169203675,1.9078635384960232,2.1747472883802677,0.11573884109333887,25,2.635624667647038,,0,951.0,6.858565034791365
325_ANKRD11_P1P2_ENSG00000167522,ANKRD11,ENSG00000167522,6808,165,11485,4.220547863553817,4.20320216776342,0.11964729610822507,3.967674192145307,4.36778583976734,0.13755269899774447,25,6.0372876485954015,,0,580.0,6.364750756851911
3260_GAK_P1P2_ENSG00000178950,GAK,ENSG00000178950,2007,80,11485,1.7324246596537431,1.7056831081003037,0.38492746191953686,1.128832319080373,2.1566449296803287,0.5912280965567496,25,2.8107017373905943,,0,18.0,2.9444389791664403
3281_GAPDH_P1_ENSG00000111640,GAPDH,ENSG00000111640,5208,96,11485,4.573232855628339,4.563845495744939,0.06561915635685571,4.441914664910249,4.654956367967851,0.0830862706506581,25,6.192554038067045,,0,54.0,4.007333185232471
3282_GAPDH_P2_ENSG00000111640,GAPDH,ENSG00000111640,5208,35,11485,0.0,0.00043582640562754007,0.0021791320281377004,0.0,0.0,0.0,25,0.0,,0,0.0,0.0
3284_GAR1_P1P2_ENSG00000109534,GAR1,ENSG00000109534,2221,32,11485,2.1598896556933154,2.1484644669526722,0.18246849237542442,1.8810874530433215,2.44459717553018,0.25632870132184227,25,2.3450574126244637,,0,264.0,5.579729825986222
3285_GARS_P1P2_ENSG00000106105,GARS,ENSG00000106105,3308,120,11485,3.5162225636029523,3.532246962462811,0.17197508056073577,3.251496113176467,3.755505950197848,0.2407447942895038,25,5.021827162917959,,0,1705.0,7.441906728051625
3286_GART_P1P2_ENSG00000159131,GART,ENSG00000159131,8220,49,11485,2.9554084469239603,2.9955784863980246,0.1647268001184727,2.7435979492159324,3.2244911432716017,0.27228344005779803,25,3.611102278086547,,0,706.0,6.561030665896573
32_ABCE1_P1P2_ENSG00000164163,ABCE1,ENSG00000164163,2274,54,11485,3.753434295725467,3.738426374540058,0.12141876353904585,3.5258905098512714,3.877234324477055,0.1677147587355985,25,4.4859938677142,,0,2068.0,7.634820677745543
3308_GBF1_P1P2_ENSG00000107862,GBF1,ENSG00000107862,4580,100,11485,3.1177062115823224,3.078520848484124,0.14031296660445444,2.823835552591265,3.255913000320393,0.16509470162707895,25,4.392319109384923,,0,2940.0,7.9865049385539955
3319_GCLC_P1P2_ENSG00000001084,GCLC,ENSG00000001084,3012,198,11485,1.3790870583143797,1.2610504201422637,0.28479417486682296,0.6677377648456434,1.513028970270593,0.24073356685990266,25,3.370424968272454,,0,1.0,0.6931471805599453
332_ANKRD17_P1P2_ENSG00000132466,ANKRD17,ENSG00000132466,2137,35,11485,1.7943259925786814,1.6538535437521922,0.45911438415708006,1.212884835774787,2.142695717917401,0.5272172723947028,25,1.907617783319738,,0,726.0,6.588926477533519
3335_GEMIN4_P1P2_ENSG00000179409,GEMIN4,ENSG00000179409,6823,82,11485,1.456700612453546,1.3862344102918343,0.4488290313307944,0.664356486434673,1.8784120374061772,0.439182262201427,25,2.5995565506557505,,0,1752.0,7.469083884921234
3336_GEMIN5_P1P2_ENSG00000082516,GEMIN5,ENSG00000082516,2694,95,11485,2.190375198755268,2.1983290242480136,0.06615977988732155,2.0867172759748778,2.3127155830195543,0.07100816564569401,25,3.482546704788763,,0,2639.0,7.878534196140362
3337_GEMIN6_P1P2_ENSG00000152147,GEMIN6,ENSG00000152147,988,48,11485,2.5954658758086655,2.565906438944308,0.1733599787064991,2.262512890525948,2.7959662689870144,0.19473609774411482,25,3.181385321686971,,0,103.0,4.6443908991413725
3339_GEMIN8_P1P2_ENSG00000046647,GEMIN8,ENSG00000046647,8492,45,11485,1.2441017810693078,1.256785975511449,0.1070640581483334,1.0935784076147472,1.4017289416078613,0.14009361568502698,25,1.817264714177463,,0,644.0,6.4692503167957724
3342_GFER_P1P2_ENSG00000127554,GFER,ENSG00000127554,6474,69,11485,2.709886877290443,2.632346225256181,0.19554889811869486,2.321417916191703,2.8462438615150627,0.3210517236055561,25,3.5842188821506475,,0,507.0,6.230481447578482
3346_GFM1_P1P2_ENSG00000168827,GFM1,ENSG00000168827,1906,1699,11485,2.4053248310327575,2.37613517267952,0.12339600439863573,2.1938174731328224,2.520126236352995,0.18555158699564345,25,6.527858991623597,2.3770085381724764,56,831.0,6.723832440821209
3349_GFOD2_P1P2_ENSG00000141098,GFOD2,ENSG00000141098,6714,126,11485,1.8346600414711076,1.6881494721995034,0.2913792692606703,1.3707155335661634,2.071033915706538,0.43090482133812746,25,3.234041720695678,,0,1190.0,7.0825485693553
3358_GGPS1_P1P2_ENSG00000152904,GGPS1,ENSG00000152904,847,57,11485,1.4556932238587317,1.3482562670997456,0.5455516078297249,0.40923638834468473,1.9703428645667989,0.821144213399658,25,2.1071965021056154,,0,1157.0,7.05444965813294
3369_GINS1_P1P2_ENSG00000101003,GINS1,ENSG00000101003,8040,44,11485,1.1271302939332382,1.250045795116034,0.2646282675488171,0.9937236652864306,1.7058985481327011,0.45216239229295185,25,1.8617813344697052,,0,1167.0,7.0630481633881725
3370_GINS2_P1P2_ENSG00000131153,GINS2,ENSG00000131153,6787,59,11485,3.1097242239989904,3.1135587524261283,0.10439282191298493,2.930735285002332,3.263045959891034,0.14167838129613175,25,3.9096394273169586,,0,1375.0,7.226936018493289
3372_GINS4_P1P2_ENSG00000147536,GINS4,ENSG00000147536,3736,81,11485,1.9385196115548335,1.9340815643629758,0.261132256376256,1.5444970363882498,2.296022454020093,0.45489396784353264,25,3.147002869240109,,0,2447.0,7.803026643632217
3377_GIT2_P1P2_ENSG00000139436,GIT2,ENSG00000139436,5568,52,11485,1.6172366148249724,1.43253803189373,0.48324641276292507,0.5649671157075977,1.9612349352401546,0.4880847481806676,25,2.0604721713399337,,0,150.0,5.017279836814924
3385_GLB1_P1P2_ENSG00000170266,GLB1,ENSG00000170266,1562,45,11485,1.6967298787794265,1.6649319465181935,0.36275736961524013,1.0490889352325488,2.1697437722701736,0.3091969589576429,25,2.320390347494726,,0,25.0,3.258096538021482
3388_GLE1_P1P2_ENSG00000119392,GLE1,ENSG00000119392,4213,83,11485,1.50849453353694,1.4099502513707642,0.4119525913829742,0.6638713863968924,1.8683958700776087,0.4992248915123789,25,2.618623970345782,,0,1542.0,7.341483852363161
3394_GLI4_P1P2_ENSG00000250571,GLI4,ENSG00000250571,3915,62,11485,1.353359825042607,1.127899841699143,0.40428288068425844,0.4442015486488668,1.531097520405379,0.6637586418431833,25,2.0938738816759153,,0,1.0,0.6931471805599453
339_ANKRD39_P1P2_ENSG00000213337,ANKRD39,ENSG00000213337,1144,41,11485,2.211412886387893,2.241515900057136,0.13190673135588796,2.0822529000844554,2.435971531910926,0.23521062008062765,25,2.654277973941271,,0,24.0,3.2188758248682006
33_ABCF1_P1_ENSG00000204574,ABCF1,ENSG00000204574,2866,66,11485,3.4524995952337414,3.421467682973011,0.15630913302004773,3.1709753803499607,3.6104262073983473,0.22102719129422432,25,4.335360992633121,,0,1635.0,7.400009517162692
3403_GLRX3_P1P2_ENSG00000108010,GLRX3,ENSG00000108010,4664,83,11485,4.317519584156116,4.30719669785947,0.06906392828361403,4.20550898157643,4.398335249563369,0.11168378479561358,25,5.477275754549611,,0,118.0,4.77912349311153
3404_GLRX5_P1P2_ENSG00000182512,GLRX5,ENSG00000182512,6096,257,11485,3.8867568299419464,3.882050459551995,0.13359329630924283,3.65926353127307,4.06351857020384,0.20111386296289213,25,6.185357965237393,,2,18.0,2.9444389791664403
3424_GMPPB_P1P2_ENSG00000173540,GMPPB,ENSG00000173540,1643,101,11485,2.366056214487568,2.300442195811351,0.15380043014598008,2.0645282783904735,2.4860303081561637,0.246379927608261,25,3.6890306731294475,,0,6.0,1.9459101490553132
3445_GNL2_P1P2_ENSG00000134697,GNL2,ENSG00000134697,228,57,11485,2.360393513479073,2.370501383537533,0.2920723762123655,1.9336806853235766,2.88852735189916,0.43800246566155243,25,3.1080198436081017,,0,1381.0,7.231287004327616
3447_GNL3_P1P2_ENSG00000163938,GNL3,ENSG00000163938,1678,46,11485,3.0905240132964806,3.0680067440578846,0.2640402308477451,2.5996248384964353,3.4532099536010157,0.32196103839240875,25,3.619927990778193,,0,1143.0,7.042286171939743
3451_GNPNAT1_P1P2_ENSG00000100522,GNPNAT1,ENSG00000100522,5960,189,11485,3.2244199646580114,3.241749640598066,0.07352386268634009,3.15939442764938,3.339443621542445,0.10019590242537069,25,5.231952931077364,,1,7.0,2.0794415416798357
3471_GOLT1B_P1P2_ENSG00000111711,GOLT1B,ENSG00000111711,5262,148,11485,3.1309894601035198,3.1123780069435303,0.1752432810751435,2.8686127430399786,3.345665844849906,0.26477376679587694,25,4.858036963375219,,0,1229.0,7.114769448366463
3472_GON4L_P2_ENSG00000116580,GON4L,ENSG00000116580,597,53,11485,0.0,0.29120419865700536,0.48303506755646286,0.0,1.229253893860827,0.7097417390123587,25,0.5064461086054819,,0,2.0,1.0986122886681096
3473_GON4L_P1_ENSG00000116580,GON4L,ENSG00000116580,597,69,11485,2.3619958283477995,2.4032243103389006,0.22999434694526674,2.005396826940861,2.698897370461971,0.33529081609615385,25,3.3564452907468776,,0,642.0,6.466144724237619
348_ANKS6_P1P2_ENSG00000165138,ANKS6,ENSG00000165138,4112,264,11485,1.9095412042219413,1.8609076853054214,0.1614561239964031,1.529047787494828,2.0235526647367776,0.10674846772537272,25,4.23105800278357,,1,18.0,2.9444389791664403
34_ABCF1_P2_ENSG00000204574,ABCF1,ENSG00000204574,2866,91,11485,0.0,0.1907303010029109,0.39551705038133367,0.0,1.0395740193762302,0.0,25,0.0,,0,0.0,0.0
3501_GPKOW_P1P2_ENSG00000068394,GPKOW,ENSG00000068394,8557,42,11485,1.345539574144868,1.4282489098171516,0.28928377375950587,1.0624033588927055,1.883281649272767,0.5121855870997911,25,1.933651882281024,,0,2755.0,7.9215356321335495
3503_GPN2_P1P2_ENSG00000142751,GPN2,ENSG00000142751,147,38,11485,1.5529762907269211,1.5731683096717233,0.28739135072753635,1.1181532335234423,1.9846609685386882,0.48023411988069564,25,1.9528246007796413,,0,825.0,6.716594773520978
3504_GPN3_P1P2_ENSG00000111231,GPN3,ENSG00000111231,5575,36,11485,2.7457963954562175,2.7478347256050624,0.127258821525413,2.5706502786541425,2.9402962443378056,0.22278449522171018,25,3.0494940027846456,,0,622.0,6.434546518787453
3517_GPS1_P1P2_ENSG00000169727,GPS1,ENSG00000169727,7310,242,11485,2.996776802873265,2.95775297390787,0.20285298176359426,2.614064086050379,3.210314954706073,0.3170663997186236,25,5.198239537974295,,1,3202.0,8.071843149609158
3518_GPS2_P1P2_ENSG00000132522,GPS2,ENSG00000132522,6887,127,11485,3.0108328683587984,2.997243373307612,0.16527790371788897,2.717136371110159,3.236032475617728,0.14993215374836533,25,4.573716689610943,,0,92.0,4.532599493153256
3530_GRB2_P2_ENSG00000177885,GRB2,ENSG00000177885,7243,113,11485,1.744066616599814,1.6050779950113934,0.6756291557405764,0.4803118397733496,2.4440928505521486,0.7424154112012051,25,3.0757670118959357,,0,7.0,2.0794415416798357
3531_GRB2_P1_ENSG00000177885,GRB2,ENSG00000177885,7243,73,11485,1.9385230063919408,1.94650846930232,0.48500273344086703,1.0472503378003974,2.518197850395987,0.6897609114288454,25,3.013498637716994,,0,691.0,6.539585955617669
3541_GRPEL1_P1P2_ENSG00000109519,GRPEL1,ENSG00000109519,2045,101,11485,2.9028995753044256,2.900326186864681,0.2248707513908563,2.5817442107588575,3.2831318392745596,0.2110345703954386,25,4.313687171885742,,0,1925.0,7.563200592358071
3543_GRSF1_P1P2_ENSG00000132463,GRSF1,ENSG00000132463,2132,133,11485,3.442069042890449,3.4287312155248073,0.16068653085556872,3.1645733960731457,3.645041015897436,0.17662902314645823,25,5.062675923822067,,0,111.0,4.718498871295094
3545_GRWD1_P1P2_ENSG00000105447,GRWD1,ENSG00000105447,7871,71,11485,2.678106217391342,2.680291756028247,0.14430905582892609,2.4761611713385836,2.875495270254732,0.2318061267097069,25,3.695685513441648,,0,1241.0,7.124478262493424
3551_GSK3B_P1P2_ENSG00000082701,GSK3B,ENSG00000082701,1782,95,11485,2.1229629725656394,1.942696949841484,0.6061546998232585,1.056542745894467,2.5423027807838467,0.6349770332631208,25,3.4439452516481155,,0,621.0,6.432940092739179
3554_GSPT1_P1P2_ENSG00000103342,GSPT1,ENSG00000103342,6537,50,11485,4.106003295388984,4.087081898365707,0.08185867284211998,3.9105918092491487,4.176318091619375,0.08318700272902824,25,4.771226447585294,,0,1465.0,7.290292882446597
3566_GTF2A1_P1P2_ENSG00000165417,GTF2A1,ENSG00000165417,6066,40,11485,2.024180928551637,2.0497488384959626,0.3009341098969979,1.6897009116190262,2.54158763375688,0.3709931660063388,25,2.4127501684159123,,0,233.0,5.455321115357702
3567_GTF2A2_P1P2_ENSG00000140307,GTF2A2,ENSG00000140307,6272,63,11485,4.122147811402686,4.132443121429267,0.07770542903942533,4.019372636071893,4.273204320286871,0.07285664783932244,25,5.046436447551857,,0,332.0,5.808142489980444
3569_GTF2E1_P1P2_ENSG00000153767,GTF2E1,ENSG00000153767,1787,47,11485,0.7153914214611723,0.7757771069239857,0.4448467819984001,0.1616560503956792,1.3530493521371474,0.8151471753858899,25,1.4255434567479353,,0,883.0,6.784457062637643
3570_GTF2E2_P1P2_ENSG00000197265,GTF2E2,ENSG00000197265,3709,280,11485,2.4566803855125854,2.3223389597823374,0.430181849610823,1.6143300124494864,2.7268223802280365,0.28834668866266666,25,4.740526085336896,1.835740220044803,3,5270.0,8.569975376855206
3571_GTF2F1_P1P2_ENSG00000125651,GTF2F1,ENSG00000125651,7552,39,11485,2.8176783147289126,2.828481346136881,0.13857102909624863,2.6142025362985026,3.047395982113552,0.21404177474490638,25,3.1967168208795584,,0,29.0,3.4011973816621555
3572_GTF2F2_P1P2_ENSG00000188342,GTF2F2,ENSG00000188342,5754,64,11485,2.9533457156163747,2.9925194717458816,0.18526636895174203,2.705240982423959,3.2722519513563584,0.1818400721899307,25,3.900730806870757,,0,1559.0,7.352441100243583
"3575_GTF2H2_ENST00000274400.5,ENST00000330280.7_ENSG00000145736",GTF2H2,ENSG00000145736,2463,49,11485,1.7694407067563085,1.7716924873710074,0.29036090892007244,1.3588143175999783,2.237963363289454,0.33709900035466855,25,2.396783433052893,,0,801.0,6.687108607866515
3576_GTF2H3_P1P2_ENSG00000111358,GTF2H3,ENSG00000111358,5657,67,11485,2.8156909616728845,2.794783107769565,0.1239527783421122,2.5981607950192287,2.9655106258234385,0.18728779591211753,25,3.7303618143876838,,0,763.0,6.638567789166521
3577_GTF2H4_P1P2_ENSG00000213780,GTF2H4,ENSG00000213780,2878,57,11485,1.555300494241925,1.3889123281916094,0.3282101724786653,0.9514546970270332,1.7656939498698583,0.5920382831781845,25,2.226743938275752,,0,1265.0,7.143617602704121
3583_GTF3A_P1P2_ENSG00000122034,GTF3A,ENSG00000122034,5714,37,11485,4.092520353051369,4.082758755867926,0.06539660224553759,3.9680710294546113,4.16519412385444,0.10478853797019294,25,4.441429242677088,,0,1619.0,7.3901814282264295
3584_GTF3C1_P1P2_ENSG00000077235,GTF3C1,ENSG00000077235,6585,66,11485,2.931922017140275,2.943293939457541,0.07134128594204384,2.836965306293771,3.0549042539301334,0.07258094444977603,25,3.848118479408774,,0,2070.0,7.635786861395585
3585_GTF3C2_P1P2_ENSG00000115207,GTF3C2,ENSG00000115207,944,80,11485,1.6831407081373482,1.6347866232607762,0.4752553555948459,0.8975389523777467,2.1732723979783573,0.5316207893077622,25,2.8318742805557213,,0,1469.0,7.293017679772782
3586_GTF3C3_P1P2_ENSG00000119041,GTF3C3,ENSG00000119041,1335,71,11485,2.006625163009638,1.9837890351259135,0.27725719513498415,1.5565278494593338,2.3020456774304083,0.5429078004588641,25,2.999391507672621,,0,768.0,6.645090969505644
3587_GTF3C4_P1P2_ENSG00000125484,GTF3C4,ENSG00000125484,4250,942,11485,1.8674567221209388,1.6408426022600495,0.5726865949958042,0.6407199604727669,2.2583924549085372,0.9033379210526766,25,5.276179155603074,1.115230867097941,55,2305.0,7.743269700829004
3588_GTF3C5_P1P2_ENSG00000148308,GTF3C5,ENSG00000148308,4253,108,11485,2.1505266436238126,2.1486039773631656,0.266201096252775,1.7545721527242506,2.4891592482797353,0.4855324871197846,25,3.4518718047796946,,0,326.0,5.7899601708972535
3589_GTF3C6_P1P2_ENSG00000155115,GTF3C6,ENSG00000155115,3095,138,11485,4.10321857279305,4.096551174394221,0.07258185040703255,3.9832151025554827,4.190776850492975,0.12102577124856939,25,5.768669439952909,,0,151.0,5.0238805208462765
3594_GTPBP4_P1P2_ENSG00000107937,GTPBP4,ENSG00000107937,4307,56,11485,3.1409680317103907,3.0886455022568886,0.21910517698234952,2.6992967801761796,3.359646224466902,0.31402748188545226,25,3.7804050641160654,,0,366.0,5.905361848054571
3599_GUCD1_P1P2_ENSG00000138867,GUCD1,ENSG00000138867,8318,58,11485,1.5485048355250184,1.5021862176529746,0.40859896407450325,0.7200529820985493,1.9173789226030504,0.4748939690930154,25,2.384436104111039,,0,1930.0,7.565793282428515
3601_GUK1_P1P2_ENSG00000143774,GUK1,ENSG00000143774,821,138,11485,4.566089297738552,4.558601116104397,0.07058142691749313,4.436257620782153,4.636479183947371,0.10415463599444674,25,6.307443936150665,,0,17.0,2.8903717578961645
3605_GYG1_P1P2_ENSG00000163754,GYG1,ENSG00000163754,1875,294,11485,2.739481171828411,2.7185663441522006,0.17808311421353695,2.4786658567777637,2.991300166005181,0.22974305297294428,25,5.169492849546289,2.0693031677897653,3,687.0,6.5337888379333435
3614_H2AFX_P1P2_ENSG00000188486,H2AFX,ENSG00000188486,5145,109,11485,3.4190004174235233,3.415809666432034,0.10398092300351222,3.22034606051215,3.549440290612432,0.1419596519891,25,4.876126987347707,,0,1.0,0.6931471805599453
3616_H2AFZ_P1P2_ENSG00000164032,H2AFZ,ENSG00000164032,2196,274,11485,4.5571218696168,4.554575199763011,0.06799892006851875,4.463464778583824,4.640793578017746,0.08941885648087133,25,6.91600587757259,,2,721.0,6.582025138892826
3617_H3F3A_P1P2_ENSG00000163041,H3F3A,ENSG00000163041,810,137,11485,4.65823816332209,4.644456468576822,0.07363297671948288,4.545021516305985,4.73917593894262,0.09858510108087337,25,6.4744251466333935,,0,2.0,1.0986122886681096
3632_HARS_P1P2_ENSG00000170445,HARS,ENSG00000170445,2648,87,11485,3.2930927802705887,3.257126571862,0.1499472053261898,2.9695734975385184,3.428189358606915,0.18108018791506675,25,4.408813393769446,,0,2814.0,7.942717540573791
3634_HAUS1_P1P2_ENSG00000152240,HAUS1,ENSG00000152240,7398,49,11485,2.8615834098024724,2.898697657941546,0.12780060681947575,2.731270985479836,3.085968258370271,0.20876451956834785,25,3.53694874326987,,0,631.0,6.448889394146858
3636_HAUS3_P1P2_ENSG00000214367,HAUS3,ENSG00000214367,2019,40,11485,0.42352448545634075,0.5234949818024368,0.5135119797474481,0.0,1.3323975869384823,0.974165317606802,25,0.7451324201867121,,0,512.0,6.240275845170769
3637_HAUS4_P1P2_ENSG00000092036,HAUS4,ENSG00000092036,5872,155,11485,2.4218205748849546,2.3722410591947427,0.20069282065901056,1.9876161419601128,2.540521166655929,0.20322195953567013,25,4.102890236079934,,0,2317.0,7.748460023899697
3639_HAUS6_P1P2_ENSG00000147874,HAUS6,ENSG00000147874,3976,62,11485,3.0723812354771405,3.0593843988158858,0.09478664517817804,2.8981209467720475,3.1871248517338984,0.14536658979689232,25,3.9038208798704614,,0,615.0,6.423246963533519
3642_HAUS8_P1P2_ENSG00000131351,HAUS8,ENSG00000131351,7677,172,11485,1.6188245145872795,1.4401122842409009,0.3479904114270701,0.9251739499705866,1.8068734297133096,0.5780546379483724,25,3.393847842374625,,0,1363.0,7.218176838403408
3654_HBS1L_P1P2_ENSG00000112339,HBS1L,ENSG00000112339,3144,49,11485,2.9272903416862794,2.9596157691627827,0.18146608782313076,2.651714425764578,3.1953717159945088,0.3101220544938035,25,3.586007800378651,,0,296.0,5.6937321388027
3664_HDAC3_P1P2_ENSG00000171720,HDAC3,ENSG00000171720,2653,59,11485,2.7324638973070847,2.710587217733788,0.1335849796720584,2.4968259662482173,2.869692339324086,0.20131507547899785,25,3.4963112533910548,,0,431.0,6.068425588244111
3667_HDAC7_P1P2_ENSG00000061273,HDAC7,ENSG00000061273,5317,95,11485,1.9076931984866994,1.7873339640788524,0.5744701416169985,0.8201205670429181,2.4685799343998163,0.6306306165280877,25,3.1043296210756357,,0,1980.0,7.591357046698551
3683_HECTD1_P1P2_ENSG00000092148,HECTD1,ENSG00000092148,5904,86,11485,3.605709941322031,3.584987190602986,0.10878838224889961,3.3599693118524767,3.7465485982346767,0.11478348943542915,25,4.7390708736575435,,0,23.0,3.1780538303479458
3693_HERC1_P1P2_ENSG00000103657,HERC1,ENSG00000103657,6284,91,11485,2.1708228005443195,2.151687798403647,0.15989179021217562,1.8716606311188901,2.3303360321782995,0.2746514032420899,25,3.3822348014802404,,0,715.0,6.573680166960646
3710_HEXIM1_P1P2_ENSG00000186834,HEXIM1,ENSG00000186834,7111,50,11485,1.8744553665539612,1.851368447973404,0.2336710094899452,1.528242589030351,2.2457985769258437,0.36409659512949766,25,2.5640959961166367,,0,54.0,4.007333185232471
3716_HGS_P1P2_ENSG00000185359,HGS,ENSG00000185359,7292,46,11485,2.8971567749253,2.8404048428496806,0.1445423808770236,2.6122197189903305,3.0582940264580265,0.20293913836439836,25,3.3944373148730023,,0,675.0,6.516193076042964
3736_HIPK1_P1P2_ENSG00000163349,HIPK1,ENSG00000163349,482,70,11485,1.8768341557456096,1.7799840020239133,0.21727093686040191,1.4820049333359435,2.030894708808344,0.3926711107403318,25,2.791851789376967,,0,690.0,6.53813982376767
3740_HIRA_P2_ENSG00000100084,HIRA,ENSG00000100084,8285,107,11485,0.7950828657535762,0.9194850440255788,0.4935708174301745,0.3176884933161625,1.6104328439303919,0.8916690205581244,25,2.5691316474209582,,0,858.0,6.755768921984256
3741_HIRA_P1_ENSG00000100084,HIRA,ENSG00000100084,8285,137,11485,0.0,0.3037845101163946,0.5201881180947121,0.0,1.4840146292774585,0.4930913569577253,25,0.035329746615217116,,0,540.0,6.293419278846481
376_AP2M1_P2_ENSG00000161203,AP2M1,ENSG00000161203,1950,84,11485,3.9220644938160345,3.9058793373168914,0.1238431583928882,3.6551469931890113,4.073124204416936,0.13682216349777754,25,5.140290032872263,,0,1.0,0.6931471805599453
377_AP2M1_P1_ENSG00000161203,AP2M1,ENSG00000161203,1950,140,11485,4.571505374195919,4.569375549095172,0.06996615390527883,4.469138494096326,4.6786282259328305,0.09685303861063144,25,6.345617276577226,,0,166.0,5.117993812416755
378_AP2S1_P1P2_ENSG00000042753,AP2S1,ENSG00000042753,7858,67,11485,4.713979110978904,4.704441139526532,0.040223800077715484,4.640959974614152,4.757592997642214,0.06350432073953627,25,5.910146105662705,,0,46.0,3.8501476017100584
3802_HJURP_P1P2_ENSG00000123485,HJURP,ENSG00000123485,1454,120,11485,2.2498077411756316,2.2028902730581605,0.2815696876710177,1.6321603055647314,2.544549614378692,0.3526834505968761,25,3.779802644452876,,0,823.0,6.714170529909472
3809_HLA-C_P1P2_ENSG00000204525,HLA-C,ENSG00000204525,2881,67,11485,4.078198727325859,4.068300058920586,0.07582527693316393,3.940156527071876,4.19796476146121,0.07975753694426135,25,5.055677009953171,,0,1.0,0.6931471805599453
3825_HMGA1_P1P2_ENSG00000137309,HMGA1,ENSG00000137309,2930,71,11485,4.659625316094214,4.6427307132357525,0.07755066538095814,4.507623165631306,4.737976640299763,0.11324796621278033,25,5.9514733174637575,,0,218.0,5.389071729816501
3827_HMGB1_P1_ENSG00000189403,HMGB1,ENSG00000189403,5721,57,11485,1.3220871929511038,1.2492124479010367,0.4772761279228634,0.46394853907526845,1.8368076575756487,0.5769403129371173,25,2.07376777969383,,0,0.0,0.0
3828_HMGB1_P2_ENSG00000189403,HMGB1,ENSG00000189403,5721,76,11485,1.7618648579312512,1.816475882889231,0.7803887847477838,0.37289683605987867,2.7876048385090777,1.1281574462320527,25,2.868707498067252,,0,617.0,6.42648845745769
3830_HMGB3_P1P2_ENSG00000029993,HMGB3,ENSG00000029993,8699,93,11485,3.5249611152279225,3.524768847808748,0.08725747782185621,3.390044950499057,3.625513781206441,0.12943157159061558,25,4.785450773707858,,0,891.0,6.79346613258001
3832_HMGCR_P1P2_ENSG00000113161,HMGCR,ENSG00000113161,2480,45,11485,1.8517149567222129,1.8635048135604988,0.0964760315584123,1.7268322194699997,1.9846657352923058,0.1415770597678081,25,2.3829058200062843,,0,19.0,2.995732273553991
3833_HMGCS1_P1P2_ENSG00000112972,HMGCS1,ENSG00000112972,2407,259,11485,1.0736699893371249,1.0930514236005473,0.12060580291670844,0.8793539236714214,1.3081768674227017,0.06607747138334163,25,3.4419722653894724,,1,1144.0,7.0431599159883405
3835_HMGN2_P1P2_ENSG00000198830,HMGN2,ENSG00000198830,144,47,11485,4.510460733343941,4.529033053741055,0.052245101648223394,4.470552547992791,4.605658228943545,0.07977832351051806,25,5.236450411256916,,0,2.0,1.0986122886681096
3857_HNRNPA1_P1P2_ENSG00000135486,HNRNPA1,ENSG00000135486,5382,134,11485,4.66010328599744,4.6574411741457284,0.02913279055946495,4.604252046772281,4.699116379132444,0.03917135187989729,25,6.459341524059659,,0,421.0,6.045005314036012
3861_HNRNPC_P1P2_ENSG00000092199,HNRNPC,ENSG00000092199,5859,51,11485,4.541980986858112,4.549696794835816,0.060924491817633444,4.480548193437739,4.634792113933168,0.06520480862732292,25,5.408669229097077,,0,1560.0,7.353081920515432
3866_HNRNPH1_P1P2_ENSG00000169045,HNRNPH1,ENSG00000169045,2759,174,11485,3.5213573120691875,3.469787275096822,0.2172972094419833,3.0821210860421293,3.759549832539276,0.3216760911394285,25,5.361736754455374,,0,648.0,6.47543271670409
3869_HNRNPK_P1P2_ENSG00000165119,HNRNPK,ENSG00000165119,4072,88,11485,3.8812095864532923,3.8862109422710858,0.21424717626333192,3.5516679659198824,4.173147400669579,0.268035918452727,25,5.235281602609394,,0,2362.0,7.767687277186908
3871_HNRNPL_P2_ENSG00000104824,HNRNPL,ENSG00000104824,7778,69,11485,0.0,0.31288662831972275,0.4698871133988955,0.0,1.21847306493825,0.5720005446031189,25,0.6356978768673788,,0,0.0,0.0
3872_HNRNPL_P1_ENSG00000104824,HNRNPL,ENSG00000104824,7778,43,11485,2.6146859633113286,2.613390496920133,0.15841005624630086,2.3833581012815426,2.91614118089682,0.1281215444593462,25,3.125105567274327,,0,1300.0,7.170888478512505
3873_HNRNPM_P1_ENSG00000099783,HNRNPM,ENSG00000099783,7576,30,11485,3.8878572379403704,3.873079823820796,0.07249733751795502,3.787721135427699,3.9705471192724433,0.09598228541437948,25,4.07180391902508,,0,42.0,3.7612001156935624
3874_HNRNPM_P2_ENSG00000099783,HNRNPM,ENSG00000099783,7576,78,11485,0.6506844549766835,0.8170045506603612,0.7157801820427653,0.0,1.9100880904533346,1.3614400293970008,25,1.9024014187499987,,0,0.0,0.0
3875_HNRNPR_P1P2_ENSG00000125944,HNRNPR,ENSG00000125944,118,53,11485,4.48128540081267,4.491900740947732,0.0532935019636894,4.402611366561958,4.577413677609793,0.07166666822237744,25,5.287598174902675,,0,463.0,6.139884552226255
3878_HNRNPU_P1P2_ENSG00000153187,HNRNPU,ENSG00000153187,865,82,11485,4.163216692602251,4.182875790054644,0.11456733853075049,4.043539870836909,4.361837250475748,0.11358776896586154,25,5.381384248649407,,0,761.0,6.635946555686647
3935_HPS5_P1P2_ENSG00000110756,HPS5,ENSG00000110756,4768,39,11485,2.203259581241286,2.2263061638731507,0.08059693222892798,2.108928943261457,2.3431139860266064,0.09412560636355849,25,2.582352096305312,,0,309.0,5.736572297479192
3946_HSCB_P1P2_ENSG00000100209,HSCB,ENSG00000100209,8329,237,11485,1.7831970820220153,1.797081503084178,0.3258785139181712,1.3277531470737594,2.248564236663943,0.2908554256836995,25,3.9858929471038724,,1,2226.0,7.708410667257367
3948_HSD17B10_P1P2_ENSG00000072506,HSD17B10,ENSG00000072506,8565,848,11485,3.295943686818698,3.264287090579737,0.13093988553936825,3.0387504190858396,3.4390928616543133,0.10870541830383651,25,6.710738508188547,2.6646466512738183,50,384.0,5.953243334287785
3950_HSD17B12_P1P2_ENSG00000149084,HSD17B12,ENSG00000149084,4812,335,11485,3.21120907440334,3.149944479462008,0.1641213947757069,2.8901534624643412,3.3470711763649783,0.2908372512348989,25,5.702953324084457,2.3792432829412706,3,9.0,2.302585092994046
3969_HSP90B1_P1P2_ENSG00000166598,HSP90B1,ENSG00000166598,5536,144,11485,4.639831447668236,4.639063505876318,0.06762157390821913,4.522307931777869,4.742314128229917,0.06554307153369354,25,6.517185994727714,,0,544.0,6.300785794663244
3971_HSPA14_P1P2_ENSG00000284024,HSPA14,ENSG00000284024,4340,105,11485,1.7820307486790647,1.628231136784171,0.28780863681490715,1.106330542633847,1.8601441191750898,0.238547585983383,25,3.0306853764435524,,0,582.0,6.368187186350492
3978_HSPA5_P1P2_ENSG00000044574,HSPA5,ENSG00000044574,4183,75,11485,4.405636081054584,4.390942651677346,0.13580014495253678,4.191023897981987,4.574915722575454,0.20184175891184442,25,5.544776179710102,,0,2839.0,7.951559331155252
3979_HSPA8_P1P2_ENSG00000109971,HSPA8,ENSG00000109971,5156,148,11485,0.9921488148020396,1.0868389230634192,0.6915033317332104,0.03748843970911913,2.185343057317385,1.0129929951779986,25,2.5243426797650126,,0,30.0,3.4339872044851463
3980_HSPA9_P1P2_ENSG00000113013,HSPA9,ENSG00000113013,2629,113,11485,3.93619343154643,3.9270432825559425,0.16959024019073451,3.6511312325633987,4.109056315793912,0.28979431965248503,25,5.449867575295633,,0,2627.0,7.873978379604501
3985_HSPD1_P1P2_ENSG00000144381,HSPD1,ENSG00000144381,1340,42,11485,4.015475428464855,3.96249329005514,0.19790804170598553,3.6481274415458507,4.242662275583682,0.3313445627060081,25,4.619456221902465,,0,365.0,5.902633333401366
3986_HSPE1_P1P2_ENSG00000115541,HSPE1,ENSG00000115541,1341,102,11485,4.602998334920549,4.605029340581458,0.049062941245485645,4.531231162142297,4.679184337823403,0.07312172031057962,25,6.051082583513022,,0,2031.0,7.616775808698373
3990_HTATSF1_P1P2_ENSG00000102241,HTATSF1,ENSG00000102241,8690,61,11485,3.180180326338774,3.1489494024506333,0.14690085133818384,2.960535170599755,3.3227615492922205,0.20349708702198654,25,3.988000742956379,,0,139.0,4.941642422609304
3993_HUS1_P1P2_ENSG00000136273,HUS1,ENSG00000136273,3356,230,11485,1.7069816311186272,1.7192480585229268,0.3117105383604737,1.0433233499318604,2.0825344221141546,0.40534279909200244,25,3.833244067301186,,0,110.0,4.709530201312334
3994_HUWE1_P1P2_ENSG00000086758,HUWE1,ENSG00000086758,8566,77,11485,3.3852801731950852,3.39454190283103,0.14060309125725795,3.2273717562409456,3.591869390224292,0.20686965257155032,25,4.450593827116033,,0,1423.0,7.261225091971921
39_ABHD11_P1P2_ENSG00000106077,ABHD11,ENSG00000106077,3393,56,11485,2.2535496927491625,2.2643797741073,0.07855452951215333,2.161574723919159,2.4060817007579254,0.1106676671021205,25,3.0275021420289407,,0,50.0,3.9318256327243257
4000_HYOU1_P1P2_ENSG00000149428,HYOU1,ENSG00000149428,5142,65,11485,2.849984383176035,2.8675806084980833,0.12173750677855744,2.689812756137533,3.0280724011671305,0.20793358238793136,25,3.7942551085155305,,0,1102.0,7.005789019253503
4003_IARS2_P1P2_ENSG00000067704,IARS2,ENSG00000067704,789,86,11485,3.390380652075383,3.3853462618682384,0.10433133065216693,3.2261823425114913,3.52786679860718,0.17689877998660863,25,4.562530075642902,,0,1043.0,6.950814768442584
4004_IARS_P1P2_ENSG00000196305,IARS,ENSG00000196305,4087,36,11485,3.5762344942725983,3.582838828178024,0.11935199716013985,3.40909720736383,3.7602759456860553,0.16868002909866586,25,3.8698914921816954,,0,1560.0,7.353081920515432
4042_IFITM2_P1P2_ENSG00000185201,IFITM2,ENSG00000185201,4679,43,11485,2.8953088874943176,2.896713866775477,0.06075248000838765,2.8165413860397868,2.984464066433215,0.09015604027249191,25,3.3916133459350686,,0,1.0,0.6931471805599453
4043_IFITM3_P1P2_ENSG00000142089,IFITM3,ENSG00000142089,4680,55,11485,3.396657355303745,3.3990470869441207,0.09788118549911523,3.275136295333487,3.593877175410161,0.10422319939725,25,4.155006306960707,,0,1.0,0.6931471805599453
4061_IGBP1_P1P2_ENSG00000089289,IGBP1,ENSG00000089289,8583,75,11485,2.895692517013015,2.8676640146025805,0.12869803107394495,2.663674526699832,3.0712099475522656,0.1583865993910063,25,3.8962556457516877,,0,2676.0,7.892452043520352
4088_IK_P1_ENSG00000113141,IK,ENSG00000113141,2646,154,11485,2.894406477241874,2.9467677053764163,0.2358668049430658,2.6497326450304137,3.3090468621676696,0.318811615267236,25,4.8275634061658605,,1,3361.0,8.120291313968561
4089_IK_P2_ENSG00000113141,IK,ENSG00000113141,2646,311,11485,0.0,0.17476973314029137,0.35407644390218873,0.0,0.9561129360707619,0.2017773684164531,25,0.0,0.13148219674480238,4,3.0,1.3862943611198906
4099_ILF2_P1P2_ENSG00000143621,ILF2,ENSG00000143621,562,69,11485,3.851961339098269,3.8262798239647453,0.12738016565579802,3.5711806103906754,3.9887084390466025,0.09436818868341135,25,4.813572329543948,,0,883.0,6.784457062637643
4100_ILF3_P1P2_ENSG00000129351,ILF3,ENSG00000129351,7604,33,11485,3.8914780246300333,3.9002764240810794,0.06069375832703647,3.8121894427336636,4.0049886006255795,0.06226556331359623,25,4.1448119459942205,,0,632.0,6.450470422144176
4110_IMPA2_P1P2_ENSG00000141401,IMPA2,ENSG00000141401,7354,41,11485,1.7716324073323795,1.8288008399205615,0.23342491324661307,1.5369687818713713,2.17342290983806,0.3880325286670918,25,2.283423886977303,,0,505.0,6.226536669287466
4115_IMPDH2_P1P2_ENSG00000178035,IMPDH2,ENSG00000178035,1634,156,11485,4.024311272204024,4.026360859813806,0.062185388361070626,3.934733422051164,4.10839665000317,0.10467671158563485,25,5.777696681443117,,0,20.0,3.044522437723423
4117_INF2_P1P2_ENSG00000203485,INF2,ENSG00000203485,6132,117,11485,2.720168779374432,2.6795508856380854,0.09352024075747083,2.5089729673767542,2.7915066409949736,0.13999255240152886,25,4.142844342540881,,0,190.0,5.25227342804663
4121_ING3_P1P2_ENSG00000071243,ING3,ENSG00000071243,3542,134,11485,1.763960380728841,1.7441009439337074,0.1345083440096874,1.6188257087256295,1.8834369257230565,0.12662245158700958,25,3.3659964812021816,,0,361.0,5.891644211825771
4126_INO80B_P1P2_ENSG00000115274,INO80B,ENSG00000115274,1096,80,11485,1.3790794783461853,1.3912571741846074,0.08327061634455026,1.2863427621139878,1.5221783907371005,0.14941871377817484,25,2.4994043068722127,,0,903.0,6.806829360392176
4127_INO80C_P1P2_ENSG00000153391,INO80C,ENSG00000153391,7386,151,11485,2.325463017653051,2.282267382368038,0.15302584836955685,2.0024781507007043,2.475521519634681,0.20992127112531955,25,3.9945028671719105,,0,93.0,4.543294782270004
4128_INO80D_P1P2_ENSG00000114933,INO80D,ENSG00000114933,1372,59,11485,1.8260524745376472,1.744786744783029,0.24231835637790564,1.4054061705143523,2.0512221765318888,0.43607102722541247,25,2.5911023779963087,,0,265.0,5.583496308781699
4129_INO80E_P1P2_ENSG00000169592,INO80E,ENSG00000169592,6607,81,11485,2.592629100187947,2.587139733872782,0.12285077445888216,2.3727624339031252,2.7741193928789447,0.14129836227795867,25,3.734057403425584,,0,78.0,4.3694478524670215
4130_INO80_P1P2_ENSG00000128908,INO80,ENSG00000128908,6190,42,11485,2.1064931976860968,2.1098871960080285,0.2139099262103674,1.794904415942981,2.460372832213868,0.2603121452966808,25,2.5066254399760677,,0,954.0,6.86171134048073
4139_INPPL1_P1P2_ENSG00000165458,INPPL1,ENSG00000165458,5015,110,11485,2.013812351029589,1.9668432729962193,0.2698953583543941,1.4834586622924388,2.2995561022755404,0.3519885994809797,25,3.528112863459954,,0,232.0,5.4510384535657
4144_INTS10_P1P2_ENSG00000104613,INTS10,ENSG00000104613,3666,91,11485,2.2473642875965343,2.203255643078314,0.16513686099180416,1.9786881291360383,2.4041501497740034,0.2980202070492819,25,3.4554093945054234,,0,449.0,6.1092475827643655
4145_INTS12_P1P2_ENSG00000138785,INTS12,ENSG00000138785,2207,140,11485,1.5511694984020552,1.3741284507297775,0.6197514274940187,0.0533386493452627,2.094748262896219,0.5822897042545514,25,3.240950836081946,,0,99.0,4.605170185988092
4146_INTS1_P1P2_ENSG00000164880,INTS1,ENSG00000164880,3232,53,11485,2.601931069034521,2.6281843661040125,0.1246751341653091,2.4816650935515514,2.8511741429323285,0.20639662099266864,25,3.350758907467235,,0,303.0,5.717027701406222
4147_INTS2_P1P2_ENSG00000108506,INTS2,ENSG00000108506,7190,70,11485,1.039593613792238,0.8560004755993613,0.4926108165789846,0.12270664254678809,1.414113704945695,0.7911944471271275,25,2.018262751679381,,0,2030.0,7.616283561580385
4148_INTS3_P1P2_ENSG00000143624,INTS3,ENSG00000143624,563,70,11485,1.1799228628230736,1.2650126797713699,0.4334696583827128,0.8022603746554351,1.8588061131208946,0.5765553535479304,25,2.1788273052021454,,0,2119.0,7.659171367666058
4149_INTS4_P1P2_ENSG00000149262,INTS4,ENSG00000149262,5043,50,11485,1.4647305629697693,1.4503220323705548,0.08478986495313912,1.3215802800084255,1.5310936889043976,0.10782854418350962,25,2.1087373934452813,,0,1446.0,7.277247726631484
4150_INTS5_P1P2_ENSG00000185085,INTS5,ENSG00000185085,4879,56,11485,1.754821280160457,1.7390344835653735,0.06624129860048303,1.6290821600608025,1.8260510338933305,0.06448705755968343,25,2.52460723911103,,0,1988.0,7.5953872788539725
4151_INTS6_P1P2_ENSG00000102786,INTS6,ENSG00000102786,5776,31,11485,2.0281244111130357,2.077762602651325,0.16630901123144207,1.8804903742500672,2.3968953076908837,0.13829806253134858,25,2.249002807752025,,0,207.0,5.337538079701318
4153_INTS8_P1P2_ENSG00000164941,INTS8,ENSG00000164941,3834,153,11485,1.9527141583130367,1.9277019410095846,0.2772596061110759,1.373049719457499,2.2461189864350937,0.3596108739660435,25,3.650800129079281,,0,3266.0,8.09162741160107
4160_IPO11_P1P2_ENSG00000086200,IPO11,ENSG00000086200,2440,77,11485,1.736329236326157,1.7192818116733182,0.10381138807661734,1.5435598045308374,1.8550413014981026,0.14931589224968667,25,2.7740270363258497,,0,1574.0,7.362010551259734
4161_IPO13_P1P2_ENSG00000117408,IPO13,ENSG00000117408,272,75,11485,0.7507451886009963,0.854737824590642,0.46710035624437574,0.09915716794477025,1.3739372065159943,0.8038539694795998,25,2.1190685207627418,,0,2661.0,7.886832998955057
4164_IPO7_P1P2_ENSG00000205339,IPO7,ENSG00000205339,4739,48,11485,3.833677392419363,3.817695418967852,0.09530759526633333,3.656152857506855,3.9814855652784655,0.10411810084197493,25,4.4516622466534255,,0,1028.0,6.9363427358340495
4166_IPO9_P1P2_ENSG00000198700,IPO9,ENSG00000198700,729,117,11485,2.889129490795877,2.8238650904930807,0.19439641035553712,2.4174874638771646,3.04818195185691,0.18855013766195272,25,4.316999462384015,,0,804.0,6.690842277418564
4185_IRF2BP2_P2_ENSG00000168264,IRF2BP2,ENSG00000168264,844,105,11485,0.7193082998651165,0.7633040724606552,0.7036786054576778,0.0,1.84033865267172,1.3235694192905434,25,2.287516041200705,,0,135.0,4.912654885736052
4205_ISCA2_P1P2_ENSG00000165898,ISCA2,ENSG00000165898,6040,146,11485,3.113674096449918,3.0654523634270134,0.1280005180352659,2.8902552057601043,3.1979716750594678,0.1545919572507537,25,4.782744185139507,,0,155.0,5.049856007249537
4206_ISCU_P1P2_ENSG00000136003,ISCU,ENSG00000136003,5558,32,11485,2.0741729710870693,2.0630304682115095,0.23885140847281797,1.6685210104430568,2.384287992683905,0.32401500498216906,25,2.333152640469792,,0,493.0,6.202535517187923
4215_IST1_P1P2_ENSG00000182149,IST1,ENSG00000182149,6751,187,11485,2.234904752286778,2.140132881804001,0.20436086150582497,1.792125951509195,2.3373206908182658,0.359477352639622,25,4.0610298338089414,,0,101.0,4.624972813284271
4217_ISY1_P1P2_ENSG00000240682,ISY1,ENSG00000240682,1823,49,11485,1.620617386175901,1.5670377891095788,0.410763212899154,0.8163568625865505,2.1215749131257224,0.37267654554393603,25,2.2711649184867304,,0,703.0,6.556778356158042
4226_ITGB1BP1_P1P2_ENSG00000119185,ITGB1BP1,ENSG00000119185,890,45,11485,3.971944010630678,3.98334927328418,0.08549728260344291,3.8730609480430007,4.132015100800782,0.1083231700356837,25,4.529365959359559,,0,1071.0,6.977281341630747
4244_IWS1_P1P2_ENSG00000163166,IWS1,ENSG00000163166,1210,114,11485,2.839224572285801,2.8315780557481314,0.18283788176504545,2.528708513092252,3.096347582584928,0.12629623681006175,25,4.296907013330637,,0,648.0,6.47543271670409
4250_JAZF1_P1P2_ENSG00000153814,JAZF1,ENSG00000153814,3300,237,11485,0.11539728687318165,0.4217846920889891,0.553930653344206,0.0,1.305396450249837,1.1544334249983115,25,2.233226330347369,,1,1057.0,6.964135612418245
4255_JMJD6_P1P2_ENSG00000070495,JMJD6,ENSG00000070495,7261,185,11485,2.1375696492095244,2.084609189165669,0.16661686323213346,1.7311636017499323,2.262014298837039,0.1297793678055017,25,4.021371456307647,,0,125.0,4.836281906951478
4270_KANSL1_P1P2_ENSG00000120071,KANSL1,ENSG00000120071,7113,35,11485,1.1895613369852742,1.0811898323344085,0.5171682036960461,0.23947015460757312,1.8180662513192125,0.6252542628057468,25,1.4868711927387233,,0,240.0,5.484796933490655
4272_KANSL3_P1P2_ENSG00000114982,KANSL3,ENSG00000114982,1142,52,11485,1.7080438813553969,1.7317592001870665,0.11412668514890376,1.589612289537598,1.8817734870861291,0.17672071068218576,25,2.4244422831095216,,0,1000.0,6.90875477931522
4273_KARS_P1P2_ENSG00000065427,KARS,ENSG00000065427,6767,28,11485,3.117365874755804,3.1131995019914065,0.059290153107454356,3.0262672227221787,3.199079971690553,0.07201848727131122,25,3.1720209726264184,,0,470.0,6.154858094016418
4276_KAT5_P1P2_ENSG00000172977,KAT5,ENSG00000172977,4946,34,11485,1.311674276283982,1.3480868976285958,0.31549385344061354,1.003083823072192,1.767618533377325,0.5986039420689302,25,1.6743006982254651,,0,136.0,4.919980925828125
4279_KAT7_P1P2_ENSG00000136504,KAT7,ENSG00000136504,7142,69,11485,2.0656468979289957,2.078482072845188,0.17432438573587794,1.8572969136379303,2.2828519694427545,0.2512080499776841,25,3.0064450395301305,,0,70.0,4.2626798770413155
4281_KAT8_P1_ENSG00000103510,KAT8,ENSG00000103510,6634,31,11485,1.679049451960956,1.6999216550422838,0.10227977500842317,1.578992817317606,1.8517083233944829,0.17075588097089245,25,1.860377091573864,,0,1142.0,7.04141166379481
4284_KATNB1_P1P2_ENSG00000140854,KATNB1,ENSG00000140854,6684,70,11485,1.2248171385280207,1.2299069640816176,0.5197952921010413,0.1014457668503503,1.841330613054085,0.5734215310658892,25,2.390111198782024,,0,0.0,0.0
4291_KCMF1_P1P2_ENSG00000176407,KCMF1,ENSG00000176407,1110,48,11485,2.6846123012831398,2.64372293922648,0.22662859404905822,2.3231044971494104,2.985226282621459,0.3403769870772835,25,3.21422138169512,,0,120.0,4.795790545596741
4301_KCTD10_P1P2_ENSG00000110906,KCTD10,ENSG00000110906,5563,100,11485,2.377382412363328,2.3135650496623557,0.15241487920016655,2.0348376354763023,2.492275265777471,0.14561276062619122,25,3.6522669428554417,,0,414.0,6.028278520230698
4311_POGLUT3_P1P2_ENSG00000178202,POGLUT3,ENSG00000178202,5097,261,11485,2.537500429985033,2.5326700281222165,0.11387610820112655,2.3387139716816594,2.679612565164773,0.16149835697459114,25,4.790038791422911,,0,1.0,0.6931471805599453
4312_POGLUT3_P1P2_ENSG00000178202,POGLUT3,ENSG00000178202,5097,332,11485,2.4755225884401475,2.4652273038658943,0.16192198862174775,2.239053541220766,2.679612565164773,0.2841569668210515,25,4.995896630660688,1.2910031402550262,6,1683.0,7.428927194802272
4313_POGLUT3_P1P2_ENSG00000178202,POGLUT3,ENSG00000178202,5097,191,11485,2.5222381051026637,2.525241696403217,0.10757279981924774,2.363428412828876,2.678677968561854,0.17390817686282878,25,4.501099452016733,,0,1271.0,7.148345743900068
4317_KDM1A_P1P2_ENSG00000004487,KDM1A,ENSG00000004487,116,186,11485,3.6033480044439066,3.59818992680197,0.09357236610418374,3.4536252890901866,3.7192338112315957,0.10531755646290675,25,5.537172927947495,,0,444.0,6.09807428216624
4319_KDM2A_P1P2_ENSG00000173120,KDM2A,ENSG00000173120,4978,74,11485,1.8892691895675942,1.985200196416084,0.39694773153272905,1.2764179276874585,2.532180176144363,0.5045036507428153,25,3.1197033475981315,,0,6.0,1.9459101490553132
4329_KDM5C_P1P2_ENSG00000126012,KDM5C,ENSG00000126012,8563,104,11485,1.7659754351997075,1.6479503966937303,0.5205996114106748,0.6769171038845604,2.207080120684352,0.33411351311559767,25,3.1215331008749745,,0,14.0,2.70805020110221
4330_KDM6A_P1P2_ENSG00000147050,KDM6A,ENSG00000147050,8530,213,11485,1.5661338547601509,1.5609910290826168,0.10660407931026847,1.3763520779361809,1.6984686181867428,0.1397110388321956,25,3.6605851903836015,,1,61.0,4.127134385045092
4333_KEAP1_P1P2_ENSG00000079999,KEAP1,ENSG00000079999,7597,163,11485,2.6402866156977614,2.6409045504410456,0.04897567074399646,2.571504818956853,2.7162296680337628,0.07141762294180465,25,4.477537325550715,,0,423.0,6.049733455231958
4349_PRORP_P1P2_ENSG00000100890,PRORP,ENSG00000100890,5917,152,11485,2.537497963747191,2.5063352462761133,0.11710747905930975,2.251095620707282,2.6231198208111977,0.0908134230033637,25,4.266934562150032,,0,72.0,4.290459441148391
4351_KIAA0586_P1P2_ENSG00000100578,KIAA0586,ENSG00000100578,5986,52,11485,2.8327315276402243,2.8354709928678528,0.06209322010360371,2.739620657373879,2.9238430418659003,0.09292532756554417,25,3.4966540903707775,,0,1123.0,7.024649030453636
4357_ICE1_P1P2_ENSG00000164151,ICE1,ENSG00000164151,2353,65,11485,2.733854120701135,2.6893062210968055,0.22305188368076334,2.3143825433051752,2.9550914549022558,0.24588272425809876,25,3.5887307990256785,,0,2318.0,7.7488913372555315
435_ARCN1_P1P2_ENSG00000095139,ARCN1,ENSG00000095139,5134,77,11485,2.28498815366721,2.2748457506213304,0.4166363264038947,1.75757570480265,2.996599437263983,0.4970136024853913,25,3.3345712098579403,,0,1473.0,7.295735072749282
4360_KIAA1143_P1P2_ENSG00000163807,KIAA1143,ENSG00000163807,1598,141,11485,2.1122638949543555,1.9678708889006509,0.4325486153357412,1.4278050925590502,2.5226000797583135,0.5609979935866822,25,3.743689268135074,,0,1.0,0.6931471805599453
4376_KIF14_P1P2_ENSG00000118193,KIF14,ENSG00000118193,722,130,11485,2.630775741752531,2.5915838174012062,0.1622301631998089,2.2291122179159153,2.7653325640576596,0.2054205872940731,25,4.186366026447515,,0,1.0,0.6931471805599453
4394_KIF4A_P1P2_ENSG00000090889,KIF4A,ENSG00000090889,8585,80,11485,2.660345480125569,2.6983718148532763,0.17827242274749927,2.4055054039175223,2.9391599357921407,0.24796162371509878,25,3.8181411389037496,,0,16.0,2.833213344056216
4401_KIN_P1P2_ENSG00000151657,KIN,ENSG00000151657,4322,40,11485,1.9683814481279083,1.969781878551969,0.2457718673139128,1.6045014105287234,2.3174290771494443,0.2971208014602822,25,2.273105269312727,,0,1169.0,7.064759027791802
4405_KLC2_P1P2_ENSG00000174996,KLC2,ENSG00000174996,4962,103,11485,2.0102334292746225,1.94657593887153,0.2075100039609343,1.5647821534423867,2.1362191049367794,0.18923516968504872,25,3.3227725427324306,,0,0.0,0.0
4423_KLF7_P1P2_ENSG00000118263,KLF7,ENSG00000118263,1379,48,11485,2.422026379023365,2.382152044107299,0.17680370147028193,2.1552066375258585,2.616380571364957,0.28284725877212047,25,2.9183121958032108,,0,423.0,6.049733455231958
4463_KPNA6_P1P2_ENSG00000025800,KPNA6,ENSG00000025800,185,37,11485,3.0533945954852757,3.0464771428643003,0.040779181372150544,2.979742752078898,3.096484178540708,0.041936236026703266,25,3.3741710158136327,,0,685.0,6.530877627725885
4464_KPNB1_P1P2_ENSG00000108424,KPNB1,ENSG00000108424,7122,210,11485,4.193721482054299,4.222088090633282,0.19099324952122618,3.9796586773021736,4.482150024182729,0.3124985692509199,25,6.34546907452672,,0,2824.0,7.946263643580541
4470_KRI1_P1P2_ENSG00000129347,KRI1,ENSG00000129347,7599,43,11485,2.0102381045777133,2.01508954711547,0.0772876755575647,1.886577798541733,2.1226679152901164,0.10362687189077713,25,2.501951128797257,,0,935.0,6.8416154764775925
4473_KRT10_P2_ENSG00000186395,KRT10,ENSG00000186395,7053,140,11485,3.1550822603375015,3.13210862848065,0.2589814703638369,2.7324894278573026,3.480848654301228,0.3813207607437854,25,4.815276958692433,,0,2.0,1.0986122886681096
4474_KRT10_P1_ENSG00000186395,KRT10,ENSG00000186395,7053,61,11485,2.0963506737666426,1.895723167016712,0.5010023457847305,0.9441015056572467,2.448184276576586,0.700761310153788,25,2.7548498532525043,,0,2.0,1.0986122886681096
4478_KRT8_P1_ENSG00000170421,KRT8,ENSG00000170421,5360,101,11485,3.410290511865532,3.429908538525715,0.1645999381001533,3.161093865157055,3.655808152289865,0.23257029203288582,25,4.790207650575946,,0,3.0,1.3862943611198906
4479_KRT8_P2_ENSG00000170421,KRT8,ENSG00000170421,5360,115,11485,1.4734446345214,1.4878408794789835,0.5670064345586041,0.5591187487298298,2.3048186585681814,0.8763002213877538,25,2.973323403587481,,0,2.0,1.0986122886681096
4484_KTI12_P1P2_ENSG00000198841,KTI12,ENSG00000198841,310,131,11485,1.75482774114937,1.6430913248381862,0.27683740955273545,1.1999048105778973,1.8883376257012763,0.159313628624155,25,3.2757407521681063,,0,854.0,6.75110146893676
4487_KXD1_P1P2_ENSG00000105700,KXD1,ENSG00000105700,7701,82,11485,3.510442603368496,3.49939692160218,0.11721371215534297,3.3066013957405955,3.6282004831290533,0.16803446525837495,25,4.619792291014784,,0,10.0,2.3978952727983707
4503_LAMTOR1_P1P2_ENSG00000149357,LAMTOR1,ENSG00000149357,5013,96,11485,4.07241249867199,4.047743897644535,0.10281169126501102,3.8646424137532347,4.172922045679548,0.13237685717110814,25,5.366033425162537,,0,440.0,6.089044875446846
4504_LAMTOR1_P1P2_ENSG00000149357,LAMTOR1,ENSG00000149357,5013,200,11485,4.064063719166125,4.084892450530811,0.11077278105065025,3.957747180673231,4.2369114446343,0.20392128402205456,25,6.126267452601416,,1,1006.0,6.914730892718563
4505_LAMTOR1_P1P2_ENSG00000149357,LAMTOR1,ENSG00000149357,5013,75,11485,3.869994700187224,3.8278947528472838,0.18540274864285258,3.55013629722747,4.072987584070164,0.3112466458925258,25,4.8755846601808575,,0,41.0,3.7376696182833684
4507_LAMTOR3_P1P2_ENSG00000109270,LAMTOR3,ENSG00000109270,2194,38,11485,2.228633099489124,2.2195475867733894,0.07519799855819326,2.113085746164555,2.3407931144908067,0.08846265633010653,25,2.564438356516886,,0,616.0,6.424869023905388
4508_LAMTOR4_P1P2_ENSG00000188186,LAMTOR4,ENSG00000188186,3474,131,11485,4.001427844262187,4.006438253467537,0.08461883514955168,3.870554347826229,4.13491920504244,0.0994466907391085,25,5.648159551356457,,0,174.0,5.1647859739235145
4521_LARS2_P1P2_ENSG00000011376,LARS2,ENSG00000011376,1605,128,11485,1.5443639899796042,1.4680361359062042,0.30993760611692,0.9096685267404111,1.794475719116311,0.20449475737587752,25,3.0762169087224094,,0,32.0,3.4965075614664802
4522_LARS_P1P2_ENSG00000133706,LARS,ENSG00000133706,2664,44,11485,3.785206624503297,3.779190632876237,0.07087004734868511,3.68429729434121,3.879169118419381,0.10903015997193988,25,4.315622019727439,,0,1486.0,7.304515946460155
4523_LAS1L_P1P2_ENSG00000001497,LAS1L,ENSG00000001497,8579,42,11485,2.6355421405363693,2.62225518644972,0.09726361849784769,2.4707203858044906,2.7626687015951594,0.15001042067811188,25,3.059321907893375,,0,1122.0,7.023758954738443
452_ARFRP1_P1P2_ENSG00000101246,ARFRP1,ENSG00000101246,8182,116,11485,1.6951492233278622,1.5665970003834253,0.6188433730802025,0.46519119297624845,2.434747550190915,1.0414630628367123,25,3.2360226654755806,,0,2.0,1.0986122886681096
4540_LDB1_P2_ENSG00000198728,LDB1,ENSG00000198728,4577,81,11485,1.4104868328252673,1.4210542604759016,0.4489788425767236,0.7861919958197738,2.082217563462913,0.5176910133440764,25,2.6526919278837333,,0,64.0,4.174387269895637
4552_LENG8_P1P2_ENSG00000167615,LENG8,ENSG00000167615,7928,49,11485,1.9098933422400648,1.8920840062779514,0.21890165156513136,1.591381257687452,2.1955380988049495,0.3317405947317158,25,2.525811851512403,,0,265.0,5.583496308781699
4553_LEO1_P1P2_ENSG00000166477,LEO1,ENSG00000166477,6248,31,11485,2.8733314403809493,2.8797097227467923,0.07460871629869864,2.7814225349019184,2.99151985197871,0.07712189419054871,25,3.049288460659576,,0,694.0,6.543911845564792
4557_LETM1_P1P2_ENSG00000168924,LETM1,ENSG00000168924,2015,163,11485,2.4569252109540067,2.394212189250009,0.2872437873345425,2.145193304177214,2.7269119491445135,0.3107517848472221,25,4.170358934589033,,0,1009.0,6.917705609835305
455_ARGLU1_P1P2_ENSG00000134884,ARGLU1,ENSG00000134884,5822,105,11485,3.571676501768995,3.541768171326699,0.1529676379411331,3.2484107782246254,3.7249668080069505,0.19170117637556272,25,4.980579150313177,,0,398.0,5.988961416889864
4589_LIMS1_P1P2_ENSG00000169756,LIMS1,ENSG00000169756,1171,182,11485,3.4464874323324257,3.3928865858458477,0.21865203257524576,3.0554899830830404,3.6785846728502416,0.33877912829177115,25,5.35177433542735,,0,3.0,1.3862943611198906
4594_LIN54_P2_ENSG00000189308,LIN54,ENSG00000189308,2166,67,11485,0.0,0.10276435434999172,0.25994411963518277,0.0,0.6463132561275187,0.0,25,0.0,,0,0.0,0.0
4595_LIN54_P1_ENSG00000189308,LIN54,ENSG00000189308,2166,96,11485,0.0,0.07574924125462504,0.29964511011839295,0.0,0.2205515086408108,0.0,25,0.0,,0,1283.0,7.157735484249907
4624_LONP1_P1P2_ENSG00000196365,LONP1,ENSG00000196365,7546,82,11485,2.532180130393712,2.55228159347781,0.2371469484939755,2.2202030380188496,2.8794721091120707,0.3320650874539788,25,3.7898434830829375,,0,725.0,6.587550014824796
4635_LPIN1_P1P2_ENSG00000134324,LPIN1,ENSG00000134324,903,46,11485,1.245722948711598,1.0938099479867271,0.6551211244746401,0.0,2.0633270584597465,0.7771279277350045,25,1.7361458530575433,,0,300.0,5.707110264748875
4649_LRP5_P1P2_ENSG00000162337,LRP5,ENSG00000162337,4998,107,11485,0.9503718457860502,1.020595822800039,0.4864688649635413,0.0556937244018026,1.6692253203456469,0.6684900218528622,25,2.5210820527549904,,0,419.0,6.040254711277414
4653_LRPPRC_P1P2_ENSG00000138095,LRPPRC,ENSG00000138095,1002,89,11485,3.466296819105806,3.435847983889591,0.08333662044915874,3.3280011531378038,3.5197636863329715,0.1615183868051906,25,4.624169480086242,,0,74.0,4.31748811353631
4654_LRR1_P1P2_ENSG00000165501,LRR1,ENSG00000165501,5936,51,11485,2.715416276487719,2.6723978244881734,0.14093064062321853,2.388656035689046,2.8614170420291036,0.1466729998581151,25,3.305382909451305,,0,750.0,6.621405651764134
4684_LSG1_P1P2_ENSG00000041802,LSG1,ENSG00000041802,1978,61,11485,2.54758141591803,2.5456125211495886,0.13093680488131076,2.347609305767202,2.6934403284141584,0.22721476604995328,25,3.3839506533722394,,0,1576.0,7.3632795869630385
4685_LSM10_P1P2_ENSG00000181817,LSM10,ENSG00000181817,223,102,11485,3.1410655372060132,3.1190118605986465,0.16545053158534923,2.8713431839963692,3.354675549419869,0.24414963502235754,25,4.506693223013928,,0,826.0,6.717804695023691
4687_LSM12_P1P2_ENSG00000161654,LSM12,ENSG00000161654,7094,115,11485,3.4788958482258905,3.4493051529033094,0.09504133679085644,3.2832301263344092,3.567622314105931,0.1381133140779376,25,4.9272426730230725,,0,266.0,5.58724865840025
4691_LSM2_P1P2_ENSG00000204392,LSM2,ENSG00000204392,2895,42,11485,3.385787212920191,3.379444662036575,0.1297614001283679,3.1702770810306498,3.58233003274955,0.17953219078292015,25,3.845947125680132,,0,992.0,6.900730664045173
4692_LSM3_P1P2_ENSG00000170860,LSM3,ENSG00000170860,1523,54,11485,4.106978655519939,4.117531572036277,0.10165944592873795,3.937968816445558,4.2563642383156965,0.15928260292383012,25,4.884509918322592,,0,1048.0,6.955592608396297
4693_LSM4_P1P2_ENSG00000130520,LSM4,ENSG00000130520,7696,80,11485,4.3523762938771045,4.334490078443032,0.08662318127652258,4.177053368142638,4.448119403109357,0.13418844633405147,25,5.525216739398895,,0,2301.0,7.741533589281828
4695_LSM5_P1_ENSG00000106355,LSM5,ENSG00000106355,3310,73,11485,4.030414486416972,4.011809799718482,0.09387804247640577,3.8701226516144516,4.1471236660399216,0.1567840772473077,25,5.037622985063713,,0,2443.0,7.8013913202914855
4696_LSM6_P1P2_ENSG00000164167,LSM6,ENSG00000164167,2278,47,11485,3.017464263289041,2.9758220351811757,0.15326400478879187,2.7317987988914862,3.1798712847744484,0.18751451401544328,25,3.521231903769589,,0,1957.0,7.579678823090456
4697_LSM7_P1P2_ENSG00000130332,LSM7,ENSG00000130332,7504,67,11485,3.083110211954897,3.1128775130649076,0.22219961711279054,2.763696844890201,3.4843122353671943,0.23591663998980206,25,3.976147121267309,,0,1256.0,7.136483208590247
46_ABHD17A_P1P2_ENSG00000129968,ABHD17A,ENSG00000129968,7493,187,11485,3.1243790921008268,3.1167830334389466,0.16762613027678283,2.8515543275516704,3.3511944273880623,0.20233547864724022,25,5.098162331074177,,2,4.0,1.6094379124341003
4706_LTBP3_P1P2_ENSG00000168056,LTBP3,ENSG00000168056,4939,234,11485,2.859373770688003,2.80860183145831,0.22819794187717496,2.508672781299487,3.204081380995818,0.29768460708793043,25,5.01594530318938,,2,43.0,3.784189633918261
4707_LTBP4_P2_ENSG00000090006,LTBP4,ENSG00000090006,7802,117,11485,1.33268327757495,1.1205471491848578,0.7423023910873036,0.0,2.1489147698318405,1.080077930430431,25,2.501637432142076,,0,808.0,6.695798917058491
4746_MAD2L1_P1P2_ENSG00000164109,MAD2L1,ENSG00000164109,2236,108,11485,3.147633586822797,3.1047533317063123,0.1733784168812273,2.8174934012563875,3.336464987433715,0.2244820697574017,25,4.560511239805785,,0,1705.0,7.441906728051625
4747_MAD2L2_P1P2_ENSG00000116670,MAD2L2,ENSG00000116670,70,234,11485,2.667721976850758,2.6394500343439846,0.19431325591025064,2.3030818290399857,2.9043116850669444,0.31232371662092717,25,4.857659481895883,,0,340.0,5.831882477283517
4778_MAGOH_P1P2_ENSG00000162385,MAGOH,ENSG00000162385,323,116,11485,3.287973858452964,3.2965693822712336,0.050066328177173255,3.227568025112089,3.3595308430630197,0.07938104662662315,25,4.7539520706290705,,0,116.0,4.762173934797756
4781_MALSU1_P1P2_ENSG00000156928,MALSU1,ENSG00000156928,3288,170,11485,3.611604928564343,3.6066166042011445,0.12827935313401762,3.3827931159409195,3.7576042399001364,0.1983624803702133,25,5.512564270672804,,0,15.0,2.772588722239781
4795_MANF_P1P2_ENSG00000145050,MANF,ENSG00000145050,1657,178,11485,3.774551065741446,3.7225403909521093,0.14605671157174707,3.548848443056178,3.8901880389328967,0.18127513256501127,25,5.640059767599597,,0,7.0,2.0794415416798357
4857_MARS_P1P2_ENSG00000166986,MARS,ENSG00000166986,5424,32,11485,2.59426955093226,2.593702769298767,0.05526561827982163,2.523761477225001,2.677345942463049,0.08737703103875738,25,2.7968356877360674,,0,893.0,6.795705775173515
4862_MASTL_P1P2_ENSG00000120539,MASTL,ENSG00000120539,4368,28,11485,2.203248149618663,2.2184623218730035,0.07165105455393302,2.132167472118544,2.3291581756827844,0.1324517399395888,25,2.2967387993803015,,0,405.0,6.0063531596017325
4863_MAT2A_P1P2_ENSG00000168906,MAT2A,ENSG00000168906,1114,160,11485,3.603465834872703,3.5752691314672957,0.0839176420614631,3.449905116372083,3.6949151701766403,0.13381653725477216,25,5.396460386225626,,0,347.0,5.8522024797744745
4868_MAU2_P1P2_ENSG00000129933,MAU2,ENSG00000129933,7715,29,11485,0.7431370303839182,0.7622746364554801,0.26034467827024577,0.3746101655481239,1.1677074180291784,0.3946759147639761,25,0.8717327679071369,,0,952.0,6.859614903654202
4871_MAX_P1P2_ENSG00000125952,MAX,ENSG00000125952,6010,89,11485,2.120894530298856,2.0648077384751846,0.3523035530610541,1.6242687584530242,2.556558174130084,0.3319602676083351,25,3.427399254386965,,0,834.0,6.727431724850855
4875_MBD3_P1P2_ENSG00000071655,MBD3,ENSG00000071655,7488,203,11485,2.708338494526366,2.667328574256613,0.31530055667942686,2.1602492512935507,3.040208332400591,0.3949605366900584,25,4.675250717705144,,0,53.0,3.9889840465642745
4879_MBIP_P1P2_ENSG00000151332,MBIP,ENSG00000151332,5922,34,11485,2.0102334292746225,2.044260619113441,0.10376848817188417,1.9078633210145628,2.22098673276083,0.13709423423259137,25,2.283851385130947,,0,337.0,5.823045895483019
4881_MBNL1_P1P2_ENSG00000152601,MBNL1,ENSG00000152601,1889,70,11485,2.3070695875980602,2.3207230629135007,0.29661335263451705,1.923919377756872,2.686681471916629,0.4243217798387078,25,3.2643611610852927,,0,1094.0,6.9985096422506015
4887_MBTPS1_P1P2_ENSG00000140943,MBTPS1,ENSG00000140943,6779,190,11485,2.7347250665081084,2.76426377317063,0.1567047669741968,2.5711971439446915,2.99309822359425,0.3021791468685633,25,4.7611613318389505,,0,144.0,4.976733742420574
4888_MBTPS2_P1P2_ENSG00000012174,MBTPS2,ENSG00000012174,8507,154,11485,1.9095458412796105,1.7541380448567676,0.4012482839739866,0.8634630263373253,2.1440095080254764,0.32769460657381755,25,3.5465254131759965,,0,159.0,5.075173815233827
4896_MCL1_P1P2_ENSG00000143384,MCL1,ENSG00000143384,531,247,11485,3.044034327915707,3.0377185164737224,0.15548598656332316,2.7921867203976243,3.2883642380295433,0.24248515279000094,25,5.306397567341248,,1,1.0,0.6931471805599453
4897_MCM10_P1P2_ENSG00000065328,MCM10,ENSG00000065328,4333,58,11485,1.4022934939009457,1.188590982982892,0.6281552787877347,0.20316014528332046,1.979485435848271,1.0604456647234088,25,1.9418812957810974,,0,534.0,6.282266746896006
4898_MCM2_P1P2_ENSG00000073111,MCM2,ENSG00000073111,1813,42,11485,2.108421774007021,2.142050972880632,0.15560777887152086,1.9164917843081934,2.3750343083286283,0.28351182702868183,25,2.5983192917579023,,0,1004.0,6.912742820493176
4899_MCM3AP_P1P2_ENSG00000160294,MCM3AP,ENSG00000160294,8269,72,11485,2.2153692439610997,2.224512044520826,0.24789672032164553,1.7304728701473735,2.574272705421303,0.33448510485240224,25,3.3011627840348763,,0,1726.0,7.454141078146678
4900_MCM3_P1P2_ENSG00000112118,MCM3,ENSG00000112118,3004,187,11485,3.456107700276625,3.4475281236249278,0.10150099819551037,3.315745038050162,3.5723362168741017,0.11740268710543456,25,5.389064211637626,,0,4123.0,8.32457884513685
4901_MCM4_P1P2_ENSG00000104738,MCM4,ENSG00000104738,3753,40,11485,3.2133257789743306,3.213986796066573,0.12166231688807531,3.0342184528071274,3.4131876857132153,0.1378680402597836,25,3.643925426449401,,0,931.0,6.837332814685591
4902_MCM5_P1P2_ENSG00000100297,MCM5,ENSG00000100297,8367,60,11485,2.7385616860281834,2.7288800379647586,0.17017110900186516,2.4503891540735494,2.9250944657379048,0.21785955373759025,25,3.558549861204124,,0,1313.0,7.1808311990445555
4903_MCM6_P1P2_ENSG00000076003,MCM6,ENSG00000076003,1232,125,11485,2.7754599001130202,2.7574709515707085,0.16959853006141515,2.5087031936165145,2.989935479371266,0.31707052330154717,25,4.3337154946159,,0,4579.0,8.429454277108231
4904_MCM7_P1P2_ENSG00000166508,MCM7,ENSG00000166508,3471,47,11485,2.9944907564824543,2.9928451897314927,0.16994612266896306,2.694558165639461,3.2500840772549573,0.22574896966032032,25,3.6586169265456516,,0,375.0,5.929589143389895
4907_MCMBP_P1P2_ENSG00000197771,MCMBP,ENSG00000197771,4636,95,11485,2.7650056162296592,2.762691609429371,0.23040202114218947,2.366307608643209,3.100210108643396,0.2508231325589332,25,4.083113155186908,,0,1245.0,7.1276936993473985
4921_MDN1_P1P2_ENSG00000112159,MDN1,ENSG00000112159,3061,29,11485,1.6785466330350052,1.6541182277170867,0.23968214626926118,1.3610213087470548,1.94967209845459,0.32185695291453054,25,1.7094112132612902,,0,508.0,6.2324480165505225
4931_MED11_P1P2_ENSG00000161920,MED11,ENSG00000161920,6856,33,11485,2.072623786892077,2.100836132762568,0.17627831209676179,1.8540360119507822,2.4478447321830337,0.16560515470768067,25,2.3340248927124425,,0,1537.0,7.338238150065589
4935_MED14_P1P2_ENSG00000180182,MED14,ENSG00000180182,8525,99,11485,1.390363369657432,1.4171680052569957,0.46103288528321434,0.6534226526804138,2.113500828532541,0.6633163235273472,25,2.9650830804583777,,0,2167.0,7.681560362559537
4938_MED16_P1P2_ENSG00000175221,MED16,ENSG00000175221,7469,45,11485,1.9246920507436451,1.9773024424213879,0.19760295210044107,1.6856941474584457,2.2448705695098257,0.2847177324905854,25,2.49457417637124,,0,433.0,6.073044534100405
4941_MED19_P1P2_ENSG00000156603,MED19,ENSG00000156603,4846,201,11485,2.319140994507791,2.2361658655279393,0.30823157999009804,1.6231933326836472,2.5514425211228007,0.322106718352849,25,4.349722216175712,,1,3251.0,8.087025470667701
4942_MED1_P1P2_ENSG00000125686,MED1,ENSG00000125686,7036,56,11485,2.700772597025413,2.694686524413243,0.05232453022276231,2.5940696893624113,2.7565114520276204,0.0546916386049463,25,3.4211448797585935,,0,587.0,6.376726947898627
4945_MED22_P1P2_ENSG00000148297,MED22,ENSG00000148297,4256,29,11485,1.3270346806557392,1.299994044197893,0.10883552591590243,1.0999902589844532,1.4238990134817064,0.13497769727687747,25,1.3836098109292863,,0,1742.0,7.463363045520021
4947_MED24_P1P2_ENSG00000008838,MED24,ENSG00000008838,7043,35,11485,1.5502687766904386,1.5975836801950998,0.2088419551842721,1.355087011849242,2.0083029930420673,0.18721595498840404,25,1.9081671627878112,,0,138.0,4.9344739331306915
4952_MED29_P1P2_ENSG00000063322,MED29,ENSG00000063322,7787,30,11485,2.2669415243623976,2.2585100700372225,0.10000881977381802,2.117550106997877,2.4346351255192147,0.11723394003830556,25,2.4053617272485415,,0,1646.0,7.4067107301776405
4955_MED4_P1P2_ENSG00000136146,MED4,ENSG00000136146,5763,76,11485,1.480588559723659,1.4413040647808169,0.6531164298471436,0.49146048626731015,2.442147583563571,0.9349265743108801,25,2.5589633642067056,,0,1342.0,7.202661196523238
4958_MED8_P1P2_ENSG00000159479,MED8,ENSG00000159479,266,40,11485,2.584591855185612,2.526231733151332,0.23577529176914383,2.101908880155327,2.8446944159218237,0.3350017078398557,25,2.9047751384118126,,0,1020.0,6.928537818164665
496_ARID5B_ENST00000279873.7_ENSG00000150347,ARID5B,ENSG00000150347,4415,118,11485,0.7058677430076075,0.8208763609345274,0.9161528600980413,0.0,2.5101924824043302,1.3157526382980014,25,2.0248251280160297,,0,618.0,6.428105272684596
4973_MEN1_P1P2_ENSG00000133895,MEN1,ENSG00000133895,4919,100,11485,1.476453394433914,1.3350263993268592,0.4051430669220673,0.5887147020239332,1.7416154027583775,0.6918815274157426,25,2.768344752738807,,0,104.0,4.653960350157523
4976_MEPCE_P1P2_ENSG00000146834,MEPCE,ENSG00000146834,3476,59,11485,1.3509634832354123,1.200574853587647,0.5180516814938573,0.34056555345870276,1.8867087024471205,0.7192584144885403,25,2.125961109001472,,0,1.0,0.6931471805599453
497_ARIH1_P1P2_ENSG00000166233,ARIH1,ENSG00000166233,6330,57,11485,2.6450290009440343,2.5905888887711597,0.14365193429218986,2.347692153080454,2.76092867604998,0.22938455161089433,25,3.3327755674058652,,0,96.0,4.574710978503383
4984_METAP1_P1P2_ENSG00000164024,METAP1,ENSG00000164024,2192,56,11485,2.500354220670304,2.524013817563821,0.12335391709843109,2.34412810982534,2.7053119668799814,0.21058237162063032,25,3.302088957562318,,0,139.0,4.941642422609304
4991_METTL14_P1P2_ENSG00000145388,METTL14,ENSG00000145388,2231,76,11485,1.0965772173042387,0.9565072655545573,0.6827405680710752,0.0,1.8707332877664518,1.2065658234667778,25,2.197356049105974,,0,664.0,6.499787040655854
4994_METTL16_P1P2_ENSG00000127804,METTL16,ENSG00000127804,6842,42,11485,1.5828718865396416,1.4335060303060834,0.3729256680910779,0.8850921108875621,2.028932452238734,0.5605722011572583,25,1.9521929225076837,,0,231.0,5.44673737166631
4995_METTL17_P1P2_ENSG00000165792,METTL17,ENSG00000165792,5857,118,11485,2.0027757374129735,2.0132744540595064,0.07250539297483724,1.9111498860419542,2.1415968248195885,0.10362687189077713,25,3.526301459195791,,0,48.0,3.8918202981106265
4997_METTL1_P1P2_ENSG00000037897,METTL1,ENSG00000037897,5435,105,11485,2.0965150169237567,2.0334879229237885,0.19259263035818255,1.6121089728098215,2.2108758789983316,0.13920850028999388,25,3.4324741072420824,,0,21.0,3.091042453358316
4998_METTL21A_P1P2_ENSG00000144401,METTL21A,ENSG00000144401,1381,106,11485,2.010242061174648,1.97022240589934,0.18595658341463514,1.6309944413069617,2.173422224441661,0.08116204825713336,25,3.3337589276380366,,1,2127.0,7.662937850461535
5000_METTL23_P1P2_ENSG00000181038,METTL23,ENSG00000181038,7262,90,11485,2.639523324841698,2.5986728291339487,0.25828668597769994,2.135914823885593,2.955185333468484,0.31203879573947857,25,3.843099931645608,,0,1.0,0.6931471805599453
5004_METTL3_P1P2_ENSG00000165819,METTL3,ENSG00000165819,5864,216,11485,2.046907571880345,1.942121922161988,0.2796885766836666,1.51417636830081,2.203186307185715,0.2709984108319965,25,4.083472957322624,,0,2326.0,7.752335163302292
5016_MFAP1_P1P2_ENSG00000140259,MFAP1,ENSG00000140259,6217,59,11485,3.01880894789136,3.0123266419771735,0.0753219736366475,2.9172328289277347,3.1381118956703986,0.0987501725280624,25,3.825574583315184,,0,2164.0,7.68017564043659
5022_MFN2_P1_ENSG00000116688,MFN2,ENSG00000116688,74,101,11485,1.8404173184794141,1.8453746635945276,0.2767968337868774,1.5140536879621511,2.1720935991029404,0.24122102690020264,25,3.222803370983059,,0,783.0,6.664409020350408
5023_MFN2_P2_ENSG00000116688,MFN2,ENSG00000116688,74,123,11485,0.9944017286407485,0.9863878249466522,0.6261266630223553,0.0,2.0629231430697526,0.8039249044204533,25,2.817279455329514,,0,0.0,0.0
5068_MIER1_P1_ENSG00000198160,MIER1,ENSG00000198160,352,155,11485,0.0,0.2156115757154191,0.4856790306263393,0.0,1.4662453316896267,0.1279269110805536,25,1.076469228158384,,0,225.0,5.420534999272286
5077_MICOS10_P1P2_ENSG00000173436,MICOS10,ENSG00000173436,102,184,11485,4.525618471441124,4.510762707926624,0.07850636343416914,4.411613615100672,4.6251999510199315,0.14375813978744212,25,6.518297574775815,,0,10.0,2.3978952727983707
5079_MIOS_P1P2_ENSG00000164654,MIOS,ENSG00000164654,3264,131,11485,1.9095548803980729,1.843551589077391,0.22789290008654928,1.3159491629227735,2.0569484991126274,0.12156525028297271,25,3.4640156133149813,,0,435.0,6.077642243349034
507_ARL2_P1P2_ENSG00000213465,ARL2,ENSG00000213465,4922,215,11485,4.002248586831974,3.988203081823928,0.11533252674921264,3.79526949018827,4.153681998501911,0.16948193357919683,25,6.079054767907012,,0,397.0,5.986452005284438
5080_MIPEP_P1P2_ENSG00000027001,MIPEP,ENSG00000027001,5703,82,11485,1.754821280160457,1.7204320513888995,0.10836596778824069,1.5219577533529216,1.8260527260243977,0.1618703674654478,25,2.8509770341686482,,0,7.0,2.0794415416798357
5083_MIS18A_P1P2_ENSG00000159055,MIS18A,ENSG00000159055,8211,53,11485,2.4807861493968426,2.4567902209435815,0.0735723802638947,2.3233028825458755,2.5505871666014692,0.0908068582863577,25,3.157303578267265,,0,1.0,0.6931471805599453
5084_MIS18BP1_P1P2_ENSG00000129534,MIS18BP1,ENSG00000129534,5934,38,11485,2.917432705612538,2.94256421305373,0.16651814679633353,2.6898954537999784,3.21121652167327,0.21900105651379143,25,3.3059319509758134,,0,928.0,6.834108738813838
5089_NIFK_P1P2_ENSG00000155438,NIFK,ENSG00000155438,1204,63,11485,3.1456596073372998,3.128061381507704,0.15403871788770548,2.8849987378879556,3.358999367714676,0.24305894758722157,25,4.015073048225923,,0,1951.0,7.5766097669730375
5098_MKRN1_P1P2_ENSG00000133606,MKRN1,ENSG00000133606,3594,187,11485,1.9967367464938834,1.7758421282197379,0.6594587847649875,0.7422355368003621,2.5289298242881513,0.6013702357065855,25,3.854582407492046,,1,16.0,2.833213344056216
510_ARL4D_P1P2_ENSG00000175906,ARL4D,ENSG00000175906,7090,145,11485,2.068404504215461,1.9568266350226466,0.3784902500596019,1.2540658478318187,2.317430783741263,0.41457139765741124,25,3.7040296115914337,,0,17.0,2.8903717578961645
5114_MLLT6_P1P2_ENSG00000275023,MLLT6,ENSG00000275023,7026,105,11485,2.1509709623477016,2.104752176638916,0.15534332707959314,1.7796388283702398,2.2804110249353435,0.10135184339734238,25,3.451786600115836,,0,1776.0,7.482681828154651
5115_MLST8_P1P2_ENSG00000167965,MLST8,ENSG00000167965,6482,94,11485,2.562587832413108,2.5144188633025455,0.16068574614974568,2.26859444933771,2.7270377149271368,0.2500581800091455,25,3.823241423877601,,0,83.0,4.430816798843313
5123_MMGT1_P1P2_ENSG00000169446,MMGT1,ENSG00000169446,8688,107,11485,2.366049267483598,2.294499999491333,0.14585876261863465,2.0183486907692556,2.44784878899238,0.1505289709452704,25,3.7117019190156744,,0,3.0,1.3862943611198906
5126_MMS19_P1P2_ENSG00000155229,MMS19,ENSG00000155229,4541,89,11485,2.3793961172021403,2.373183797796656,0.18126255501017666,2.1034093666147897,2.614480814452334,0.2969313076847184,25,3.5506547352922384,,0,498.0,6.212606095751519
5127_MMS22L_P1P2_ENSG00000146263,MMS22L,ENSG00000146263,3067,33,11485,2.2658322937633906,2.26087844654694,0.06561792623231845,2.1786760148788025,2.3660557152081845,0.07407973250605782,25,2.4991644774444697,,0,943.0,6.8501261661455
5128_MNAT1_P1P2_ENSG00000020426,MNAT1,ENSG00000020426,5996,82,11485,2.913198926808877,2.8912752662948513,0.18920896653339253,2.5882528108079135,3.1159012637601493,0.34494076217885805,25,4.068145355279815,,0,1778.0,7.483806687665835
5138_MOB4_P1P2_ENSG00000115540,MOB4,ENSG00000115540,1342,68,11485,3.1226333925333085,3.1309464596408545,0.1475698023434135,2.859723897664486,3.314380287812246,0.19520840311995702,25,4.054247752090835,,0,2020.0,7.611347717403621
5145_MOK_P1P2_ENSG00000080823,MOK,ENSG00000080823,6116,87,11485,0.9948616291739997,0.9774258475035036,0.6829060665697564,0.0,1.9130936487810803,1.2246207530125255,25,2.1375976009751603,,0,5.0,1.791759469228055
5146_MON1A_P1P2_ENSG00000164077,MON1A,ENSG00000164077,1645,175,11485,1.1228377911343568,0.7980849371299406,0.5246100449758453,0.0,1.2237603439011453,1.0397421987972773,25,2.6396606100068256,,0,879.0,6.779921907472252
5162_MPG_P1P2_ENSG00000103152,MPG,ENSG00000103152,6432,39,11485,3.7415514293971732,3.732939456492074,0.05980934479396226,3.6520662843530185,3.8150185500423093,0.08933401631901505,25,4.138411207192097,,0,21.0,3.091042453358316
5163_MPHOSPH10_P1P2_ENSG00000124383,MPHOSPH10,ENSG00000124383,1077,29,11485,2.8544434651713613,2.8640444186134033,0.07344694055149267,2.7589146772298454,3.0011033274195724,0.057477803826004426,25,2.962218886488092,,0,812.0,6.70073110954781
5164_MPHOSPH6_P1P2_ENSG00000135698,MPHOSPH6,ENSG00000135698,6776,51,11485,2.626734344786669,2.64916243307297,0.11101410564545601,2.520233992498313,2.8326545068231184,0.1829412853975141,25,3.308491934944904,,0,1180.0,7.074116816197362
5190_MRGBP_P1P2_ENSG00000101189,MRGBP,ENSG00000101189,8173,33,11485,2.645025542532119,2.64336517836364,0.07790388504711641,2.5439127841263303,2.760933640372408,0.10673258311723899,25,2.8397330132238556,,0,1039.0,6.946975992135418
5193_MRPL10_P1P2_ENSG00000159111,MRPL10,ENSG00000159111,7123,118,11485,2.486027043764432,2.4646104888978724,0.09360220823892289,2.276190254788008,2.5843318654091543,0.06328957228457455,25,3.940923681110252,,0,18.0,2.9444389791664403
5194_MRPL11_P1P2_ENSG00000174547,MRPL11,ENSG00000174547,4968,54,11485,3.8377303739380224,3.823894365460524,0.09091584976339734,3.6965679637830453,3.9603872491786483,0.12041927081011927,25,4.558780538851714,,0,15.0,2.772588722239781
5197_MRPL14_P1P2_ENSG00000180992,MRPL14,ENSG00000180992,2992,127,11485,4.108605941619772,4.102657052197891,0.10990964201779294,3.958429467179237,4.26225714026678,0.16756259224638193,25,5.721279856989906,,0,16.0,2.833213344056216
5198_MRPL15_P1P2_ENSG00000137547,MRPL15,ENSG00000137547,3762,142,11485,3.6340683217210987,3.6396422862747455,0.10178262905602622,3.486317357549391,3.7863769249204045,0.17730598177460788,25,5.324339634032259,,0,16.0,2.833213344056216
5199_MRPL16_P1P2_ENSG00000166902,MRPL16,ENSG00000166902,4856,261,11485,2.671819577775463,2.660687952657106,0.17263203423796672,2.4053675277122646,2.9059227392143083,0.21672994420479563,25,5.050893616948961,,0,25.0,3.258096538021482
5200_MRPL17_P1P2_ENSG00000158042,MRPL17,ENSG00000158042,4729,96,11485,3.9664746619494506,3.9554101164403876,0.10869505806644252,3.807829034367077,4.09504110657976,0.1899058961433786,25,5.268706189350836,,0,16.0,2.833213344056216
5201_MRPL18_P1P2_ENSG00000112110,MRPL18,ENSG00000112110,3207,98,11485,3.7088350742370753,3.7322112611083003,0.13691085925201146,3.5233639878927123,3.911184531590357,0.2161691717524281,25,5.048665300449831,,0,39.0,3.6888794541139363
5202_MRPL19_P1P2_ENSG00000115364,MRPL19,ENSG00000115364,1106,110,11485,3.411800396476251,3.3838755962358635,0.1022589580729296,3.16037099509634,3.4846113572301682,0.11815884553554445,25,4.794212097779105,,0,282.0,5.645446897643238
5203_MRPL1_P1P2_ENSG00000169288,MRPL1,ENSG00000169288,2153,146,11485,2.8589856010544477,2.81145261946398,0.19608913762418226,2.394753556966468,3.004810973055509,0.1636047829021563,25,4.537648706220599,,0,13.0,2.639057329615259
5204_MRPL20_P1P2_ENSG00000242485,MRPL20,ENSG00000242485,17,109,11485,4.253383346674585,4.240110029495901,0.09918353241377074,4.066583846080202,4.374883179914223,0.11857780287723774,25,5.713358109375275,,0,102.0,4.634728988229636
5206_MRPL22_P1P2_ENSG00000082515,MRPL22,ENSG00000082515,2695,65,11485,3.4231290240659042,3.421123578638709,0.08601690087070628,3.3126786856334123,3.5541520576667076,0.1063783494531978,25,4.333556766163886,,0,16.0,2.833213344056216
5207_MRPL23_P1P2_ENSG00000214026,MRPL23,ENSG00000214026,4705,85,11485,3.460347164980175,3.441570665418439,0.1356013142248925,3.2364600314960863,3.649351789880105,0.14164242598239918,25,4.625121790648193,,0,16.0,2.833213344056216
5208_MRPL24_P1P2_ENSG00000143314,MRPL24,ENSG00000143314,616,217,11485,2.924897426654063,2.8771885103543,0.23258527397207446,2.4872581428332654,3.1314765372328814,0.29635860888933196,25,5.045518212687469,,1,35.0,3.58351893845611
5209_MRPL27_P1P2_ENSG00000108826,MRPL27,ENSG00000108826,7148,191,11485,3.9141245751205602,3.8998524469210363,0.12231449492412762,3.8067912711158867,4.0280138530000285,0.12122358728458593,25,5.888169170788197,,1,12.0,2.5649493574615367
5210_MRPL28_P1P2_ENSG00000086504,MRPL28,ENSG00000086504,6437,111,11485,3.5194147774371616,3.519625900355565,0.13356499708229352,3.3346982137817553,3.6870443690179115,0.20314598031484232,25,4.970066129297382,,0,16.0,2.833213344056216
5211_MRPL2_P1P2_ENSG00000112651,MRPL2,ENSG00000112651,2978,79,11485,2.8829585244626634,2.8723726801475955,0.06254283434211326,2.7421968319115866,2.9503783509655492,0.07469791507846235,25,3.9701495175149697,,0,15.0,2.772588722239781
5214_MRPL32_P1P2_ENSG00000106591,MRPL32,ENSG00000106591,3332,75,11485,2.965573517653699,2.952649121429114,0.0959590879062618,2.774922593108489,3.0745511812277173,0.1123507043922185,25,4.008081253080132,,0,121.0,4.804021044733257
5215_MRPL33_P1P2_ENSG00000243147,MRPL33,ENSG00000243147,954,166,11485,3.9457280626707916,3.931502128908212,0.10479995336782356,3.7743106226207406,4.074229816133203,0.11760289759939946,25,5.801955116524473,,0,39.0,3.6888794541139363
5216_MRPL34_P1P2_ENSG00000130312,MRPL34,ENSG00000130312,7684,172,11485,3.313641058535143,3.312990488661413,0.1406200856067601,3.0924402596126264,3.513002959285708,0.22125071539238395,25,5.149248480779544,,0,1672.0,7.422373700986824
5217_MRPL35_P1P2_ENSG00000132313,MRPL35,ENSG00000132313,1124,1491,11485,2.919791815375097,2.8778107905124206,0.1797021816259656,2.5789426724204976,3.057952425923982,0.1971460809853629,25,6.866328373863552,2.7739403418487223,56,212.0,5.3612921657094255
5218_MRPL36_P1P2_ENSG00000171421,MRPL36,ENSG00000171421,2351,1686,11485,3.834242525480269,3.797050621714472,0.15723494814236988,3.5084601862571736,4.001692210644296,0.22289761677160014,25,7.834630879124606,3.784217900532672,56,404.0,6.003887067106539
5219_MRPL37_P1P2_ENSG00000116221,MRPL37,ENSG00000116221,330,90,11485,3.5339420583630847,3.5292656750635194,0.06533312486317613,3.4129501358970624,3.610700525454162,0.0796163615930725,25,4.753193076856046,,0,13.0,2.639057329615259
5220_MRPL38_P1P2_ENSG00000204316,MRPL38,ENSG00000204316,7250,265,11485,3.294066989052116,3.2538337448757564,0.10996962427088813,3.0715711511402164,3.3919123754238267,0.1838228364035701,25,5.542156744216614,,2,1030.0,6.93828448401696
5221_MRPL39_P1P2_ENSG00000154719,MRPL39,ENSG00000154719,8198,286,11485,2.691616635834872,2.634185559717871,0.16377681820766632,2.3640279966134887,2.819108115586595,0.2848455449590803,25,5.020548167549883,,1,33.0,3.5263605246161616
5222_MRPL3_P1P2_ENSG00000114686,MRPL3,ENSG00000114686,1833,168,11485,3.9340358153588717,3.93553463497773,0.092034101487406,3.798750260775589,4.061298778520482,0.123934949559934,25,5.81368187579102,,0,20.0,3.044522437723423
5224_MRPL41_P1P2_ENSG00000182154,MRPL41,ENSG00000182154,4298,218,11485,4.146571190742092,4.13368990502964,0.10331010325469608,3.9234520094927703,4.259333896399795,0.1356728261441864,25,6.251520266610557,,0,46.0,3.8501476017100584
5225_MRPL42_P1P2_ENSG00000198015,MRPL42,ENSG00000198015,5503,75,11485,3.593890146271804,3.5796528237803638,0.08067045480611389,3.452659864800888,3.683488155800221,0.119972843822711,25,4.61144494114677,,0,13.0,2.639057329615259
5226_MRPL43_P1P2_ENSG00000055950,MRPL43,ENSG00000055950,4565,91,11485,4.1647972930517625,4.164520707740996,0.061238083552392894,4.0534384942173,4.2713615982877,0.05815884439751162,25,5.405786906469626,,0,34.0,3.5553480614894135
5227_MRPL44_P1P2_ENSG00000135900,MRPL44,ENSG00000135900,1425,93,11485,2.7369485546526224,2.6952348405810285,0.1473776847105105,2.4666341863871204,2.880468538710838,0.20276478295982514,25,3.953397834840643,,0,17.0,2.8903717578961645
5228_MRPL45_P1P2_ENSG00000278845,MRPL45,ENSG00000278845,7024,45,11485,2.4377252784895456,2.494309453493767,0.14807283357437706,2.31482515600511,2.7171018895314214,0.239316693202972,25,3.042778464216697,,0,8.0,2.1972245773362196
5229_MRPL46_P1P2_ENSG00000259494,MRPL46,ENSG00000259494,6393,106,11485,2.704154204546824,2.67106453599652,0.15074846950170973,2.437565031797368,2.840322767262704,0.2217555598393237,25,4.017613061903309,,0,35.0,3.58351893845611
5232_MRPL49_P1P2_ENSG00000149792,MRPL49,ENSG00000149792,4932,32,11485,1.831608277325002,1.8888030005744656,0.1825858920237444,1.6649992030027994,2.1604511315331743,0.32087946852628235,25,2.0691270366658676,,0,410.0,6.018593214496234
5233_MRPL4_P1P2_ENSG00000105364,MRPL4,ENSG00000105364,7591,153,11485,3.517935856403924,3.5035805878755384,0.0822738549790812,3.3588398230196037,3.607882873148093,0.12289476216257533,25,5.2655423892281,,0,34.0,3.5553480614894135
5234_MRPL50_P1P2_ENSG00000136897,MRPL50,ENSG00000136897,4120,140,11485,2.8238367996434963,2.731140090806783,0.24898197439513076,2.1729798020474322,2.9986618808165684,0.24235303566639477,25,4.470189484254081,,0,20.0,3.044522437723423
5235_MRPL51_P1P2_ENSG00000111639,MRPL51,ENSG00000111639,5206,99,11485,4.505525295945616,4.502331130822406,0.08860577752323466,4.346763045404716,4.640146344360071,0.10944024174529332,25,5.92991038950116,,0,12.0,2.5649493574615367
5238_MRPL54_P1P2_ENSG00000183617,MRPL54,ENSG00000183617,7521,165,11485,3.524771066945123,3.5377330274510506,0.12759521173345914,3.3368693756919683,3.7229193849779034,0.17463329172431852,25,5.379963611704109,,0,24.0,3.2188758248682006
5239_MRPL55_P1P2_ENSG00000162910,MRPL55,ENSG00000162910,820,95,11485,3.169323441502852,3.1553388108636966,0.13457580770965605,2.953210630833991,3.329018625913452,0.16583575399061612,25,4.41964321454212,,0,16.0,2.833213344056216
523_ARMC6_P1P2_ENSG00000105676,ARMC6,ENSG00000105676,7709,91,11485,1.5753183063039966,1.5665624236242293,0.35867732026829674,0.9399895135321624,2.0669773156637623,0.3885908567097811,25,2.92890812511355,,0,3.0,1.3862943611198906
5240_MRPL9_P1P2_ENSG00000143436,MRPL9,ENSG00000143436,552,84,11485,3.1249929118812076,3.0975482737114244,0.1923257878052319,2.7875832389176067,3.326910798439273,0.3182126441441948,25,4.289965339984738,,0,18.0,2.9444389791664403
5241_MRPS10_P1P2_ENSG00000048544,MRPS10,ENSG00000048544,2966,138,11485,3.557528454715584,3.5045335554093135,0.1364525006040451,3.238516179064853,3.651774938632537,0.23271088510797044,25,5.136787099489039,,0,14.0,2.70805020110221
5242_MRPS11_P1P2_ENSG00000181991,MRPS11,ENSG00000181991,6394,128,11485,3.3071676349841796,3.3092418584985523,0.11471222635772503,3.0873140216274684,3.455435882576241,0.13927109881962485,25,4.914060399481347,,0,15.0,2.772588722239781
5243_MRPS12_P1P2_ENSG00000128626,MRPS12,ENSG00000128626,7782,48,11485,3.8351995619088566,3.8183994578194524,0.10529342337834546,3.64543845126253,3.9812657929755035,0.1315701228111319,25,4.418478648362182,,0,17.0,2.8903717578961645
5244_MRPS14_P1P2_ENSG00000120333,MRPS14,ENSG00000120333,676,32,11485,2.8152816153448326,2.828539899238272,0.098975438410331,2.678421736068802,2.996875960475429,0.12312385744148191,25,3.026188961378097,,0,387.0,5.961005339623274
5246_MRPS16_P1P2_ENSG00000182180,MRPS16,ENSG00000182180,4460,228,11485,4.192006774519169,4.186991468931301,0.08912665473006678,4.064703500404244,4.320701118967032,0.13246862946845628,25,6.351380472011897,,0,16.0,2.833213344056216
5247_MRPS17_P1P2_ENSG00000239789,MRPS17,ENSG00000239789,3365,160,11485,3.3286901469041292,3.322567916479103,0.0908313480747679,3.1816570338970034,3.461542018723477,0.16247246880602173,25,5.126027960481308,,0,20.0,3.044522437723423
5248_MRPS18A_P1P2_ENSG00000096080,MRPS18A,ENSG00000096080,2990,93,11485,2.59053767448977,2.5612490296630854,0.19041697815003242,2.262529120350457,2.7871633494925323,0.21985909313746088,25,3.8363840308161548,,0,16.0,2.833213344056216
5249_MRPS18B_P1P2_ENSG00000204568,MRPS18B,ENSG00000204568,2868,30,11485,3.3767790261464223,3.356400231954688,0.059460301641281084,3.2500490985479886,3.427049462779282,0.09114037615497317,25,3.48742425664449,,0,25.0,3.258096538021482
5250_MRPS18C_P1P2_ENSG00000163319,MRPS18C,ENSG00000163319,2170,65,11485,3.527414131193709,3.525863445714425,0.12936617149170274,3.304798346774704,3.723032026925384,0.1759996232617329,25,4.444962336036061,,0,14.0,2.70805020110221
5251_MRPS21_P1P2_ENSG00000266472,MRPS21,ENSG00000266472,526,251,11485,3.3894444064503224,3.374993851548883,0.15044736705879952,3.1936082932136913,3.56493074001912,0.2159938474903247,25,5.597974535600291,2.281187438609405,4,28.0,3.367295829986474
5252_MRPS22_P1P2_ENSG00000175110,MRPS22,ENSG00000175110,1857,72,11485,3.0885960091956277,3.081343113969132,0.09734934301080478,2.9444409519659143,3.2663832457012267,0.10883524060052174,25,4.088114179626039,,0,17.0,2.8903717578961645
5253_MRPS23_P1P2_ENSG00000181610,MRPS23,ENSG00000181610,7168,102,11485,3.453211882665889,3.4161119090709233,0.18645811243876506,3.067608008227011,3.6679890167788884,0.16954633847728484,25,4.80245491363417,,0,20.0,3.044522437723423
5254_MRPS24_P1P2_ENSG00000062582,MRPS24,ENSG00000062582,3336,81,11485,4.121862614996849,4.1164831424235455,0.09313102544678825,3.977264492025083,4.256992360820805,0.12469809631220041,25,5.300371889440921,,0,35.0,3.58351893845611
5255_MRPS25_P1P2_ENSG00000131368,MRPS25,ENSG00000131368,1528,137,11485,3.1685835172523182,3.171164707145367,0.12173174357966698,2.9598304219623546,3.3470330114734446,0.1575593884369959,25,4.822841883213291,,0,17.0,2.8903717578961645
5256_MRPS26_P1P2_ENSG00000125901,MRPS26,ENSG00000125901,7985,128,11485,3.3675037713746168,3.3748685051533815,0.12146730670716863,3.1981272279182615,3.530453975397937,0.18645273653671834,25,4.985331342911865,,0,19.0,2.995732273553991
5257_MRPS27_P1P2_ENSG00000113048,MRPS27,ENSG00000113048,2467,137,11485,2.6088716805368684,2.5897221904920946,0.2142792286819986,2.427533782095247,2.7898247667990126,0.2925363317503038,25,4.247005237535265,,0,20.0,3.044522437723423
5258_MRPS28_P1P2_ENSG00000147586,MRPS28,ENSG00000147586,3804,103,11485,3.080862426438977,3.061367658678502,0.1179112917896328,2.8559934222719243,3.1856748084851723,0.13867800400636243,25,4.402525610498356,,0,40.0,3.713572066704308
5259_MRPS2_P1P2_ENSG00000122140,MRPS2,ENSG00000122140,4267,78,11485,3.1213583873380397,3.1324765719395082,0.07518997763569604,3.036546386651145,3.2566650624387714,0.12439571204265398,25,4.173011276962192,,0,13.0,2.639057329615259
5260_MRPS30_P1P2_ENSG00000112996,MRPS30,ENSG00000112996,2412,118,11485,2.46321006556025,2.3997180887723606,0.2717936185937597,2.003960875966704,2.6925168053445185,0.3901847086445578,25,3.9075561907713565,,0,13.0,2.639057329615259
5261_MRPS31_P1P2_ENSG00000102738,MRPS31,ENSG00000102738,5742,69,11485,2.3773796253118906,2.327148430485406,0.14510371667146077,2.069107234460084,2.483928656454636,0.23687969602595071,25,3.2712822575882936,,0,13.0,2.639057329615259
5262_MRPS33_P1P2_ENSG00000090263,MRPS33,ENSG00000090263,3598,94,11485,3.366002421884395,3.3712102328210745,0.1350585770606647,3.1343847557217166,3.5381177949827207,0.17691052804812246,25,4.627297177137853,,0,127.0,4.852030263919617
5263_MRPS34_P1P2_ENSG00000074071,MRPS34,ENSG00000074071,6464,70,11485,4.331125505143461,4.342755462093424,0.05911005420321711,4.270274200882152,4.437868798101153,0.08594925453540192,25,5.378761657197306,,0,2055.0,7.628517626575055
5264_MRPS35_P1P2_ENSG00000061794,MRPS35,ENSG00000061794,5282,104,11485,3.7021390232802007,3.669074908994317,0.09943999588565601,3.5151871047622927,3.784942607977219,0.11408254622315361,25,5.0553329185924065,,0,29.0,3.4011973816621555
5266_MRPS5_P1P2_ENSG00000144029,MRPS5,ENSG00000144029,1132,168,11485,2.8134627033339323,2.8241979189489466,0.18982309045964324,2.520208598597505,3.135784788819949,0.22348671904642536,25,4.750571581251317,,0,21.0,3.091042453358316
5267_MRPS6_P1P2_ENSG00000243927,MRPS6,ENSG00000243927,8226,213,11485,3.9328213316725877,3.9243969722502086,0.0896445245023218,3.7408641377932605,4.056613813288279,0.08395074460215168,25,6.01349553459732,,2,32.0,3.4965075614664802
5268_MRPS7_P1P2_ENSG00000125445,MRPS7,ENSG00000125445,7241,118,11485,3.749286022000161,3.7384542421959996,0.11045291261892262,3.5492861080847353,3.9237212407735096,0.09046851829633384,25,5.2450136629744835,,0,19.0,2.995732273553991
5269_MRPS9_P1P2_ENSG00000135972,MRPS9,ENSG00000135972,1164,92,11485,2.569709528748175,2.6181357340101488,0.16475518615755955,2.3951021803143835,2.860407533327726,0.19785682899773294,25,3.8630468851767525,,0,15.0,2.772588722239781
5285_MSL1_P1P2_ENSG00000188895,MSL1,ENSG00000188895,7046,67,11485,1.7982602993819934,1.8788344454885066,0.42635002420953294,1.2451163264752807,2.466968257180366,0.6414999107929225,25,2.754029308021284,,0,50.0,3.9318256327243257
5290_MSRB1_P1P2_ENSG00000198736,MSRB1,ENSG00000198736,6469,125,11485,1.649325854986243,1.5679986654450409,0.25159106482277876,1.1457405934723337,1.8051088434961562,0.23469758154339737,25,3.18202287254819,,0,2.0,1.0986122886681096
5293_MSTO1_P1P2_ENSG00000125459,MSTO1,ENSG00000125459,594,50,11485,1.1248447307864662,0.9273538882111186,0.6180627755498922,0.0,1.863459401417781,0.8673084723329142,25,1.5187127812091321,,0,33.0,3.5263605246161616
5298_MT2A_P1P2_ENSG00000125148,MT2A,ENSG00000125148,6670,59,11485,4.65967897207126,4.647762541873394,0.030829287159309566,4.5925010919160165,4.6786080077903724,0.050124228686637906,25,5.856833054681516,,0,5.0,1.791759469228055
5315_MTG2_P1P2_ENSG00000101181,MTG2,ENSG00000101181,8169,215,11485,1.9804260775945686,1.8780707137505912,0.41504713520754716,1.2295308107124627,2.27297118608049,0.3875707390257468,25,3.9718831607391727,,0,25.0,3.258096538021482
5317_MTHFD1_P1P2_ENSG00000100714,MTHFD1,ENSG00000100714,6005,98,11485,3.4391037583844235,3.4361083707639746,0.042595154604708314,3.368498906416691,3.493408838620279,0.05118092709960331,25,4.7504787729432865,,0,1.0,0.6931471805599453
5339_MTOR_P1P2_ENSG00000198793,MTOR,ENSG00000198793,68,102,11485,1.8892678407319774,1.8319619401166063,0.3935829984675707,1.353892539918318,2.2461209060114924,0.4018910270929106,25,3.195292101452538,,0,3655.0,8.204124932574041
5340_MTPAP_P1P2_ENSG00000107951,MTPAP,ENSG00000107951,4375,84,11485,0.9380122331068217,0.9800214086145594,0.5290500569035493,0.03134414826668891,1.555300494241925,0.8318007608816027,25,2.1719850942371974,,0,56.0,4.04305126783455
534_ARPC1B_P1P2_ENSG00000130429,ARPC1B,ENSG00000130429,3459,35,11485,4.361801342867954,4.354151725816178,0.06067442455583662,4.280577873974629,4.450892276952439,0.09727282810016824,25,4.718767821813376,,0,43.0,3.784189633918261
5356_MVD_P1P2_ENSG00000167508,MVD,ENSG00000167508,6800,72,11485,1.5443639899796042,1.4230186991417504,0.3127065029286979,0.8093960999552806,1.754821280160457,0.44942163160141946,25,2.4657459301974716,,0,545.0,6.302618975744905
535_ARPC2_P2_ENSG00000163466,ARPC2,ENSG00000163466,1398,73,11485,2.091553072927942,2.0391148035751656,0.40860526103785494,1.3038298919240707,2.4859459312843475,0.273881434489077,25,3.1435602083370933,,0,1.0,0.6931471805599453
5365_MYBBP1A_P1P2_ENSG00000132382,MYBBP1A,ENSG00000132382,6853,31,11485,2.4596204700499764,2.46649751539765,0.07067906012966962,2.358047612284543,2.5813892130543272,0.10589706291405632,25,2.59735280412632,,0,1063.0,6.96979066990159
5367_MYBL2_P1P2_ENSG00000101057,MYBL2,ENSG00000101057,8108,894,11485,2.8027976080148096,2.715907633150444,0.20136368193331236,2.4298452032370945,2.883766001289918,0.16041698354141687,25,6.229438914839344,2.1407684451720694,53,428.0,6.061456918928017
536_ARPC2_P1_ENSG00000163466,ARPC2,ENSG00000163466,1398,67,11485,4.692345693307634,4.703502082340901,0.0449752860211161,4.644593483322293,4.790418483479042,0.054513799980713706,25,5.9779766766128075,,0,1610.0,7.384610383176974
5374_MYC_P1P2_ENSG00000136997,MYC,ENSG00000136997,3901,86,11485,1.3703342771345617,1.133771521677546,0.7257492194209003,0.0,2.0582103343200595,1.0240774005095037,25,2.512543585568845,,0,1561.0,7.3537223303996315
537_ARPC3_P1_ENSG00000111229,ARPC3,ENSG00000111229,5574,39,11485,4.522067136712524,4.489508644655767,0.09825401856585199,4.358160706862874,4.593593500071935,0.1669040842628018,25,5.054420112139374,,0,434.0,6.075346031088684
538_ARPC3_P2_ENSG00000111229,ARPC3,ENSG00000111229,5574,41,11485,3.0030046567422013,3.0016732884068613,0.20148651759803096,2.693157857250792,3.2762951305228856,0.2835273749558631,25,3.4182602158004456,,0,1.0,0.6931471805599453
5410_MYSM1_P1P2_ENSG00000162601,MYSM1,ENSG00000162601,337,108,11485,2.0102334292746225,2.089414784744463,0.22124622439787794,1.7637352064720555,2.420668043574859,0.3628492174891682,25,3.535930341427703,,0,55.0,4.02535169073515
5414_MZT1_P1P2_ENSG00000204899,MZT1,ENSG00000204899,5784,47,11485,3.4065064392146263,3.4363242591691794,0.11149743952608371,3.277360585032446,3.602944461930955,0.15201408912298042,25,4.043630346859228,,0,39.0,3.6888794541139363
541_ARPC4_P1P2_ENSG00000241553,ARPC4,ENSG00000241553,1501,84,11485,3.7681512870634988,3.772995073126552,0.12097202010124274,3.5850644463860166,3.959914715729966,0.14726742008441773,25,4.959072065354984,,0,2050.0,7.62608275807238
5420_N6AMT1_P1P2_ENSG00000156239,N6AMT1,ENSG00000156239,8203,75,11485,1.3917365072319936,1.3991022327162215,0.07830622004248496,1.2890887795753667,1.550906142388625,0.08755496034733512,25,2.4795137840033714,,0,23.0,3.1780538303479458
5422_NAA10_P1P2_ENSG00000102030,NAA10,ENSG00000102030,8709,61,11485,3.8874375719838032,3.886557607446881,0.06773489043696972,3.7644191815381216,3.965354257949767,0.09191432335261318,25,4.715518412265226,,0,1441.0,7.273786317844895
5424_NAA15_P1P2_ENSG00000164134,NAA15,ENSG00000164134,2260,57,11485,3.2507679865934658,3.266683332377273,0.11738393224422837,3.09962892682774,3.4540675012011945,0.1622592506918945,25,4.033413036348944,,0,714.0,6.5722825426940075
5426_NAA20_P1P2_ENSG00000173418,NAA20,ENSG00000173418,8029,98,11485,3.731708213978875,3.722522705298621,0.1050994380862758,3.562486145697676,3.863915047469746,0.15917994159847515,25,5.029909567891386,,0,403.0,6.0014148779611505
5427_NAA25_P1P2_ENSG00000111300,NAA25,ENSG00000111300,5588,146,11485,2.110440731167807,2.111943926365215,0.25595707225511133,1.769245421628567,2.4712751638018933,0.2009845413374749,25,3.7902588747096297,,0,1261.0,7.140453043101158
5428_NAA30_P1P2_ENSG00000139977,NAA30,ENSG00000139977,5980,135,11485,1.754821280160457,1.705820982800796,0.2538500366476274,1.280877171228395,1.999593138332298,0.39476179910876286,25,3.400875299299386,,0,369.0,5.91350300563827
5429_NAA35_P1P2_ENSG00000135040,NAA35,ENSG00000135040,4075,316,11485,2.5171225407305626,2.4970255726180026,0.17544653238139762,2.162573741936089,2.6943686028408846,0.22061153515602294,25,4.965961896880824,,1,745.0,6.61472560020376
5430_NAA38_P1P2_ENSG00000183011,NAA38,ENSG00000183011,6901,90,11485,0.7454920382693367,0.6591113741018799,0.5920252023886908,0.0,1.482388863529459,1.019495152267198,25,1.6837263497268582,,0,2523.0,7.8336002236611035
5432_NAA50_P1P2_ENSG00000121579,NAA50,ENSG00000121579,1773,64,11485,3.3065683715907763,3.277168577576249,0.20320479146977305,2.9344438899764667,3.563708814448893,0.27777989860302865,25,4.204824331196758,,0,1012.0,6.920671504248683
5441_NACA_P1P2_ENSG00000196531,NACA,ENSG00000196531,5416,31,11485,4.300274560877293,4.302171522011972,0.07888417987541844,4.205680122980344,4.4530606210454655,0.09484325748983657,25,4.942067230154242,,0,1095.0,6.999422467507961
5448_NAE1_P1P2_ENSG00000159593,NAE1,ENSG00000159593,6698,53,11485,3.7387610396841553,3.7273946052659106,0.05359123015376612,3.653618398270443,3.797843299446683,0.06478152745244525,25,4.417908043992132,,0,877.0,6.777646593635117
5449_NAF1_P1P2_ENSG00000145414,NAF1,ENSG00000145414,2300,60,11485,2.4435447446786647,2.4307058115150166,0.06925325060748747,2.319741485651823,2.5374966532015506,0.07602581216185644,25,3.2460641239821717,,0,1246.0,7.1284959456800365
5452_NAGLU_P1P2_ENSG00000108784,NAGLU,ENSG00000108784,7071,259,11485,1.7225106005082458,1.716373610289112,0.3422260963794361,1.0802962196630663,2.0992737421066745,0.42801936726589385,25,4.1388075090342085,,0,6.0,1.9459101490553132
5464_NAPG_P1P2_ENSG00000134265,NAPG,ENSG00000134265,7351,226,11485,2.506826674854958,2.487796740031006,0.11429411131451281,2.260799497675068,2.625980078034085,0.12444668862765429,25,4.630569945753767,,0,318.0,5.765191102784844
5467_NARS2_P1P2_ENSG00000137513,NARS2,ENSG00000137513,5046,224,11485,1.5980356626784602,1.3721485576879926,0.4703770619635573,0.47740089081795695,1.7923030094761498,0.5925326914294138,25,3.582898990155086,,0,16.0,2.833213344056216
5468_NARS_P1P2_ENSG00000134440,NARS,ENSG00000134440,7424,75,11485,3.351228723847761,3.3437742060183204,0.1451514343582431,3.0598827545757397,3.571420099334655,0.06668655973271465,25,4.468101311684712,,0,1953.0,7.577633832602728
5469_NASP_P1P2_ENSG00000132780,NASP,ENSG00000132780,287,103,11485,3.873742045781959,3.8913951278917835,0.10087779001829296,3.7713056207590316,4.047316648908907,0.1352918369593903,25,5.298074068797934,,0,68.0,4.23410650459726
5476_NBAS_P1P2_ENSG00000151779,NBAS,ENSG00000151779,904,70,11485,2.4786921800377066,2.4039391535590013,0.20458985298788435,2.0741086045367516,2.661945506895832,0.34016966604678567,25,3.420383914796512,,0,1575.0,7.362645270417825
5477_NBEAL1_P1P2_ENSG00000144426,NBEAL1,ENSG00000144426,1367,170,11485,1.7728569867051502,1.7045659784114557,0.5927690398811484,0.7123910491269174,2.3677052413424913,0.7218574696151256,25,3.5654132834055146,,0,1.0,0.6931471805599453
5487_NCAPD2_P1P2_ENSG00000010292,NCAPD2,ENSG00000010292,5207,123,11485,3.1462742006947777,3.0800286689229166,0.24771392821294716,2.5902931344163194,3.354922414646823,0.2242182816628815,25,4.59312531634909,,0,375.0,5.929589143389895
5489_NCAPG2_P1P2_ENSG00000146918,NCAPG2,ENSG00000146918,3636,43,11485,2.5549791637094974,2.5016499751564307,0.1855122392782826,2.2200152905804016,2.747713417557847,0.20557022835035665,25,2.960219755011193,,0,769.0,6.646390514847729
5490_NCAPG_P1P2_ENSG00000109805,NCAPG,ENSG00000109805,2059,33,11485,2.5889443275430457,2.582599535260743,0.1921557464137128,2.3685774930207817,2.9448592965001232,0.21840405747483382,25,2.82847441495792,,0,289.0,5.66988092298052
5491_NCAPH2_P1P2_ENSG00000025770,NCAPH2,ENSG00000025770,8465,64,11485,1.9572991299384355,1.7645617004274976,0.4163597604642536,0.9521419654416349,2.1719944543874927,0.5235599926724421,25,2.713158846580612,,0,1571.0,7.360103972989152
5492_NCAPH_P1P2_ENSG00000121152,NCAPH,ENSG00000121152,1140,36,11485,2.5823713940640736,2.588536861825699,0.059933428403053025,2.4921280747247803,2.69161213072772,0.05899661887015073,25,2.872951798627947,,0,1142.0,7.04141166379481
5493_NCBP1_P1P2_ENSG00000136937,NCBP1,ENSG00000136937,4105,29,11485,2.3270046936663378,2.326612695932119,0.11783447709775363,2.1780308162716873,2.5614407519809577,0.14262332095167984,25,2.4023633004764786,,0,738.0,6.6052979209482015
5494_NCBP2_P1P2_ENSG00000114503,NCBP2,ENSG00000114503,1992,39,11485,2.8470520805809545,2.8073651921344704,0.13536413348572388,2.61628831895505,3.01310325251307,0.1705100326861091,25,3.190478443582225,,0,802.0,6.688354713946762
5499_NCKAP1_P1P2_ENSG00000061676,NCKAP1,ENSG00000061676,1312,82,11485,3.5507956701931183,3.5513085584613027,0.07416429657910383,3.429737438451871,3.6612083912994473,0.09128626332021739,25,4.677517812424731,,0,750.0,6.621405651764134
5503_NCL_P2_ENSG00000115053,NCL,ENSG00000115053,1444,67,11485,1.1543714994283363,1.1278312815500875,0.4659379966320195,0.391532301260392,1.811316165801584,0.6532882916801029,25,1.985396491570179,,0,0.0,0.0
5504_NCL_P1_ENSG00000115053,NCL,ENSG00000115053,1444,27,11485,4.003309283694344,4.005386180664894,0.04273069811010966,3.952476922460474,4.084627092153263,0.04827236317578709,25,4.259510125433883,,0,754.0,6.626717749249025
5508_NCOA4_P1P2_ENSG00000266412,NCOA4,ENSG00000266412,4398,106,11485,2.5456505500914317,2.490274547358166,0.34055136653452983,1.8531740444587963,2.876599319895255,0.47885442976359904,25,3.9372477659951644,,0,4.0,1.6094379124341003
5518_NDC1_P1P2_ENSG00000058804,NDC1,ENSG00000058804,325,111,11485,2.1968291744241033,2.1442398835911813,0.15550184113385981,1.8802753476225402,2.3279805053645632,0.2203000760984981,25,3.508889667254766,,0,450.0,6.111467339502679
5519_NDC80_P1P2_ENSG00000080986,NDC80,ENSG00000080986,7332,100,11485,2.6951550223510146,2.6965450673338314,0.2028945613240958,2.347329848087035,2.9922678316767946,0.31107976014766026,25,4.044188252269526,,0,1332.0,7.195187320178709
5531_NDUFA11_P1P2_ENSG00000174886,NDUFA11,ENSG00000174886,7547,120,11485,4.402956687289615,4.390949162078108,0.09330418408198905,4.228729281805819,4.500746297261601,0.09529957427048252,25,5.951710713159633,,0,11.0,2.4849066497880004
5535_NDUFA2_P1P2_ENSG00000131495,NDUFA2,ENSG00000131495,2645,35,11485,3.380953335511288,3.408715159882851,0.14604143880953413,3.2096690051544674,3.6606591419711867,0.15070504001230756,25,3.6969640832883157,,0,924.0,6.829793737512425
5536_NDUFA3_P1P2_ENSG00000170906,NDUFA3,ENSG00000170906,7920,181,11485,3.1884273140299513,3.1491437818331316,0.15779161283167736,2.869938716040904,3.365756739872129,0.19086060909734748,25,5.0738345815090256,,2,997.0,6.905753276311464
5537_NDUFA4_P1P2_ENSG00000189043,NDUFA4,ENSG00000189043,3267,115,11485,4.537166366963197,4.518712015439301,0.06557239588949997,4.420030743279879,4.573473843502116,0.04910593740221181,25,6.099454307205671,,0,4.0,1.6094379124341003
5539_NDUFA6_P1P2_ENSG00000184983,NDUFA6,ENSG00000184983,8430,110,11485,3.7041118790500107,3.676042243402421,0.1175541352232504,3.431835962628288,3.8177896606881156,0.13612826429244596,25,5.085990638698197,,0,3.0,1.3862943611198906
5541_NDUFA8_P1P2_ENSG00000119421,NDUFA8,ENSG00000119421,4169,45,11485,3.7816843177771897,3.7675619210925184,0.06332597765048303,3.6583104331360334,3.86012891937831,0.07367225413809342,25,4.306452504234449,,0,10.0,2.3978952727983707
5543_NDUFAB1_P1P2_ENSG00000004779,NDUFAB1,ENSG00000004779,6575,76,11485,4.009874921500209,4.011298111906927,0.11610361614197516,3.8103020654196342,4.1792012142822825,0.1237765376855311,25,5.08655795184034,,0,1506.0,7.317876198626496
5546_NDUFAF3_P1P2_ENSG00000178057,NDUFAF3,ENSG00000178057,1633,105,11485,3.9528241422617763,3.931028672252865,0.08490861705555118,3.792174816085019,4.025740507339585,0.1333446244972989,25,5.314025309878371,,0,8.0,2.1972245773362196
5551_NDUFB10_P1P2_ENSG00000140990,NDUFB10,ENSG00000140990,6470,97,11485,4.492772330896021,4.495435374580046,0.05811584376496547,4.398369034987174,4.574034548303783,0.08235578800570842,25,5.89034716560715,,0,448.0,6.1070228877422545
5555_NDUFB3_P1P2_ENSG00000119013,NDUFB3,ENSG00000119013,1357,138,11485,4.014092569797219,4.022044031894597,0.12252035562240174,3.8388333845469527,4.184908911446091,0.17986263887031217,25,5.731963327351129,,0,4.0,1.6094379124341003
5556_NDUFB4_P1P2_ENSG00000065518,NDUFB4,ENSG00000065518,1785,166,11485,4.082889067223719,4.091428875265775,0.04380575978844082,4.039523226834038,4.151380241488511,0.053726350846975635,25,5.972322648280395,,0,5.0,1.791759469228055
5558_NDUFB6_P1P2_ENSG00000165264,NDUFB6,ENSG00000165264,3995,81,11485,3.7161604989089603,3.69440112969002,0.11090856269598522,3.490870499795193,3.845288971351697,0.10680362813432387,25,4.822570808442716,,0,3.0,1.3862943611198906
5559_NDUFB7_P1P2_ENSG00000099795,NDUFB7,ENSG00000099795,7660,106,11485,4.227689992172856,4.219972042883035,0.04908475257652571,4.144073077050691,4.2737776232542295,0.050883473909071775,25,5.654963598841161,,0,2.0,1.0986122886681096
5560_NDUFB8_P1P2_ENSG00000166136,NDUFB8,ENSG00000166136,4562,154,11485,4.495249119327635,4.490864609181806,0.08679635449051983,4.338517044941158,4.605465284977116,0.10168007821389136,25,6.316540107957122,,0,35.0,3.58351893845611
5567_NDUFS3_P1P2_ENSG00000213619,NDUFS3,ENSG00000213619,4832,120,11485,3.3423624823572555,3.337058417894025,0.1422169840413509,3.146770934948833,3.524921534157831,0.26881409352879215,25,4.89922925029499,,0,4.0,1.6094379124341003
5569_NDUFS5_P1_ENSG00000168653,NDUFS5,ENSG00000168653,241,61,11485,4.51842082749252,4.495721952831696,0.08405190158338932,4.332633206451157,4.600826115548566,0.07059934580011884,25,5.455164220363316,,0,1.0,0.6931471805599453
5570_NDUFS5_P2_ENSG00000168653,NDUFS5,ENSG00000168653,241,48,11485,4.30288385085659,4.326665078133372,0.09007565160681892,4.203753200057797,4.460113356144798,0.13432115631197306,25,5.008575180959662,,0,1.0,0.6931471805599453
5576_NDUFV2_P1P2_ENSG00000178127,NDUFV2,ENSG00000178127,7344,84,11485,4.26226763050991,4.278630950077604,0.07635480304977778,4.16822055021971,4.3975930897049915,0.08555806162155744,25,5.513366643200527,,0,273.0,5.6131281063880705
5583_NEDD1_P1P2_ENSG00000139350,NEDD1,ENSG00000139350,5516,151,11485,2.363952788234956,2.323978358781311,0.3156408705731281,1.8133627667034908,2.7064503281589776,0.6551410036932692,25,4.1460222481933355,,0,95.0,4.564348191467836
5588_NEDD8_P1P2_ENSG00000129559,NEDD8,ENSG00000129559,5893,61,11485,4.444829476068065,4.423672437297836,0.0938680569627645,4.290904065406004,4.5428040486076045,0.16429826156941463,25,5.434456580067468,,0,3442.0,8.144098463338524
5598_NELFA_P1P2_ENSG00000185049,NELFA,ENSG00000185049,2017,60,11485,1.808639129210049,1.8210677537379774,0.09025604479377718,1.6788889945003937,1.9398272946173558,0.10380415046257907,25,2.6587038861169985,,0,1503.0,7.315883504509785
5599_NELFB_P1P2_ENSG00000188986,NELFB,ENSG00000188986,4295,153,11485,2.568748462885938,2.5875702084505807,0.15932634127968417,2.267068835033844,2.7811018878298563,0.22969816335210602,25,4.32332263712609,,0,2066.0,7.633853559681768
5600_NELFCD_P1P2_ENSG00000101158,NELFCD,ENSG00000101158,8162,113,11485,3.032036676454395,2.994725655293121,0.1097368363264938,2.842875582830262,3.1285191538880204,0.16066058091070756,25,4.442104242030638,,0,1776.0,7.482681828154651
5601_NELFE_P1P2_ENSG00000204356,NELFE,ENSG00000204356,2901,98,11485,3.449319620827359,3.454453582135476,0.060558172564420996,3.334629527838728,3.528536314529774,0.07130532865122241,25,4.7540851232647725,,0,2303.0,7.742402021815781
5602_NEMF_P1P2_ENSG00000165525,NEMF,ENSG00000165525,5942,79,11485,3.3575968552089077,3.317768661107502,0.13978012521670882,3.0942698205538357,3.504217785699792,0.23433894704167235,25,4.398748529789243,,0,4.0,1.6094379124341003
5619_NF1_P1P2_ENSG00000196712,NF1,ENSG00000196712,6994,64,11485,3.047014507945707,3.040710517241506,0.09484514967074557,2.877156743116083,3.19286901509556,0.07423473741689923,25,3.9304646495087106,,0,26.0,3.295836866004329
5624_NFATC2IP_P1P2_ENSG00000176953,NFATC2IP,ENSG00000176953,6593,150,11485,2.5355742678183346,2.5278517306729893,0.15628721993905081,2.313903152994388,2.7261714162360375,0.22830279926820918,25,4.263684177918939,,0,1.0,0.6931471805599453
5651_NFRKB_P1P2_ENSG00000170322,NFRKB,ENSG00000170322,5174,150,11485,1.0044218325751175,0.8041645131878248,0.45361611714498673,0.07644645026527001,1.3322344372562296,0.7470326982722308,25,2.763632821577219,,0,814.0,6.703188113240863
5652_NFS1_P1P2_ENSG00000244005,NFS1,ENSG00000244005,8075,56,11485,1.5768661613028425,1.5651133994475241,0.09955844594298441,1.433629997844064,1.6692307529059973,0.13971185750643245,25,2.3219407467266953,,0,1138.0,7.037905963447182
5657_NFYB_P1P2_ENSG00000120837,NFYB,ENSG00000120837,5540,84,11485,2.1102276951579158,2.1143666927072933,0.3162636347225027,1.6433139896528366,2.577452912920885,0.4161166901293245,25,3.282652535826914,,0,1824.0,7.509335266016592
5658_NFYC_P1P2_ENSG00000066136,NFYC,ENSG00000066136,251,121,11485,1.8519660091078047,1.8023016989605218,0.5164639277894586,1.0051433024171899,2.406129714964344,0.7525605375934243,25,3.3952098104329336,,0,2261.0,7.724004656676065
5665_NHLRC2_P1P2_ENSG00000196865,NHLRC2,ENSG00000196865,4617,76,11485,2.6037497423262224,2.574771370658182,0.20846236488201964,2.2524136900181815,2.8703530748392225,0.3323047355124342,25,3.706781248455607,,0,3.0,1.3862943611198906
5667_NHP2_P1P2_ENSG00000145912,NHP2,ENSG00000145912,2754,48,11485,4.2461616455337925,4.235801217587652,0.09676621617286035,4.08293079930207,4.381571730105145,0.13476915969921155,25,4.877066964566999,,0,974.0,6.882437470997847
5680_NISCH_P1P2_ENSG00000010322,NISCH,ENSG00000010322,1674,167,11485,1.3270346806557392,1.3417821313568632,0.13607453552806337,1.1575335978947876,1.5421556294564203,0.1704542181837101,25,3.2588080703533473,,0,2.0,1.0986122886681096
5683_NKAP_P1P2_ENSG00000101882,NKAP,ENSG00000101882,8663,83,11485,2.294804085583233,2.290587681886632,0.27752763039099787,1.9062047997705456,2.7608009882534423,0.3913620910638729,25,3.446876602312944,,0,2200.0,7.696667081526462
5702_NLE1_P1P2_ENSG00000073536,NLE1,ENSG00000073536,7008,37,11485,1.260865361847872,1.2953724859481213,0.283084248053033,0.987860799572321,1.8248718436450382,0.32634467189382654,25,1.6409327488567955,,0,1309.0,7.177782416195197
5707_NMD3_P1P2_ENSG00000169251,NMD3,ENSG00000169251,1914,42,11485,2.2974222614600293,2.3492169402976035,0.14462874324087155,2.1756263307671233,2.5515544512990638,0.27559260041726086,25,2.7919534912202395,,0,968.0,6.876264611890766
5720_NMT1_P1P2_ENSG00000136448,NMT1,ENSG00000136448,7109,72,11485,2.767406194705534,2.79251454566486,0.13285468521309568,2.5848234096714826,2.9678932970110026,0.16272168556634492,25,3.7939929563985024,,0,160.0,5.081404364984463
5726_NOB1_P1P2_ENSG00000141101,NOB1,ENSG00000141101,6738,27,11485,2.895315836122265,2.896866083108792,0.04884923436991174,2.8199412500036076,2.979740910720598,0.049370511498392666,25,2.9040194264926407,,0,480.0,6.175867270105761
572_ASCC3_P1P2_ENSG00000112249,ASCC3,ENSG00000112249,3074,127,11485,3.374639384060905,3.3812224891432514,0.14274105811156484,3.1356931806317276,3.590515200080109,0.1903271720732742,25,4.955397727875238,,0,3983.0,8.290041618704489
5730_NOC3L_P1P2_ENSG00000173145,NOC3L,ENSG00000173145,4526,45,11485,3.1762838482542337,3.16137222258333,0.13165091431232886,2.9566843491961206,3.323283557165348,0.2082244359006995,25,3.6966411062328173,,0,1316.0,7.183111701743281
5733_NOL11_P1P2_ENSG00000130935,NOL11,ENSG00000130935,7216,30,11485,2.7762976294613533,2.7814613886242414,0.06781031421805998,2.6773796806902244,2.891964104682521,0.09091909533751608,25,2.907446739897253,,0,1387.0,7.23561914106675
5734_NOL12_P1P2_ENSG00000273899,NOL12,ENSG00000273899,8382,29,11485,2.3240728881003507,2.3421449586492575,0.09688391424694714,2.2166348419238155,2.516637533583356,0.06941121889907098,25,2.4356389877549374,,0,586.0,6.375024819828097
5736_NOL7_P1P2_ENSG00000225921,NOL7,ENSG00000225921,2814,60,11485,3.7716555858462497,3.7513709400021127,0.13716374164765344,3.5330251547955136,3.95284811780334,0.16657833223111718,25,4.634238484770755,,0,470.0,6.154858094016418
5737_NOL8_P1P2_ENSG00000198000,NOL8,ENSG00000198000,4088,38,11485,2.918782940897209,2.921414835016086,0.10404203000159074,2.7633203604145598,3.073130939260345,0.10381083220061038,25,3.2667337839453503,,0,1345.0,7.204892510204673
5739_NOLC1_P1P2_ENSG00000166197,NOLC1,ENSG00000166197,4579,39,11485,3.5064746121329593,3.502253964828567,0.08067662716309944,3.403321856983851,3.6515607092361764,0.11521120118656158,25,3.8969032392616487,,0,949.0,6.856461984594587
5740_NOM1_P1P2_ENSG00000146909,NOM1,ENSG00000146909,3633,59,11485,2.2059525079559164,2.1800372230620346,0.24796564263287751,1.8175182719089409,2.5395020779569055,0.44459262604876715,25,3.0315461407618374,,0,1131.0,7.0317412587631285
5746_NOP14_P1P2_ENSG00000087269,NOP14,ENSG00000087269,2028,37,11485,2.886986459879476,2.8710281003798968,0.14599348893646968,2.6680794322833075,3.146440543610448,0.19321384339658643,25,3.1718422534015493,,0,992.0,6.900730664045173
5749_NOP56_P1P2_ENSG00000101361,NOP56,ENSG00000101361,7981,93,11485,2.25970985559198,2.2490792707548453,0.45319267528856316,1.5900227144192576,2.91636840931029,0.6910079191592806,25,3.474552812370255,,0,4.0,1.6094379124341003
5766_NPEPPS_P1P2_ENSG00000141279,NPEPPS,ENSG00000141279,7121,161,11485,1.7523396492852072,1.6278536021904038,0.7656928197447157,0.12297073132798976,2.740394692726131,0.8256788805268473,25,3.3218087303711754,,1,20.0,3.044522437723423
5768_NPLOC4_P1P2_ENSG00000182446,NPLOC4,ENSG00000182446,7287,193,11485,2.593957115233311,2.6001867709047186,0.18676913094106173,2.268224376012283,2.863756750756569,0.20585507093120992,25,4.696443113843008,,1,2793.0,7.935229539816907
5770_NPM1_P1P2_ENSG00000181163,NPM1,ENSG00000181163,2717,44,11485,4.500592277106378,4.494726431110917,0.06673778953776979,4.394210946140904,4.603713304882264,0.07980435895330729,25,5.4042885387511195,,0,439.0,6.0867747269123065
5771_NPM3_P1P2_ENSG00000107833,NPM3,ENSG00000107833,4573,57,11485,3.1556499607256714,3.145016577335142,0.14147662535123595,2.8927653723312576,3.3380621661898173,0.2006246207571194,25,3.9161137232011827,,0,1.0,0.6931471805599453
579_ASF1B_P1P2_ENSG00000105011,ASF1B,ENSG00000105011,7653,162,11485,2.4218205748849546,2.400488707644408,0.1860811317235825,2.1105408685280227,2.595101715702607,0.2167238253959507,25,4.236256090299827,,0,7.0,2.0794415416798357
5809_NRBP1_P1P2_ENSG00000115216,NRBP1,ENSG00000115216,948,158,11485,3.053259775860633,3.036283914813905,0.16039068996267264,2.7995066907421804,3.2933675962018665,0.2231936960152221,25,4.825326490054365,,0,329.0,5.799092654460526
5810_NRDE2_P1P2_ENSG00000119720,NRDE2,ENSG00000119720,6076,46,11485,1.522172864229763,1.510582760028141,0.10815687388714322,1.3296827113676046,1.6611964166716497,0.13595784318353288,25,2.086540894769095,,0,1183.0,7.076653815443951
5821_NSA2_P1P2_ENSG00000164346,NSA2,ENSG00000164346,2479,41,11485,3.310155071503102,3.3336957033414927,0.16469710650199504,3.1146235037133945,3.646554430600571,0.21223663757501754,25,3.76633128611874,,0,880.0,6.78105762593618
5825_NSF_ENST00000398238.4_ENSG00000073969,NSF,ENSG00000073969,7117,65,11485,2.295652512256871,2.240439823690883,0.18954392007746282,1.9335244648124712,2.5075373643655356,0.2555573831440614,25,3.1715007332865675,,0,1407.0,7.249925536717988
5826_NSL1_P1P2_ENSG00000117697,NSL1,ENSG00000117697,774,51,11485,3.0149264099000646,3.0201687010485934,0.04838262896728717,2.956765663326084,3.1077118174223544,0.05813017717058422,25,3.667754900586379,,0,516.0,6.248042874508429
5828_NSMCE1_P1P2_ENSG00000169189,NSMCE1,ENSG00000169189,6583,50,11485,2.8950514785293135,2.9016196951180486,0.10925144061035484,2.7554172431985346,3.0533692264000036,0.2009501138678722,25,3.512913001681755,,0,20.0,3.044522437723423
5829_NSMCE2_P1P2_ENSG00000156831,NSMCE2,ENSG00000156831,3900,75,11485,2.129255379662673,2.180006466621871,0.21582301017261196,1.8644542876853967,2.5016224951058694,0.3566590815796804,25,3.297905567700026,,0,548.0,6.3080984415095305
5832_NSRP1_P1P2_ENSG00000126653,NSRP1,ENSG00000126653,6986,43,11485,3.038599692468413,3.035367152997625,0.12205328323254723,2.891523817768164,3.2251979742052472,0.22526209779418105,25,3.570728242915833,,0,1379.0,7.22983877815125
5834_NSUN4_P1P2_ENSG00000117481,NSUN4,ENSG00000117481,296,124,11485,1.2001812185300396,0.9564706537023338,0.5317411780439664,0.0,1.452885288069518,0.8292170401379059,25,2.6706312525878912,,0,11.0,2.4849066497880004
5851_NUB1_P1P2_ENSG00000013374,NUB1,ENSG00000013374,3623,148,11485,2.9985008010301564,3.0053442274422224,0.10639751970029701,2.821071967972094,3.1666243581534776,0.10817562654278978,25,4.732637593609048,,0,680.0,6.523562306149512
5852_NUBP1_P1P2_ENSG00000103274,NUBP1,ENSG00000103274,6530,37,11485,2.5016519411706226,2.4921110974669416,0.07622327145687116,2.3566569074598083,2.5754764875951155,0.0879529179257661,25,2.817969417115437,,0,821.0,6.71174039505618
5853_NUBP2_P1P2_ENSG00000095906,NUBP2,ENSG00000095906,6466,92,11485,3.1932761820147384,3.1590222142728983,0.16284073954039277,2.919218854535828,3.3581396041935885,0.20125158779835983,25,4.448546302498223,,0,956.0,6.863803391452954
585_GET3_P1P2_ENSG00000198356,GET3,ENSG00000198356,7629,175,11485,3.4279806152086874,3.384885225117781,0.15762489993165332,3.0800043168800078,3.5719308971569217,0.16094559148932674,25,5.280936249905048,,0,189.0,5.247024072160486
5860_NUDCD3_P1P2_ENSG00000015676,NUDCD3,ENSG00000015676,3343,134,11485,2.2958955714227933,2.2774482145750614,0.2848819463189162,1.746711367011223,2.627914454126797,0.37766863780974225,25,3.9747817480652876,,0,2255.0,7.721348612617949
5861_NUDC_P1P2_ENSG00000090273,NUDC,ENSG00000090273,148,57,11485,4.3558387072371785,4.383409623926101,0.06446611715338783,4.301183857069176,4.485077669922919,0.11350990476484935,25,5.213744858118657,,0,1664.0,7.417580402414544
5864_NUDT15_P1P2_ENSG00000136159,NUDT15,ENSG00000136159,5762,74,11485,2.177304818659615,2.199285535811731,0.26092483335158934,1.8527298835106851,2.6057892080484724,0.42279928280571255,25,3.2799455420510384,,0,55.0,4.02535169073515
5878_NUF2_P1P2_ENSG00000143228,NUF2,ENSG00000143228,642,62,11485,2.680271195020592,2.6771659368186698,0.2083934369291918,2.3290119012275894,3.0201721290333796,0.2653480350096902,25,3.570250715652547,,0,1800.0,7.496097345175956
5885_NUP107_P1P2_ENSG00000111581,NUP107,ENSG00000111581,5459,143,11485,2.723470163538164,2.7189887135183857,0.1618727043479327,2.4550177452068325,2.9319193450445162,0.24404061650368813,25,4.313041146364662,,0,2982.0,8.000684784514748
5886_NUP133_P1P2_ENSG00000069248,NUP133,ENSG00000069248,827,110,11485,1.9843982615892524,2.012145282777184,0.26808529316480867,1.5901522113050364,2.3592066838577432,0.40305244397189055,25,3.384740055606444,,0,2072.0,7.636752112435779
5887_NUP153_P1P2_ENSG00000124789,NUP153,ENSG00000124789,2824,113,11485,2.054520196723433,2.1164251034176216,0.3378030500182298,1.7167700449305814,2.577422287432091,0.5962176524433407,25,3.6564009417743333,,0,1785.0,7.487733761436444
5888_NUP155_P1P2_ENSG00000113569,NUP155,ENSG00000113569,2393,31,11485,0.0,0.03426949643367163,0.10939949047593457,0.0,0.1861316995183585,0.0,25,0.0,,0,114.0,4.74493212836325
5889_NUP160_P1P2_ENSG00000030066,NUP160,ENSG00000030066,4837,63,11485,2.0965150169237567,1.9852376723293153,0.20802532812072702,1.6524870255269941,2.1760595676566368,0.37120847739993135,25,2.858652256983366,,0,2098.0,7.649216319820633
5891_NUP205_P1P2_ENSG00000155561,NUP205,ENSG00000155561,3582,55,11485,1.952121813238649,1.968441849772048,0.3282835156074938,1.447618735164935,2.524271992459284,0.32414959813614885,25,2.7794390977376024,,0,1494.0,7.3098814858247865
5893_NUP214_P1P2_ENSG00000126883,NUP214,ENSG00000126883,4241,74,11485,2.1781050372089847,2.1724876276949745,0.29968793577691666,1.6679328718990916,2.476553739504105,0.3585780387279227,25,3.2172996610481954,,0,1610.0,7.384610383176974
5894_NUP35_P1P2_ENSG00000163002,NUP35,ENSG00000163002,1313,65,11485,1.834664985823181,1.7423049225720206,0.2178382073944901,1.3586501773537116,1.9678208811186124,0.18803643021078953,25,2.5665703259355865,,0,125.0,4.836281906951478
5896_NUP43_P1P2_ENSG00000120253,NUP43,ENSG00000120253,3179,72,11485,1.6790554984741353,1.5920510348648278,0.22449653449427423,1.1137690724146636,1.754821280160457,0.15010763472198918,25,2.505813417290794,,0,916.0,6.821107472256465
5898_NUP54_P1P2_ENSG00000138750,NUP54,ENSG00000138750,2145,80,11485,2.611594258415367,2.5505882271268887,0.13495815644274411,2.335335888903927,2.688844336794814,0.22244854385038293,25,3.6538466710645707,,0,1572.0,7.360739903058278
5900_NUP62_P1P2_ENSG00000213024,NUP62,ENSG00000213024,7902,75,11485,2.856192271988625,2.8319942299583207,0.18826932570471386,2.478942843271828,3.067817286108314,0.24677921200482134,25,3.861680443153367,,0,1976.0,7.589335823170617
5901_NUP85_P1P2_ENSG00000125450,NUP85,ENSG00000125450,7239,77,11485,1.3863501697093457,1.2260049455940911,0.5705871731898261,0.26660938722516114,1.9678249478710113,0.8614896741697097,25,2.4999126179836284,,0,1864.0,7.5310163320779155
5902_NUP88_P1P2_ENSG00000108559,NUP88,ENSG00000108559,6867,114,11485,2.488648592123199,2.5026094726985364,0.15313047823247306,2.253589417880504,2.695284892766019,0.2115019484331131,25,4.025669057280938,,0,2339.0,7.757906208351747
5904_NUP98_P1P2_ENSG00000110713,NUP98,ENSG00000110713,4713,106,11485,2.5942489107874076,2.5536109681924315,0.25637743438464894,2.0398360772218784,2.836121784999356,0.3702940399221246,25,3.9650086942849203,,0,3392.0,8.129469764784231
5906_NUS1_P1P2_ENSG00000153989,NUS1,ENSG00000153989,3115,75,11485,0.3854620041770011,0.6068738820832723,0.6786885522170192,0.0,1.7962201727369158,1.1142462989071225,25,1.4779688783899758,,0,2.0,1.0986122886681096
5908_NUTF2_P1P2_ENSG00000102898,NUTF2,ENSG00000102898,6717,66,11485,3.48092106440775,3.499089268916429,0.17704120185951433,3.223162356231753,3.7374890121477393,0.22446761499251933,25,4.415622155378075,,0,1576.0,7.3632795869630385
5909_NVL_P1P2_ENSG00000143748,NVL,ENSG00000143748,799,37,11485,0.0,0.41475299012725986,0.5413069441651926,0.0,1.3618636536361364,0.8886839266304625,25,0.0,,0,765.0,6.641182169740591
5910_NXF1_P1_ENSG00000162231,NXF1,ENSG00000162231,4889,29,11485,0.0,0.012636080559209511,0.050448131253345026,0.0,0.05667566960227485,0.0,25,0.0,,0,0.0,0.0
5911_NXF1_P2_ENSG00000162231,NXF1,ENSG00000162231,4889,167,11485,0.0,0.09114785731650071,0.31931068602051893,0.0,0.7746655660452668,0.0,25,0.0,,0,3.0,1.3862943611198906
5928_OGFOD1_P1P2_ENSG00000087263,OGFOD1,ENSG00000087263,6668,55,11485,2.3989521436285695,2.406517575402729,0.17566731594703,2.1788998844645198,2.623568931743408,0.2968957920175237,25,3.197137837755677,,0,1657.0,7.4133673356952405
592_INTS13_P1P2_ENSG00000064102,INTS13,ENSG00000064102,5275,60,11485,2.999320564398035,3.0109366023613138,0.11069921963271284,2.8960335024029686,3.1314674258390784,0.14436525094109598,25,3.805548982440368,,0,318.0,5.765191102784844
5933_OGT_P1P2_ENSG00000147162,OGT,ENSG00000147162,8591,43,11485,0.5893487509909658,0.6806532534334374,0.5963948016088287,0.0,1.602930765396577,1.1263072459346906,25,1.1960378133554797,,0,607.0,6.410174881966167
5934_OIP5_P1P2_ENSG00000104147,OIP5,ENSG00000104147,6193,136,11485,1.6692253203456469,1.4923766496499133,0.37031330901464043,0.8551283939975727,1.808639570710767,0.6574765593191279,25,3.1258388859387796,,0,1.0,0.6931471805599453
593_INTS13_P1P2_ENSG00000064102,INTS13,ENSG00000064102,5275,48,11485,2.7527508132639547,2.7156638846364434,0.20434294692338048,2.404381701456155,3.040789296517326,0.23048236095000219,25,3.244903948478081,,0,251.0,5.529429087511423
5944_OPA1_P1P2_ENSG00000198836,OPA1,ENSG00000198836,1974,61,11485,3.110383707253441,3.09988662559288,0.10099550283786828,2.9328228523793114,3.220288641943667,0.13533196543405746,25,3.9416789600089914,,0,203.0,5.318119993844216
594_INTS13_P1P2_ENSG00000064102,INTS13,ENSG00000064102,5275,197,11485,2.9583671014601847,2.9343875711459817,0.17408206853144748,2.6641985101355616,3.1811206295207706,0.13664927557536943,25,4.919916670090606,,0,789.0,6.672032945461067
5965_ORC1_P1P2_ENSG00000085840,ORC1,ENSG00000085840,314,57,11485,1.0517747960068675,1.128002629233653,0.3671646288139598,0.6100802920842183,1.6146736521419558,0.62253778139,25,2.018480835143659,,0,2438.0,7.79934339821592
5967_ORC3_P1P2_ENSG00000135336,ORC3,ENSG00000135336,3054,58,11485,2.4236261720823293,2.4484528373932055,0.10518261375234228,2.285265468281146,2.5999661664856473,0.16576557778154521,25,3.2568814803091697,,0,240.0,5.484796933490655
5968_ORC4_P1P2_ENSG00000115947,ORC4,ENSG00000115947,1236,165,11485,2.047175793364928,1.986949322707333,0.3910514881743045,1.2875820556385829,2.4755281329623453,0.4506224829332828,25,3.943509266637686,,0,208.0,5.342334251964811
5969_ORC5_P1P2_ENSG00000164815,ORC5,ENSG00000164815,3509,116,11485,0.9213866387132505,0.9110294251306567,0.5915431514134847,0.0,1.5810609947480745,1.0230165903145774,25,2.5187254235862646,,0,362.0,5.8944028342648505
5970_ORC6_P1P2_ENSG00000091651,ORC6,ENSG00000091651,6642,37,11485,2.6237413443136393,2.6333550120615974,0.13112542377191846,2.426985847653048,2.836531991817206,0.11734189990388089,25,3.001754354917715,,0,985.0,6.893656354602635
5983_OSBP_P1P2_ENSG00000110048,OSBP,ENSG00000110048,4853,27,11485,2.5222466054509294,2.507013366977387,0.07256407124563982,2.36824114136718,2.5902169969102253,0.09799342003698985,25,2.5247966257814682,,0,2041.0,7.621684998724611
5985_OSGEP_P1P2_ENSG00000092094,OSGEP,ENSG00000092094,5852,71,11485,1.9989598630421017,2.001740895644842,0.30338100586589867,1.4836516134726594,2.385145099489619,0.4157525619452025,25,3.0497830777092054,,0,1423.0,7.261225091971921
5990_OSTC_P1P2_ENSG00000198856,OSTC,ENSG00000198856,2216,35,11485,3.935870463604278,3.9455755934695573,0.07459657709048789,3.845266246184742,4.083730603634384,0.09167528005214232,25,4.239498115081573,,0,400.0,5.993961427306569
6006_OXA1L_P1P2_ENSG00000155463,OXA1L,ENSG00000155463,5866,41,11485,2.9405019379965034,2.9438388058872857,0.10914400723350114,2.8067219458929484,3.1314284739309692,0.1390232672328504,25,3.3665089991087593,,0,10.0,2.3978952727983707
6024_PABPC1_P1P2_ENSG00000070756,PABPC1,ENSG00000070756,3856,102,11485,4.1132733719584875,4.062100417735673,0.19600140170667243,3.7716636313696457,4.267499780298709,0.29610862955010475,25,5.516285236668583,,0,3343.0,8.114922974204593
6025_PABPC4_P1P2_ENSG00000090621,PABPC4,ENSG00000090621,243,84,11485,3.904961924584713,3.904096061194914,0.10649352556913853,3.753094934097736,4.092188253403357,0.13424309493555198,25,5.085814119255084,,0,1072.0,6.9782137426306985
6026_PABPN1_P1P2_ENSG00000100836,PABPN1,ENSG00000100836,5878,41,11485,3.037312415913029,3.0387722887764586,0.1590900502459782,2.8173134848316925,3.2819871241260525,0.1985932807620281,25,3.466410882263807,,0,1828.0,7.511524648390866
6032_PAF1_P1P2_ENSG00000006712,PAF1,ENSG00000006712,7786,75,11485,2.364259701914609,2.2916217639383594,0.3386406334560222,1.7143365923932432,2.822922172365211,0.36766744749272773,25,3.34322002601401,,0,2761.0,7.923710333969238
6033_PAFAH1B1_P1P2_ENSG00000007168,PAFAH1B1,ENSG00000007168,6843,29,11485,3.604636654195018,3.623917282927449,0.07579738246905338,3.5439723128712513,3.7468123677583134,0.06406882168996741,25,3.70322808960792,,0,941.0,6.848005274576363
6047_PALB2_P1P2_ENSG00000083093,PALB2,ENSG00000083093,6576,37,11485,1.163939789409861,1.1697643278584304,0.20387604919068905,0.9478635466362778,1.6042863231244513,0.20463589971817386,25,1.6134893560055712,,0,386.0,5.958424693029782
6050_PAM16_P1P2_ENSG00000217930,PAM16,ENSG00000217930,6508,80,11485,2.8188726121649337,2.812972602199268,0.23989986716677986,2.45795901706235,3.201901910264406,0.39727557203091335,25,3.9266214160801036,,0,1420.0,7.259116128097101
6073_PARN_P1P2_ENSG00000140694,PARN,ENSG00000140694,6541,156,11485,2.557607298717873,2.47908028885429,0.16959924596895692,2.1567034448162072,2.639296916780808,0.2269142307595633,25,4.222890569589623,,0,436.0,6.07993319509559
607_ATF4_P1P2_ENSG00000128272,ATF4,ENSG00000128272,8406,49,11485,3.452244782414478,3.4095761819325605,0.14877693121374957,3.174116537169056,3.617917466876887,0.16629459794085655,25,4.031129457358877,,0,3.0,1.3862943611198906
608_ATF5_P1P2_ENSG00000169136,ATF5,ENSG00000169136,7903,69,11485,2.252223864853043,2.171592684755581,0.35605346753665534,1.5922568047052639,2.659110139941491,0.5536148963594838,25,3.1835816360496505,,0,2001.0,7.601901959875166
6098_PAXBP1_P1P2_ENSG00000159086,PAXBP1,ENSG00000159086,8214,142,11485,2.3997312238911284,2.384948762513544,0.1670828069059623,2.058630215802854,2.6172802135369015,0.2150755643407991,25,4.064858173581235,,1,2636.0,7.877397186353287
6110_PCBP1_P1P2_ENSG00000169564,PCBP1,ENSG00000169564,1069,205,11485,4.012682505134809,3.9795311960575206,0.14402805428438437,3.6974921292207363,4.182041092618379,0.1959342965106119,25,5.988689183044322,,0,1291.0,7.163946684342547
6111_PCBP2_P1_ENSG00000197111,PCBP2,ENSG00000197111,5375,207,11485,4.016769371987629,4.029056134659071,0.1527684827527554,3.82851139487396,4.307305143148128,0.12515284307518115,25,6.181364396796373,,0,471.0,6.156978985585555
6112_PCBP2_P2_ENSG00000197111,PCBP2,ENSG00000197111,5375,137,11485,0.0,0.06419234425387811,0.16834510609106335,0.0,0.313658216296082,0.0,25,0.0,,0,1.0,0.6931471805599453
6119_PCF11_P1P2_ENSG00000165494,PCF11,ENSG00000165494,5051,42,11485,0.0,0.23452035189841935,0.45469916516818243,0.0,1.2003409477905986,0.24370711614839047,25,0.1997165372015577,,0,877.0,6.777646593635117
6127_PCID2_P1_ENSG00000126226,PCID2,ENSG00000126226,5837,130,11485,2.2705450989064473,2.294388877238838,0.28879854452982395,1.8372207097263205,2.713370526977801,0.3557668044313256,25,3.8910158605635328,,0,533.0,6.280395838960195
6128_PCID2_P2_ENSG00000126226,PCID2,ENSG00000126226,5837,40,11485,0.5466643391102995,0.5912543599760849,0.5378855301077243,0.0,1.495193672294617,0.9998487836293423,25,0.9872573804870047,,0,0.0,0.0
6131_PCM1_P1P2_ENSG00000078674,PCM1,ENSG00000078674,3662,28,11485,3.7026826343985038,3.6985318268878857,0.04497368033254466,3.650290554781868,3.743011962419755,0.035664170949950336,25,3.761289883205379,,0,670.0,6.508769136971682
6135_PCNA_P1P2_ENSG00000132646,PCNA,ENSG00000132646,8001,56,11485,3.4706037098050984,3.4867664012571318,0.10188484307520297,3.3430075355523474,3.661547480420172,0.1189730344431279,25,4.226556475190902,,0,1759.0,7.473069088032197
6138_PCNX3_P1P2_ENSG00000197136,PCNX3,ENSG00000197136,4944,176,11485,0.9415806199727688,0.9379713087735223,0.6843925452531155,0.0,1.7529834769890276,1.2797441550022228,25,3.225847046206249,,0,127.0,4.852030263919617
6150_PDAP1_P1P2_ENSG00000106244,PDAP1,ENSG00000106244,3460,41,11485,4.121753223907842,4.099768863508481,0.13207176622077352,3.8892289311311283,4.296968874486976,0.16967277916805035,25,4.622390067360187,,0,61.0,4.127134385045092
6152_PDCD11_P1P2_ENSG00000148843,PDCD11,ENSG00000148843,4595,51,11485,2.734979525187153,2.7111369138086263,0.1660092002379957,2.355351617548468,2.941889081717738,0.12781019691132744,25,3.412913972119822,,0,1662.0,7.416378479192928
6154_PDCD2_P1P2_ENSG00000071994,PDCD2,ENSG00000071994,3223,32,11485,3.360111946411208,3.3778678757996676,0.0843872738534269,3.2742408069256252,3.517479390769243,0.11458133778040436,25,3.5943328746032535,,0,283.0,5.648974238161206
6157_PDCD5_P1P2_ENSG00000105185,PDCD5,ENSG00000105185,7732,140,11485,4.343045369532129,4.35213869363289,0.07915489691531537,4.238371961230307,4.464859978439323,0.10274177052893041,25,6.10198504916159,,0,397.0,5.986452005284438
6158_PDCD6IP_P1P2_ENSG00000170248,PDCD6IP,ENSG00000170248,1568,213,11485,3.484057189529787,3.507071587343792,0.15128757920316568,3.331260573352307,3.708321086283546,0.19765024920900132,25,5.646319159275966,,0,1.0,0.6931471805599453
6159_PDCD6_P1P2_ENSG00000249915,PDCD6,ENSG00000249915,2344,119,11485,3.7473151899318298,3.7449047166798057,0.11838259555209471,3.5256650213844507,3.9101034891964273,0.14630179439525737,25,5.328331401592038,,0,4.0,1.6094379124341003
6160_PDCD7_P1P2_ENSG00000090470,PDCD7,ENSG00000090470,6296,34,11485,2.633408123836463,2.6452525082871032,0.1318924063292913,2.466467741555837,2.839950529894243,0.1753633375571213,25,2.9035552217925926,,0,834.0,6.727431724850855
6175_PDHA1_P1P2_ENSG00000131828,PDHA1,ENSG00000131828,8503,27,11485,3.3740289800161887,3.386007958362293,0.05617149255333051,3.324838710648527,3.4730858091503443,0.05162240814299057,25,3.4061687305124595,,0,89.0,4.499809670330265
6193_PDPK1_P1P2_ENSG00000140992,PDPK1,ENSG00000140992,6490,43,11485,2.313903435623473,2.311408967217179,0.07643218336731554,2.2286338186218764,2.4370056968976477,0.10680052996288891,25,2.80793506219511,,0,404.0,6.003887067106539
6195_PDRG1_P1P2_ENSG00000088356,PDRG1,ENSG00000088356,8045,29,11485,1.7120746059491625,1.700206939717853,0.17436116436452603,1.5104582403056737,2.0146809781710138,0.20943977882405318,25,1.719119603640137,,0,394.0,5.978885764901122
6210_PEF1_P1P2_ENSG00000162517,PEF1,ENSG00000162517,180,46,11485,2.8190938940930863,2.871149898546002,0.11082933437118685,2.7378465882759104,3.0303903548631217,0.1647920408069936,25,3.4209515721715373,,0,1.0,0.6931471805599453
6213_PELO_P2_ENSG00000152684,PELO,ENSG00000152684,2415,69,11485,0.0,0.09576538411027186,0.28138309583903315,0.0,0.7999958183091935,0.0,25,0.0,,0,72.0,4.290459441148391
6214_PELO_P1_ENSG00000152684,PELO,ENSG00000152684,2415,52,11485,2.8039283809948334,2.765859649731618,0.15391916879969994,2.5079309764852895,2.9840154296214383,0.16719434553492585,25,3.462000637964158,,0,2.0,1.0986122886681096
6215_PELP1_P1P2_ENSG00000141456,PELP1,ENSG00000141456,6854,72,11485,2.613219469562313,2.609773997132046,0.14681614241857702,2.4015611994599824,2.851050169235526,0.12279801091615239,25,3.66526518249317,,0,1868.0,7.533158807455563
6219_PES1_P1P2_ENSG00000100029,PES1,ENSG00000100029,8347,37,11485,2.381499420210478,2.3137925006216697,0.25266002343976113,2.0479813360141295,2.6986579201434573,0.34314713805396213,25,2.7117292630058465,,0,598.0,6.395261598115449
6221_PET117_P1P2_ENSG00000232838,PET117,ENSG00000232838,8022,155,11485,1.9095412042219413,1.760240637552548,0.2795721462618997,1.242043650816967,2.0234388278045135,0.41935747662944145,25,3.6384985447607603,,0,343.0,5.840641657373398
6228_PEX19_P1P2_ENSG00000162735,PEX19,ENSG00000162735,626,69,11485,2.0176523252057255,1.9162933416301373,0.21065175940961098,1.563772425673822,2.1720924286412413,0.32778263139894115,25,2.9189489657516496,,0,286.0,5.659482215759621
6237_PFDN1_P1P2_ENSG00000113068,PFDN1,ENSG00000113068,2640,59,11485,3.6450421903658494,3.6460791009544136,0.06778749905968495,3.544768808709421,3.7399579329360377,0.10194826446063265,25,4.440930713801402,,0,1.0,0.6931471805599453
6238_PFDN2_P1P2_ENSG00000143256,PFDN2,ENSG00000143256,629,40,11485,4.40058672269462,4.400896612388987,0.050869359944553355,4.334022000529303,4.498921333846951,0.04902527696838366,25,4.891879673135555,,0,1546.0,7.344072850573066
6239_PFDN4_P1P2_ENSG00000101132,PFDN4,ENSG00000101132,8150,100,11485,3.138778204084799,3.148916098489627,0.13830635862195262,2.954616431519238,3.3283330760275285,0.25345060150435605,25,4.4993034579790985,,0,15.0,2.772588722239781
6240_PFDN5_P1P2_ENSG00000123349,PFDN5,ENSG00000123349,5369,48,11485,4.5800694067653405,4.574437751262138,0.0684276506565806,4.442365757501119,4.666768191695496,0.058572447684879236,25,5.445197144961402,,0,7.0,2.0794415416798357
6241_PFDN6_P1P2_ENSG00000204220,PFDN6,ENSG00000204220,2919,31,11485,3.0180664340950343,3.032549434562707,0.10139960939744765,2.939248855588251,3.229654229025565,0.08610543507713952,25,3.1963907576895254,,0,43.0,3.784189633918261
6249_PFN1_P1P2_ENSG00000108518,PFN1,ENSG00000108518,6861,128,11485,4.7266915667966165,4.7146246223888015,0.04439679093184083,4.625856768439503,4.750661821478828,0.03822182940976315,25,6.519450200172112,,0,940.0,6.846943139585379
6250_PGAM1_P1P2_ENSG00000171314,PGAM1,ENSG00000171314,4538,120,11485,4.640386637711792,4.636411395942667,0.08010568276719729,4.4588129991451355,4.729775643994784,0.09142587982924333,25,6.294585017252903,,0,155.0,5.049856007249537
6251_PGAM5_P1P2_ENSG00000247077,PGAM5,ENSG00000247077,5679,182,11485,1.6466656775604558,1.6364518213885868,0.4322123391247667,1.2480784556357445,2.147480864507113,0.30579302945272957,25,3.5096420490722746,,0,274.0,5.616771097666572
6256_PGD_P1P2_ENSG00000142657,PGD,ENSG00000142657,61,102,11485,3.4220433609344942,3.383225104796897,0.10460126759974052,3.1662729225936306,3.4798629727426413,0.09963447556498517,25,4.72889982920669,,0,27.0,3.332204510175204
6258_PGK1_P1P2_ENSG00000102144,PGK1,ENSG00000102144,8606,112,11485,4.622155654600717,4.601040227702858,0.07716822783061741,4.510276951288314,4.690212594252702,0.08140859275467704,25,6.180502006472344,,0,418.0,6.037870919922137
6268_PGS1_P1P2_ENSG00000087157,PGS1,ENSG00000087157,7271,96,11485,1.6692253203456469,1.6127679317368173,0.2296074832607693,1.1187393054797288,1.8781107817107285,0.1463385299612936,25,2.8953030626589906,,0,106.0,4.672828834461906
6273_PHAX_P2_ENSG00000164902,PHAX,ENSG00000164902,2577,84,11485,0.0,0.22872138931542224,0.42013442458317085,0.0,1.0812609643857274,0.28622068689358404,25,0.3169029442664664,,0,2.0,1.0986122886681096
6274_PHAX_P1_ENSG00000164902,PHAX,ENSG00000164902,2577,78,11485,3.3721665784188515,3.346415560611243,0.1477804039813254,3.0771705735527446,3.5147232386222007,0.20996903714551785,25,4.454164143866691,,0,2157.0,7.67693714581808
6275_PHB2_P1P2_ENSG00000215021,PHB2,ENSG00000215021,5226,78,11485,3.964724361306978,3.901566171049684,0.2314782821382424,3.4887038356996496,4.208803452438903,0.33187148105247166,25,5.102098075112023,,0,881.0,6.782192056006791
6276_PHB_P1P2_ENSG00000167085,PHB,ENSG00000167085,7139,84,11485,4.228600182110719,4.225973743462061,0.06742037465505044,4.127061246936857,4.336385227630965,0.07098403031756817,25,5.437420971838104,,0,1994.0,7.598399329323964
6279_PHF10_P1P2_ENSG00000130024,PHF10,ENSG00000130024,3219,126,11485,2.1968255716401246,2.1799111638782387,0.17821650899051455,1.8624774778045508,2.3751155442033802,0.20067831038540573,25,3.6698347597038268,,0,185.0,5.225746673713202
6280_PHF12_P1P2_ENSG00000109118,PHF12,ENSG00000109118,6979,52,11485,1.555300494241925,1.505138878939234,0.25307555483479455,1.1430603613126094,1.801513057337948,0.41337796012211614,25,2.1880435819488144,,0,535.0,6.284134161070802
6291_PHF5A_P1P2_ENSG00000100410,PHF5A,ENSG00000100410,8421,47,11485,1.8368806276379046,1.8795660242160224,0.26613352887600505,1.5364825038009178,2.3395189146490414,0.4148245891615394,25,2.58231403041799,,0,1776.0,7.482681828154651
629_ATIC_P1P2_ENSG00000138363,ATIC,ENSG00000138363,1390,86,11485,3.422048541855909,3.4241519863596244,0.05671894237611298,3.3386315675754927,3.5062512418142116,0.05256488497789613,25,4.60418784317943,,0,1055.0,6.962243464266207
630_ATL2_P1P2_ENSG00000119787,ATL2,ENSG00000119787,985,71,11485,1.2563519003834702,1.2422581841022333,0.46978001177781126,0.36293601807902715,1.8294579005077776,0.5267950554069327,25,2.4116527873087943,,0,299.0,5.703782474656201
6317_PI4KA_P1P2_ENSG00000241973,PI4KA,ENSG00000241973,8300,69,11485,1.2583619571039906,1.056767839839712,0.38642803703420214,0.4303563518409925,1.4741145113665524,0.6838092205359197,25,2.096310380898782,,0,961.0,6.8690144506657065
6319_PIAS1_P1P2_ENSG00000033800,PIAS1,ENSG00000033800,6314,67,11485,2.0959162114480803,1.9926276620007228,0.43355905204114603,1.3558415999702007,2.538395696956941,0.5210849622194389,25,2.7676207257338308,,0,209.0,5.3471075307174685
6323_PIAS4_P1P2_ENSG00000105229,PIAS4,ENSG00000105229,7524,86,11485,0.9714076093094409,0.940667046031544,0.6091085912651535,0.0,1.6473101536454624,0.9094494662263334,25,2.189221330978121,,0,1716.0,7.448333860897476
6335_PIGH_P1P2_ENSG00000100564,PIGH,ENSG00000100564,6015,41,11485,0.4580461666052268,0.632581688652781,0.4737574934529616,0.02761095979687235,1.2835690305395548,0.9491716920843681,25,1.165406161039229,,0,358.0,5.883322388488279
6352_PIK3C3_P1P2_ENSG00000078142,PIK3C3,ENSG00000078142,7394,72,11485,2.1861420292378653,2.2190017338935393,0.26866986548190824,1.7940172405901185,2.6202133842690403,0.4069242951028387,25,3.184839078979873,,0,451.0,6.113682179832232
6360_PIK3R4_P1P2_ENSG00000196455,PIK3R4,ENSG00000196455,1830,68,11485,1.476453394433914,1.4604127266499836,0.10130407293247144,1.3054652156678537,1.6125607444767147,0.14160080714199408,25,2.4343659433545417,,0,778.0,6.658011045870748
6383_PITRM1_P1P2_ENSG00000107959,PITRM1,ENSG00000107959,4311,138,11485,2.8348500803190992,2.7894683411945143,0.21861057179264923,2.4314171611655135,3.079897964706556,0.3410333698045527,25,4.459794196963936,,0,936.0,6.842683282238422
6394_PKMYT1_P1P2_ENSG00000127564,PKMYT1,ENSG00000127564,6496,95,11485,2.2520244154612423,2.22481188893626,0.22820539076641283,1.8637470123940556,2.5455006023259603,0.3699585372680003,25,3.573208998761308,,0,8.0,2.1972245773362196
6395_PKM_P2_ENSG00000067225,PKM,ENSG00000067225,6328,143,11485,3.7351803420840426,3.709638584881179,0.213038784398357,3.3250242695446666,4.018807548747132,0.265759113198095,25,5.419042530122899,,0,3.0,1.3862943611198906
6396_PKM_P1_ENSG00000067225,PKM,ENSG00000067225,6328,89,11485,4.697769002842176,4.692652898407716,0.01828020660607157,4.6607805098443205,4.718252588450791,0.023775172078903672,25,6.244823192085581,,0,163.0,5.099866427824199
640_ATP11B_P1P2_ENSG00000058063,ATP11B,ENSG00000058063,1942,128,11485,1.7948527907280045,1.9055688031762126,0.34164741232068124,1.4114898823770643,2.333705819772089,0.5922525022670233,25,3.5712438126055353,,0,1978.0,7.590346945602565
6448_PLEKHN1_P1P2_ENSG00000187583,PLEKHN1,ENSG00000187583,1,84,11485,0.5498486318633365,0.5493771946882622,0.37243432407339744,0.0,0.981832057991633,0.5439917509982887,25,2.1821144927601885,,0,2.0,1.0986122886681096
6453_PLK1_P1P2_ENSG00000166851,PLK1,ENSG00000166851,6578,36,11485,2.3464956048250123,2.335963460632647,0.17935169009978244,2.027854223189542,2.601896691700515,0.22230323112328332,25,2.6848893195580614,,0,316.0,5.75890177387728
6455_PLK4_P1P2_ENSG00000142731,PLK4,ENSG00000142731,2249,174,11485,1.7820307486790647,1.7582224721790636,0.09866442269182926,1.610546291259754,1.8883461965039967,0.12857384805992944,25,3.6634109448768752,,0,2625.0,7.873217054862741
645_ATP1A1_P1P2_ENSG00000163399,ATP1A1,ENSG00000163399,490,102,11485,3.8531395723147854,3.867094995369103,0.0854310120891492,3.7455884909700683,3.971379269588593,0.13631128171022278,25,5.240281468967542,,0,18.0,2.9444389791664403
6460_PLRG1_P1P2_ENSG00000171566,PLRG1,ENSG00000171566,2291,60,11485,2.978598843453132,2.9645466507222533,0.14830268578741201,2.740419235477489,3.1540162205198725,0.1761370562818616,25,3.7518906378696397,,0,1980.0,7.591357046698551
6474_PMF1_P1P2_ENSG00000160783,PMF1,ENSG00000160783,607,338,11485,3.122104634305472,3.0948342315741555,0.15376073447973718,2.757928077507268,3.2778483995295944,0.18553171393335255,25,5.5904782024995265,2.258246045225646,4,2567.0,7.850882664809852
6479_PMPCA_P1P2_ENSG00000165688,PMPCA,ENSG00000165688,4275,67,11485,2.962094912671762,2.951233157416658,0.1506363821468107,2.7488079461268553,3.1565089492253056,0.24907825182519705,25,3.8921705925615235,,0,1372.0,7.224753405767971
647_ATP2A2_P1P2_ENSG00000174437,ATP2A2,ENSG00000174437,5572,144,11485,3.409528990645566,3.439826649326556,0.13817976226706039,3.210025133884292,3.6517373605310084,0.20744167133445934,25,5.194083778726732,,0,3381.0,8.126222529458525
6480_PMPCB_P1_ENSG00000105819,PMPCB,ENSG00000105819,3506,126,11485,3.020339289301827,3.0331304751627126,0.12682199512656675,2.830786915964258,3.2066143054589005,0.1947735773542396,25,4.578798907346725,,0,1676.0,7.424761761823209
6481_PMPCB_P2_ENSG00000105819,PMPCB,ENSG00000105819,3506,70,11485,0.3237224345977493,0.6448272465804901,0.6909595161236375,0.0,1.7151737092755295,1.390555236536495,25,1.153364714752556,,0,0.0,0.0
6485_PNISR_P2_ENSG00000132424,PNISR,ENSG00000132424,3070,98,11485,0.0,0.19533552528443912,0.32664699657518487,0.0,0.8542012207473423,0.3453095633163475,25,0.0,,0,0.0,0.0
6486_PNISR_P1_ENSG00000132424,PNISR,ENSG00000132424,3070,54,11485,3.8667717690709478,3.866347903712833,0.07312771400803818,3.774592298954411,3.970293208382977,0.07426463411780126,25,4.600679081370998,,0,476.0,6.1675164908883415
6488_PNKP_P1P2_ENSG00000039650,PNKP,ENSG00000039650,7899,58,11485,2.396274410312631,2.415043080508324,0.1870537481965197,2.1422528383078605,2.6695763160351245,0.24899842565468422,25,3.2095758387892417,,0,222.0,5.407171771460119
6492_PNN_P1P2_ENSG00000100941,PNN,ENSG00000100941,5927,88,11485,3.8438747471978525,3.8320746184974057,0.19052305259953825,3.47536582476403,4.1099678765409715,0.22122206077009388,25,5.060222737362958,,0,1907.0,7.553810852008231
6499_PNPT1_P1P2_ENSG00000138035,PNPT1,ENSG00000138035,1034,150,11485,2.9380732030617662,2.8685338369765963,0.23781352435732503,2.51170202730532,3.136307619570332,0.2678410978079335,25,4.606637229226196,,0,103.0,4.6443908991413725
6511_POGZ_P1P2_ENSG00000143442,POGZ,ENSG00000143442,549,127,11485,2.098915525902756,2.07459700901468,0.24465037495696473,1.6989895540289968,2.408628641376972,0.32708271919113674,25,3.697486443243998,,0,13.0,2.639057329615259
6512_POLA1_P1P2_ENSG00000101868,POLA1,ENSG00000101868,8515,53,11485,2.089547700055965,2.0863687139282017,0.06899570765372424,1.9997458990013697,2.1760596361605233,0.13920397772472048,25,2.779934812109764,,0,1522.0,7.328437352895162
6513_POLA2_P1P2_ENSG00000014138,POLA2,ENSG00000014138,4934,45,11485,1.949886740854845,1.913153847184292,0.2351799028723376,1.5452238341437896,2.1555068065533143,0.3643987810708076,25,2.52811330301001,,0,954.0,6.86171134048073
6515_POLD1_P1P2_ENSG00000062822,POLD1,ENSG00000062822,7906,92,11485,1.8932994771122038,1.899933446809398,0.07982492525636543,1.7746516485755959,2.039313798644669,0.056691690601754496,25,3.186636609280035,,0,2928.0,7.982416346827733
6516_POLD2_P1P2_ENSG00000106628,POLD2,ENSG00000106628,3341,108,11485,3.8635955552171084,3.8503336762542117,0.10810420121495212,3.6526959003472044,4.021077732277852,0.12310335389128868,25,5.270245026570342,,0,2028.0,7.615298339825815
6517_POLD3_P1P2_ENSG00000077514,POLD3,ENSG00000077514,5027,48,11485,2.2906648991115346,2.3384099750893568,0.22293918742316704,1.9951373265579617,2.729760476987504,0.2118819092620643,25,2.947662280226741,,0,1275.0,7.151485463904735
6524_POLE_P1P2_ENSG00000177084,POLE,ENSG00000177084,5677,38,11485,1.8932942495825424,1.8933368471467418,0.09531156387859958,1.7322278190829365,2.033767106286002,0.12320046595118628,25,2.272058353191385,,0,1210.0,7.099201743553092
6526_POLG_P1P2_ENSG00000140521,POLG,ENSG00000140521,6399,77,11485,1.8850991949964042,1.8019485892061737,0.1898415651155073,1.4532177459192839,2.021910421492585,0.26342928364284734,25,2.860374618072528,,0,9.0,2.302585092994046
6529_POLL_P1P2_ENSG00000166169,POLL,ENSG00000166169,4571,47,11485,1.4863600436137887,1.5157141809844017,0.27488033365643516,1.1735813079504647,1.9554778346333985,0.49784251407740987,25,2.1997851881288177,,0,165.0,5.111987788356544
6535_POLR1C_P2_ENSG00000171453,POLR1C,ENSG00000171453,2984,193,11485,0.0,0.2268411422631547,0.5907058674712605,0.0,1.5402198917656755,0.0,25,0.834182339078945,,0,1.0,0.6931471805599453
6536_POLR1C_P1_ENSG00000171453,POLR1C,ENSG00000171453,2984,40,11485,1.7914478629471724,1.7345828412596527,0.20860080905620998,1.3873649170601725,1.9883380398761736,0.30070575783964526,25,2.1681248598870533,,0,497.0,6.210600077024653
6539_POLR1E_P1P2_ENSG00000137054,POLR1E,ENSG00000137054,4036,74,11485,2.2861262787948093,2.2689985135815,0.2549867117309235,1.8941863435565809,2.6534380734443657,0.3402830188006094,25,3.310170836271095,,0,1684.0,7.429520842786462
653_ATP5F1A_P1_ENSG00000152234,ATP5F1A,ENSG00000152234,7397,92,11485,4.383085011090755,4.38731797569167,0.0654215660311001,4.284910584474842,4.499270550118427,0.08205862450361234,25,5.688733764843501,,0,8.0,2.1972245773362196
6541_POLR2B_P1P2_ENSG00000047315,POLR2B,ENSG00000047315,2122,33,11485,3.021879079716512,3.0293720349976248,0.11991356866062249,2.8899443790372836,3.196112776846722,0.16805318056423735,25,3.2810556962852133,,0,1029.0,6.937314081223682
6543_POLR2D_P2_ENSG00000144231,POLR2D,ENSG00000144231,1213,60,11485,0.0,0.18003832244327916,0.37756302778772033,0.0,1.0671428762815278,0.0,25,0.0,,0,0.0,0.0
6546_POLR2E_P1_ENSG00000099817,POLR2E,ENSG00000099817,7474,67,11485,3.4183188954995645,3.457536212733568,0.17650163230748667,3.1857351186130844,3.765880199735753,0.22558666123851223,25,4.458822917057032,,0,776.0,6.655440350367647
6547_POLR2F_P1P2_ENSG00000100142,POLR2F,ENSG00000100142,8389,85,11485,2.9964799932070934,2.9218777733737067,0.4305542237283005,2.369106155300143,3.4789730997364923,0.500026058853134,25,4.08329494886254,,0,593.0,6.386879319362645
654_ATP5F1B_P1P2_ENSG00000110955,ATP5F1B,ENSG00000110955,5414,108,11485,4.50198029664574,4.496071203964855,0.06843496705366946,4.36792639264891,4.591320181195106,0.07190323550762567,25,6.01642389503124,,0,20.0,3.044522437723423
6550_POLR2I_P1P2_ENSG00000105258,POLR2I,ENSG00000105258,7761,174,11485,3.5145774460264327,3.4697246083590483,0.20305268631414997,3.137845279172141,3.704104192660161,0.3140883876366525,25,5.356103501593031,,0,3920.0,8.27410200229233
6554_POLR2M_P1P2_ENSG00000255529,POLR2M,ENSG00000255529,6265,173,11485,1.4288161752877007,1.2921658260230844,0.381055031499124,0.5937338257489538,1.604291772607034,0.23584393104173773,25,3.2936113353789764,,0,1502.0,7.315218389752975
6556_POLR3B_P1P2_ENSG00000013503,POLR3B,ENSG00000013503,5550,34,11485,0.0,0.05636293988442467,0.15756894316301648,0.0,0.4669367512975846,0.0,25,0.0,,0,561.0,6.331501849893691
6557_POLR3C_P1P2_ENSG00000186141,POLR3C,ENSG00000186141,504,45,11485,1.6390837564416354,1.7234755453283381,0.24774837018561882,1.4001320840808116,2.0725013561229453,0.46237546593996526,25,2.268564122368347,,0,558.0,6.326149473155099
6558_POLR3D_P1P2_ENSG00000168495,POLR3D,ENSG00000168495,3672,31,11485,2.5372220084899952,2.5351484964224382,0.069051795149188,2.452413383929391,2.6497468244433704,0.10933330016409792,25,2.706394613123916,,0,2391.0,7.779885115070522
6559_POLR3E_P1P2_ENSG00000058600,POLR3E,ENSG00000058600,6569,43,11485,0.11226966118091945,0.3692980966928602,0.47753122727287184,0.0,1.0982942728704237,1.007745922729369,25,0.8732147820606342,,0,758.0,6.6320017773956295
655_ATP5F1C_P1P2_ENSG00000165629,ATP5F1C,ENSG00000165629,4323,44,11485,4.339768230447727,4.338981197106637,0.06658272595742944,4.240482168948469,4.441513814196483,0.09927355241460312,25,4.910520474275515,,0,1712.0,7.44600149832412
6560_POLR3F_P1P2_ENSG00000132664,POLR3F,ENSG00000132664,8023,40,11485,0.16829471602581578,0.3828461588423565,0.48929283860801986,0.0,1.465485343085393,0.5997940380613436,25,1.0720199239442052,,0,751.0,6.62273632394984
6563_POLR3H_P1P2_ENSG00000100413,POLR3H,ENSG00000100413,8423,52,11485,2.6723685201173444,2.6808673070250237,0.14480816079479308,2.503177754709866,2.9669367320787012,0.14435000364259665,25,3.4084156748034538,,0,497.0,6.210600077024653
6565_POLRMT_P1P2_ENSG00000099821,POLRMT,ENSG00000099821,7465,212,11485,1.826047027360043,1.8261895492630082,0.10054632639175742,1.6984541251730694,1.9846661464930673,0.11205926336654115,25,3.9273600114042124,,0,350.0,5.860786223465865
6574_POP1_P1P2_ENSG00000104356,POP1,ENSG00000104356,3849,34,11485,1.1372633822866,1.1124550929720982,0.4582662942947347,0.4185918561792171,1.7485776782157918,0.6838819183409371,25,1.3896284308416238,,0,1129.0,7.029972911706386
6575_POP4_P1P2_ENSG00000105171,POP4,ENSG00000105171,7728,42,11485,2.740157291083641,2.7482735777510503,0.1298979503471677,2.5566426721552293,2.979064117599066,0.1489490009897776,25,3.19596612219774,,0,1349.0,7.2078598714324755
6576_POP5_P1P2_ENSG00000167272,POP5,ENSG00000167272,5623,41,11485,3.106263386754109,3.094364377899693,0.12623836141208283,2.9376432062128615,3.322264546751329,0.16272134167000285,25,3.5375566441207043,,0,1009.0,6.917705609835305
6577_POP7_P1P2_ENSG00000172336,POP7,ENSG00000172336,3483,65,11485,3.286985502984872,3.296773024836645,0.18155541086341961,3.0222160795348163,3.5987656218413897,0.2249281921526043,25,4.211487173328213,,0,1750.0,7.467942332285852
6603_PPA1_P1P2_ENSG00000180817,PPA1,ENSG00000180817,4443,145,11485,4.412342140809059,4.3864510002974235,0.12134145794301272,4.11732325049384,4.546564713831073,0.08446046166922283,25,6.153831626220065,,0,574.0,6.354370040797351
6604_PPA2_P1P2_ENSG00000138777,PPA2,ENSG00000138777,2206,81,11485,3.570991862206133,3.5797245364400156,0.04514359364395956,3.5103091460864597,3.6342629493228666,0.07068765582032643,25,4.70126221360743,,0,2.0,1.0986122886681096
6621_PPIA_P1P2_ENSG00000196262,PPIA,ENSG00000196262,3348,119,11485,4.715506371464007,4.711091467786927,0.027497665392910365,4.66248520293287,4.747975936581648,0.031211949649980752,25,6.457952783885053,,0,4.0,1.6094379124341003
6628_PPIH_P1P2_ENSG00000171960,PPIH,ENSG00000171960,257,38,11485,2.8065706003205104,2.805410025076358,0.13270620783680415,2.6369094797469947,3.0402301771779765,0.18235012971662679,25,3.142879515781523,,0,68.0,4.23410650459726
6629_PPIL1_P1P2_ENSG00000137168,PPIL1,ENSG00000137168,2950,156,11485,2.2411507513382447,2.189392667057113,0.1640052550575656,1.8668287811683906,2.35574412797794,0.16605514043227565,25,3.9573503138452972,,0,31.0,3.4657359027997265
662_ATP5PD_P1P2_ENSG00000167863,ATP5PD,ENSG00000167863,7235,207,11485,4.019469892209256,3.9945725560984457,0.10884552495471106,3.8368959571439203,4.144188844313572,0.1778963609481523,25,6.064457657719447,,0,37.0,3.6375861597263857
6630_PPIL2_P1P2_ENSG00000100023,PPIL2,ENSG00000100023,8307,37,11485,1.6790559628567696,1.6993190966205391,0.10083155110622673,1.5398845208429774,1.8500065452021814,0.12370977665960603,25,2.0325853317147407,,0,501.0,6.218600119691729
6632_PPIL4_P1P2_ENSG00000131013,PPIL4,ENSG00000131013,3175,87,11485,3.117387238018192,3.1159506351252175,0.07552173091340728,3.0147682257716464,3.2324671170265544,0.12266606877023367,25,4.30520258815332,,0,1602.0,7.3796321526095525
663_ATP5ME_P1P2_ENSG00000169020,ATP5ME,ENSG00000169020,2004,136,11485,4.10029059969542,4.047601556941299,0.13276511820704898,3.8440079398355165,4.19831285140055,0.22426470289868172,25,5.680276494751965,,0,13.0,2.639057329615259
6646_PPME1_P1P2_ENSG00000214517,PPME1,ENSG00000214517,5025,169,11485,2.898629552858254,2.863046313352013,0.18788833012750428,2.469352468955327,3.0526048703009034,0.2104244241143438,25,4.694223653462473,,0,15.0,2.772588722239781
6648_PPP1CA_P1_ENSG00000172531,PPP1CA,ENSG00000172531,4983,68,11485,3.983823668063747,3.98868084496735,0.07275508630064857,3.87109282183792,4.099538183869525,0.1028159257129686,25,4.940625604797874,,0,1050.0,6.957497370876951
6649_PPP1CA_P2_ENSG00000172531,PPP1CA,ENSG00000172531,4983,109,11485,0.0,0.23151957100994722,0.4509258442278804,0.0,1.2277031180969982,0.25962978713806983,25,0.0,,0,0.0,0.0
664_ATP5MF_P1P2_ENSG00000241468,ATP5MF,ENSG00000241468,3463,232,11485,4.438381687185755,4.439951348022742,0.07153294020548406,4.35177614387572,4.5491994337318165,0.07302688951800995,25,6.6251497379945095,,1,111.0,4.718498871295094
6650_PPP1CB_P1P2_ENSG00000213639,PPP1CB,ENSG00000213639,957,27,11485,2.842188431178543,2.8393921682546686,0.08391515015339997,2.7079087049010697,2.934984686423416,0.12775892354659346,25,2.868229629908231,,0,0.0,0.0
6652_PPP1R10_P1P2_ENSG00000204569,PPP1R10,ENSG00000204569,2867,28,11485,1.6164036470511889,1.608306678590427,0.1868001290193986,1.3144530001864603,1.9260888786326522,0.1724522828360917,25,1.6917116820805336,,0,78.0,4.3694478524670215
6653_PPP1R11_P1P2_ENSG00000204619,PPP1R11,ENSG00000204619,2859,47,11485,2.9359523633055504,2.9388166580848885,0.05983185140967117,2.8470609005486076,3.025761398508486,0.08835928914302382,25,3.509688328274606,,0,1465.0,7.290292882446597
6654_PPP1R12A_P1P2_ENSG00000058272,PPP1R12A,ENSG00000058272,5488,52,11485,3.7152840964571405,3.7092987920503635,0.09958226586840951,3.5648799625854504,3.862735712494572,0.13737827796431912,25,4.39996241219891,,0,237.0,5.472270673671475
6661_PPP1R15B_P1P2_ENSG00000158615,PPP1R15B,ENSG00000158615,742,61,11485,1.6290808019756622,1.649455116404409,0.26036693614756184,1.25287901540578,2.0279357231797057,0.357745788604817,25,2.5535248246003883,,0,877.0,6.777646593635117
6667_PPP1R2_P1P2_ENSG00000184203,PPP1R2,ENSG00000184203,1981,82,11485,2.8987596718803803,2.885800637290331,0.11289802394072988,2.718084343119974,3.06475282345885,0.15669387175605687,25,4.03037582325683,,0,407.0,6.0112671744041615
6669_PPP1R37_P1P2_ENSG00000104866,PPP1R37,ENSG00000104866,7841,99,11485,0.7850445073297088,0.9186030800976616,0.584825862885402,0.0,1.8432200022861003,0.7983719269136946,25,2.4404779829972396,,0,0.0,0.0
6670_PPP1R37_P1P2_ENSG00000104866,PPP1R37,ENSG00000104866,7841,85,11485,1.099946916827646,1.1655685712983812,0.4570271030875352,0.6004703712834325,1.8432120044728901,0.5316937922325143,25,2.53367588010024,,0,30.0,3.4339872044851463
6671_PPP1R37_P1P2_ENSG00000104866,PPP1R37,ENSG00000104866,7841,175,11485,1.3820106520651356,1.3617227622343446,0.5235842614955151,0.4251183763044297,1.9255756992652682,0.7054580424706238,25,3.4378586829677844,,0,3261.0,8.09009578318096
6675_PPP1R7_P1P2_ENSG00000115685,PPP1R7,ENSG00000115685,1473,54,11485,2.9346445319513026,2.9393120311051892,0.22952740021299453,2.691272502561493,3.221969730989698,0.16350371873885683,25,3.677669036921255,,0,55.0,4.02535169073515
6676_PPP1R8_P1P2_ENSG00000117751,PPP1R8,ENSG00000117751,158,145,11485,2.253553326006587,2.1991798480502514,0.22202195792642074,1.7364102771153678,2.442460668006614,0.25012058488859923,25,3.92615696321835,,0,1006.0,6.914730892718563
6678_PPP2CA_P1P2_ENSG00000113575,PPP2CA,ENSG00000113575,2604,107,11485,3.4455983815204156,3.450011138177751,0.11808441708686328,3.265392413317719,3.6425266366076348,0.18985509410913037,25,4.881781858731645,,0,960.0,6.8679744089702925
6679_PPP2CB_P1P2_ENSG00000104695,PPP2CB,ENSG00000104695,3712,95,11485,2.8471744142575246,2.854754341605795,0.1828616249715397,2.497015182443783,3.105412245734788,0.2033423838416013,25,4.152082219043419,,0,1794.0,7.492760300922379
667_ATP5PO_P1P2_ENSG00000241837,ATP5PO,ENSG00000241837,8225,139,11485,4.497225926579923,4.482365310141159,0.07217699789132208,4.35113166445387,4.58293995799783,0.10847411106824545,25,6.220637539627111,,0,64.0,4.174387269895637
6680_PPP2R1A_P2_ENSG00000105568,PPP2R1A,ENSG00000105568,7913,110,11485,0.0,0.3204303677640193,0.5462082746947265,0.0,1.4132842952147062,0.49922908632905333,25,1.8224649609414327,,0,124.0,4.8283137373023015
6681_PPP2R1A_P1_ENSG00000105568,PPP2R1A,ENSG00000105568,7913,186,11485,3.3787897708775048,3.375649898267793,0.14920472630824255,3.177612238312233,3.5782082299864455,0.16833213134499703,25,5.361827380545152,,0,2231.0,7.710653323501202
6686_PPP2R3C_P1P2_ENSG00000092020,PPP2R3C,ENSG00000092020,5916,134,11485,2.60099900538772,2.501721059087408,0.2608285301205183,2.1474173450524128,2.8392819177760567,0.34661968714687275,25,4.176886842568704,,0,99.0,4.605170185988092
6696_PPP4C_P1P2_ENSG00000149923,PPP4C,ENSG00000149923,6609,43,11485,3.729050937720929,3.736804525826045,0.04916321290877462,3.6680316775042847,3.810735311844933,0.07417051647064943,25,4.248306086686975,,0,171.0,5.147494476813453
6698_PPP4R2_P1P2_ENSG00000163605,PPP4R2,ENSG00000163605,1717,74,11485,3.120958112530433,3.070966865718188,0.1692592297393387,2.7949998892556844,3.2931349080779584,0.25713701791204535,25,4.119391650660528,,0,725.0,6.587550014824796
6700_PPP6C_P1P2_ENSG00000119414,PPP6C,ENSG00000119414,4181,1581,11485,2.475518671965156,2.380204519955042,0.3255420508640788,1.875138068307538,2.625050387351579,0.2734689127678114,25,6.457207344368211,2.3278143540018266,56,3640.0,8.200013648175434
6704_PPRC1_P1P2_ENSG00000148840,PPRC1,ENSG00000148840,4578,55,11485,2.3642691066364625,2.344313999773253,0.1601331415584792,2.109098432644287,2.5576040660760984,0.28959155734395425,25,3.1109163990024644,,0,783.0,6.664409020350408
6708_PPWD1_P1P2_ENSG00000113593,PPWD1,ENSG00000113593,2445,48,11485,1.452261145790895,1.528735006742978,0.30201594069358784,1.0943738562709453,1.9127304666204097,0.5271645674302097,25,2.131713143744032,,0,370.0,5.916202062607435
670_ATP6AP1_P1P2_ENSG00000071553,ATP6AP1,ENSG00000071553,8718,178,11485,2.836966516707611,2.784537347591954,0.15685718138527396,2.5870123690636295,2.9230097084279345,0.1460892909949787,25,4.674547945227605,,0,348.0,5.855071922202427
6716_PRC1_P1P2_ENSG00000198901,PRC1,ENSG00000198901,6413,54,11485,3.571150350461745,3.5785356745837653,0.14304328187867674,3.353371082551593,3.79837920740276,0.17076251410810706,25,4.282423272405527,,0,214.0,5.3706380281276624
671_ATP6AP2_P1P2_ENSG00000182220,ATP6AP2,ENSG00000182220,8523,283,11485,3.031146616080199,3.042885858381263,0.20387665433819213,2.723034371057022,3.3115747296282096,0.2959870773023914,25,5.434118777978579,,2,249.0,5.521460917862246
6728_PRDM4_P1P2_ENSG00000110851,PRDM4,ENSG00000110851,5555,108,11485,1.790970121725646,1.7255466784837412,0.21972053647400816,1.3002846965559742,1.9709277741071634,0.13620591629803824,25,3.1654712301537247,,0,64.0,4.174387269895637
6731_PRDM8_P2_ENSG00000152784,PRDM8,ENSG00000152784,2158,30,11485,0.0,0.09939469409096074,0.21725736448581723,0.0,0.5668687144240011,0.0,25,0.0,,0,67.0,4.219507705176107
6741_PRELID1_P1P2_ENSG00000169230,PRELID1,ENSG00000169230,2743,43,11485,4.693251997098533,4.694119640484569,0.030361485201895355,4.647389625032648,4.733281397475801,0.04825147622865167,25,5.429724400691152,,0,2758.0,7.922623574217286
6747_PRIM1_P1P2_ENSG00000198056,PRIM1,ENSG00000198056,5417,43,11485,2.0109075486819963,1.9918156939407294,0.3081771306897407,1.4840783259272654,2.409663710127647,0.40557672778033016,25,2.5391246653988575,,0,1770.0,7.479299637782834
6748_PRIM2_P1P2_ENSG00000146143,PRIM2,ENSG00000146143,3019,33,11485,1.8262986991155277,1.8804037403227019,0.20176814792453024,1.5533120416623334,2.1499730950688067,0.32636500223621434,25,2.1021456061214345,,0,583.0,6.369900982828227
674_ATP6V0B_P1P2_ENSG00000117410,ATP6V0B,ENSG00000117410,274,115,11485,4.129973481944577,4.168133281847506,0.11951720795494605,4.020086907464994,4.355215221990767,0.1831150772926433,25,5.65513258243484,,0,543.0,6.298949246855942
675_ATP6V0C_P1P2_ENSG00000185883,ATP6V0C,ENSG00000185883,6488,251,11485,4.137677666555944,4.132853169318097,0.07863415750187432,3.986503280334119,4.23902170737994,0.06282701132321122,25,6.365156457566049,,0,1031.0,6.939253946041508
6760_PRKCA_P1P2_ENSG00000154229,PRKCA,ENSG00000154229,7213,116,11485,2.5277491589643875,2.51117708360274,0.23239235520989587,2.057835592945434,2.779869869624303,0.3128756568873863,25,3.992340195690383,,0,332.0,5.808142489980444
6769_PRKRA_P1P2_ENSG00000180228,PRKRA,ENSG00000180228,1302,54,11485,2.4658233562566334,2.473752821651561,0.20244496787339147,2.148125571349072,2.765530853392572,0.20849081732920993,25,3.2263231241593413,,0,420.0,6.042632833682381
676_ATP6V0D1_P1P2_ENSG00000159720,ATP6V0D1,ENSG00000159720,6709,99,11485,3.125329354075518,3.116343419238494,0.14182942983902258,2.898996619327564,3.3336470740329744,0.20262896265004704,25,4.440321388664781,,0,118.0,4.77912349311153
6770_PRKRIP1_P2_ENSG00000128563,PRKRIP1,ENSG00000128563,3496,141,11485,0.39925909105156937,0.5470817789001012,0.5836959286983764,0.0,1.5953635676305564,0.9483921844371619,25,0.08381159582471935,,0,1.0,0.6931471805599453
6771_PRKRIP1_P1_ENSG00000128563,PRKRIP1,ENSG00000128563,3496,45,11485,2.032611749971429,1.928815813582689,0.2956763591761394,1.533300365956008,2.344238768221396,0.451850350735141,25,2.490002305723558,,0,22.0,3.1354942159291497
6774_PRMT1_P1P2_ENSG00000126457,PRMT1,ENSG00000126457,7895,40,11485,4.175457395397335,4.182240219862254,0.07185542002810529,4.076853129602363,4.300456625403865,0.10010725628951622,25,4.66995884215751,,0,696.0,6.546785410760524
6777_PRMT5_P1_ENSG00000100462,PRMT5,ENSG00000100462,5871,45,11485,2.121190499652997,2.0935544968087316,0.3953772687238847,1.4430236217025827,2.631360686842579,0.5024739682102459,25,2.554815630352045,,0,326.0,5.7899601708972535
6778_PRMT5_P2_ENSG00000100462,PRMT5,ENSG00000100462,5871,127,11485,0.0,0.2662794472951539,0.3908871235853731,0.0,0.99574555687978,0.5798624495342194,25,1.7782164479118419,,0,0.0,0.0
6791_PRPF18_P1P2_ENSG00000165630,PRPF18,ENSG00000165630,4337,61,11485,1.6525070222628573,1.6007473626952853,0.4022706167439917,0.8718375029642849,2.058250988156207,0.43033444036857826,25,2.449874970067019,,0,1628.0,7.395721608602045
6792_PRPF19_P1P2_ENSG00000110107,PRPF19,ENSG00000110107,4858,96,11485,2.4587046188292905,2.4599852958147626,0.15959386649964705,2.1658575276195133,2.7087226093325416,0.16297551352219886,25,3.7587498970606283,,0,2618.0,7.870547844507712
6793_PRPF31_P1P2_ENSG00000105618,PRPF31,ENSG00000105618,7922,156,11485,3.2649482374449454,3.239386215830164,0.16902945106061426,2.967994746815278,3.5141558501565147,0.23218592391944481,25,5.025707079316682,,0,4078.0,8.313607139317558
6794_PRPF38A_P1P2_ENSG00000134748,PRPF38A,ENSG00000134748,315,39,11485,2.2473134804494057,2.2544550349822,0.2230281601184531,1.9975471650055705,2.598306983114949,0.38508328897613664,25,2.650294267735721,,0,1128.0,7.029087564149662
6796_PRPF39_P1P2_ENSG00000185246,PRPF39,ENSG00000185246,5931,185,11485,1.9014493290425019,1.8180394944397171,0.23523803850512895,1.4670680521693942,2.0072401318841027,0.13276935817561397,25,3.7706891978046313,,0,180.0,5.198497031265826
6797_PRPF3_P1P2_ENSG00000117360,PRPF3,ENSG00000117360,527,113,11485,2.2535461220417075,2.0994757737846452,0.26564484157778323,1.6150746922544303,2.351169233331811,0.35221120477434176,25,3.6133588563665278,,0,3425.0,8.139148678884066
6798_PRPF40A_P1P2_ENSG00000196504,PRPF40A,ENSG00000196504,1247,45,11485,4.125762462224582,4.105390350747183,0.10571177326252643,3.932672637475786,4.257950563562288,0.15040360091215277,25,4.698980587598209,,0,1335.0,7.197435354096591
679_ATP6V1A_P1P2_ENSG00000114573,ATP6V1A,ENSG00000114573,1774,79,11485,2.6234457456337954,2.560126964678341,0.20333157820444006,2.2482967090618846,2.7950123910265794,0.2741000257024675,25,3.6399457322182722,,0,173.0,5.159055299214529
6800_PRPF4B_P1P2_ENSG00000112739,PRPF4B,ENSG00000112739,2788,32,11485,2.9893897197801342,2.9958334651359486,0.13922332977032786,2.8062421355176825,3.2169954170849793,0.20724384429298093,25,3.1903172904576302,,0,496.0,6.208590026096629
6801_PRPF4_P1P2_ENSG00000136875,PRPF4,ENSG00000136875,4149,85,11485,2.61373679528129,2.640096534097881,0.1675741815644124,2.3831231703778255,2.882793761369148,0.3055342395830607,25,3.7659812992214867,,0,2640.0,7.878912912297132
6802_PRPF6_P1P2_ENSG00000101161,PRPF6,ENSG00000101161,8189,62,11485,2.2664531836991495,2.259536180062384,0.40477770824010173,1.8345210707436321,2.91088511767964,0.6123779491419716,25,3.176015572032936,,0,4281.0,8.362175469149628
6803_PRPF8_P1P2_ENSG00000174231,PRPF8,ENSG00000174231,6833,89,11485,3.51610430101258,3.4811160414557465,0.12564678353646616,3.2971884976606893,3.6225016741486016,0.1190158533888348,25,4.724643995192235,,0,2900.0,7.972810784121404
680_ATP6V1B2_P1P2_ENSG00000147416,ATP6V1B2,ENSG00000147416,3667,163,11485,2.8490823202629647,2.8100523022567745,0.1660952391490996,2.597231310171445,2.977370857276525,0.23428242526161958,25,4.596719331067935,,0,919.0,6.824373670043086
6819_PRRC2A_P1P2_ENSG00000204469,PRRC2A,ENSG00000204469,2886,155,11485,3.06314333550073,3.015640552403223,0.1813988457097913,2.7421710449822645,3.2321553026505168,0.3131889566557282,25,4.822072150259496,,0,230.0,5.442417710521793
681_ATP6V1C1_P1P2_ENSG00000155097,ATP6V1C1,ENSG00000155097,3863,46,11485,2.667313462182333,2.6727770544419793,0.10658697923251682,2.5339210248821895,2.8487735196959743,0.16951615179277146,25,3.237145405198809,,0,36.0,3.6109179126442243
682_ATP6V1D_P1P2_ENSG00000100554,ATP6V1D,ENSG00000100554,6013,65,11485,3.4004489374395264,3.391779725976568,0.2292870557755158,3.027081778012322,3.684117979731024,0.18349567417215917,25,4.304843905672293,,0,146.0,4.990432586778736
6834_PSAT1_P1P2_ENSG00000135069,PSAT1,ENSG00000135069,4067,160,11485,2.8114070605037136,2.755990042724443,0.1747892845115723,2.4438329427613534,2.964667449047729,0.29403029856089935,25,4.598068673293104,,0,8.0,2.1972245773362196
683_ATP6V1E1_P1P2_ENSG00000131100,ATP6V1E1,ENSG00000131100,8277,58,11485,3.236571447867901,3.19120036876128,0.17908613159277437,2.921834821912829,3.4561074282373068,0.27505043755828984,25,4.024115720813095,,0,266.0,5.58724865840025
6842_PSMA2_P1P2_ENSG00000106588,PSMA2,ENSG00000106588,3331,33,11485,3.1657394956709797,3.174950802142435,0.17884118112749686,2.902426453436421,3.4558654668692492,0.2724286428410889,25,3.381945067919103,,0,892.0,6.794586580876499
6843_PSMA3_P1P2_ENSG00000100567,PSMA3,ENSG00000100567,5982,45,11485,3.8891706206774908,3.8438671420711534,0.13725568806965935,3.6137709507689197,3.99495052721109,0.23855325089113055,25,4.432745513921687,,0,3089.0,8.035926369891792
6844_PSMA4_P1P2_ENSG00000041357,PSMA4,ENSG00000041357,6367,94,11485,3.772862268818547,3.7655396699112935,0.2110399428273531,3.486944309513118,4.055424047853411,0.3244667568085755,25,5.057072397087813,,0,3481.0,8.155362120328135
6846_PSMA6_P1P2_ENSG00000100902,PSMA6,ENSG00000100902,5918,32,11485,3.5350371303488046,3.5353920179113993,0.13793895331836054,3.342272603972582,3.707882292684849,0.17524086393653304,25,3.7472068362131283,,0,2351.0,7.763021309018518
6849_PSMB1_P1P2_ENSG00000008018,PSMB1,ENSG00000008018,3221,33,11485,3.815568022368373,3.8097656574900025,0.11645861630203999,3.5864598300761394,3.9329831370199395,0.1196746785998104,25,4.076133245656282,,0,1597.0,7.37650812632622
6850_PSMB2_P1P2_ENSG00000126067,PSMB2,ENSG00000126067,211,70,11485,3.8700931380514616,3.8564291221488456,0.13913317653030163,3.648212667967395,4.054739359579228,0.14773451780393376,25,4.8739355904613335,,0,3043.0,8.020927718981577
6851_PSMB3_P1P2_ENSG00000277791,PSMB3,ENSG00000277791,7029,49,11485,3.997008471850005,3.989563519566257,0.09920963035109721,3.8482339194128325,4.126283742081911,0.16947272444715988,25,4.678138690089459,,0,2405.0,7.785720896534624
6852_PSMB4_P1P2_ENSG00000159377,PSMB4,ENSG00000159377,548,57,11485,2.4310278657376214,2.4098501993312134,0.37228317856325044,1.8006561979372389,3.0076619492317733,0.3856559568080713,25,3.2387789702382292,,0,389.0,5.966146739123692
6853_PSMB5_P1P2_ENSG00000100804,PSMB5,ENSG00000100804,5874,147,11485,4.343977918892148,4.316738649276544,0.11026449267666102,4.152077482232215,4.437286510702572,0.15658022091059198,25,6.1206880257387954,,0,4259.0,8.357024439263416
6855_PSMB6_P1_ENSG00000142507,PSMB6,ENSG00000142507,6857,43,11485,4.38262129016176,4.389929717400551,0.061844082173353646,4.3020031338156945,4.491789431690573,0.07999060649585399,25,4.9773035262511565,,0,2845.0,7.953669778649798
6857_PSMC1_P1P2_ENSG00000100764,PSMC1,ENSG00000100764,6075,82,11485,3.863655545697609,3.856718039482138,0.13399384031737835,3.5719153969289175,4.006631332384696,0.1425143581444024,25,5.022478496029165,,0,3271.0,8.093156697722637
6858_PSMC2_P1P2_ENSG00000161057,PSMC2,ENSG00000161057,3508,39,11485,3.137188509348211,3.1546640176183214,0.16323630510762668,2.935755701086551,3.412645526891076,0.21644273688920368,25,3.576879682394083,,0,2432.0,7.796880342783522
685_ATP6V1F_P1P2_ENSG00000128524,ATP6V1F,ENSG00000128524,3558,41,11485,4.039047163402003,4.055522669299727,0.07367990206690214,3.9559374562756546,4.197017787806093,0.09693629643864554,25,4.555680980853979,,0,43.0,3.784189633918261
6860_PSMC3_P1P2_ENSG00000165916,PSMC3,ENSG00000165916,4830,29,11485,2.409333746236597,2.4318113946953677,0.17440114333540402,2.1899769629308183,2.7123458583961173,0.18621655758192235,25,2.569928740162624,,0,1187.0,7.080026499922591
6861_PSMC4_P1P2_ENSG00000013275,PSMC4,ENSG00000013275,7795,39,11485,2.78569538297554,2.7642461678774026,0.209652094353018,2.502371490174188,3.0723168483135184,0.25032345005576984,25,3.185905087805976,,0,1703.0,7.440733707389261
6862_PSMC5_P1P2_ENSG00000087191,PSMC5,ENSG00000087191,7204,106,11485,4.021610649340965,3.977823109416667,0.21338926027358404,3.678352308358631,4.250659769001992,0.2693697581134429,25,5.4244081394960695,,0,3415.0,8.13622555490846
6865_PSMD11_P1P2_ENSG00000108671,PSMD11,ENSG00000108671,7001,29,11485,2.364813195051261,2.35923300243906,0.15336521286710006,2.0918649692234457,2.637830960552724,0.10456068242148042,25,2.456863122427671,,0,495.0,6.206575926724928
6867_PSMD13_P1P2_ENSG00000185627,PSMD13,ENSG00000185627,4678,36,11485,3.690508224331464,3.6907741685201056,0.08582867387709822,3.5787564578207274,3.8417022298987287,0.09656443555042227,25,4.004308316087269,,0,1622.0,7.392031567514591
6868_PSMD14_P1P2_ENSG00000115233,PSMD14,ENSG00000115233,1260,70,11485,3.666851419641215,3.6885867974427673,0.15390710718756376,3.454015092550163,3.9323258858029595,0.24604868719893602,25,4.66417005310374,,0,3122.0,8.046549357283078
6869_PSMD1_P1P2_ENSG00000173692,PSMD1,ENSG00000173692,1442,32,11485,3.4018519974035986,3.4044585751416316,0.14204140831890502,3.1819823088234576,3.592846408577365,0.16847811849122474,25,3.639742731419922,,0,1819.0,7.506591780070841
686_ATP6V1G1_P1P2_ENSG00000136888,ATP6V1G1,ENSG00000136888,4154,135,11485,3.9310588965492688,3.9387601299145696,0.1061097098901388,3.7652403543237267,4.085100100894313,0.18239389578147946,25,5.601048713566275,,0,219.0,5.393627546352361
6874_PSMD6_P1P2_ENSG00000163636,PSMD6,ENSG00000163636,1703,34,11485,3.0552339924910044,3.098273296346339,0.18179827602639362,2.8609452553700474,3.382085302348861,0.16282445715936733,25,3.419513089120061,,0,2209.0,7.700747794511798
6875_PSMD7_P1P2_ENSG00000103035,PSMD7,ENSG00000103035,6756,32,11485,2.8836933201031387,2.8830538028707253,0.15989509662890647,2.624018547070654,3.119438567313048,0.23359188347919346,25,3.092496095523536,,0,410.0,6.018593214496234
6876_PSMD8_P1P2_ENSG00000099341,PSMD8,ENSG00000099341,7772,56,11485,3.164426896759654,3.056771161670008,0.2978015247102284,2.7227974488048665,3.4054944562267195,0.37470485752990745,25,3.801189236362777,,0,1189.0,7.0817085861055755
6877_PSMD9_P1P2_ENSG00000110801,PSMD9,ENSG00000110801,5635,64,11485,3.8203567586481286,3.830326150012461,0.0933398612800282,3.620458694799712,3.9393802304672825,0.0954210312557624,25,4.6971743662494,,0,1.0,0.6931471805599453
6878_PSME1_P1P2_ENSG00000092010,PSME1,ENSG00000092010,5884,102,11485,3.8345368445509496,3.815664616848318,0.10394322770536092,3.6362886058672474,3.957274681691319,0.1398003352419379,25,5.197890818429308,,0,229.0,5.438079308923196
6879_PSME2_P1P2_ENSG00000100911,PSME2,ENSG00000100911,5886,106,11485,3.939519736485699,3.8949215234341925,0.10706919737784668,3.716389370316007,4.002817077765981,0.12994153778842188,25,5.298145844463031,,0,2.0,1.0986122886681096
687_ATP6V1H_P1P2_ENSG00000047249,ATP6V1H,ENSG00000047249,3758,79,11485,2.95198429944219,2.9424238737041266,0.07126149576712229,2.808505298077576,3.024206677441835,0.10816132356530517,25,4.011752880504574,,0,444.0,6.09807428216624
6884_PSMG2_P1P2_ENSG00000128789,PSMG2,ENSG00000128789,7358,57,11485,3.028395068530979,3.00349533074332,0.19476141061739244,2.663524415380225,3.222829019728358,0.22173318324396885,25,3.832191113587096,,0,929.0,6.835184586147301
6885_PSMG3_P2_ENSG00000157778,PSMG3,ENSG00000157778,3234,196,11485,2.228885044488993,2.106973041262687,0.44160965265153934,1.3149006807045092,2.632062074939547,0.6338992454369812,25,4.180178737589508,,0,5.0,1.791759469228055
6886_PSMG3_P1_ENSG00000157778,PSMG3,ENSG00000157778,3234,70,11485,2.846257501895811,2.8266032070877003,0.21325682327631865,2.440913290833295,3.1404497978461445,0.2902882896440766,25,3.8643817610569986,,0,2065.0,7.633369649679584
6892_PSTK_P1_ENSG00000179988,PSTK,ENSG00000179988,4646,78,11485,1.1213278501642425,0.930932464776979,0.7774400653270742,0.0,1.9354489265259107,1.6859750391888308,25,2.1322092181964116,,0,1016.0,6.92461239604856
6893_PSTK_P2_ENSG00000179988,PSTK,ENSG00000179988,4646,209,11485,1.4736813271824265,1.1898638213973232,0.8455425823150411,0.0,2.3044017060466584,1.5567905638718327,25,3.617795850404931,,2,3.0,1.3862943611198906
6896_PTBP1_P1P2_ENSG00000011304,PTBP1,ENSG00000011304,7468,43,11485,3.3006984799858348,3.2961920567756255,0.15169175071256666,3.096468441054368,3.522246414001835,0.2188851243369374,25,3.7492506505704934,,0,681.0,6.525029657843462
6905_PTEN_P1P2_ENSG00000171862,PTEN,ENSG00000171862,4502,206,11485,3.4079470200195505,3.389030999942966,0.14808868137166617,3.1045905883610065,3.5654445286733836,0.1946099306852851,25,5.446473541087603,,0,1141.0,7.040536390215956
6914_PTK2_P1P2_ENSG00000169398,PTK2,ENSG00000169398,3912,85,11485,3.4859229840544796,3.4689252044866135,0.14306251730190167,3.265656040209278,3.6807944922440465,0.23513457707914398,25,4.606396346294049,,0,271.0,5.605802066295998
6916_PTMA_P1P2_ENSG00000187514,PTMA,ENSG00000187514,1445,190,11485,4.655850488152282,4.655831728794339,0.05386842909088315,4.582710502178666,4.736503123463067,0.07303890589994921,25,6.77868370577428,,0,122.0,4.812184355372417
6922_PTPMT1_P1P2_ENSG00000110536,PTPMT1,ENSG00000110536,4833,103,11485,2.3503578024607976,2.3976559989632547,0.17234677166923745,2.1951189689237647,2.645023105421722,0.26931846767261813,25,3.732090086992006,,0,97.0,4.584967478670572
6923_PTPN11_P1P2_ENSG00000179295,PTPN11,ENSG00000179295,5592,175,11485,3.7339588246685755,3.7834681202965186,0.13155707877444903,3.6203673146053745,3.9857877726377686,0.2143961668636618,25,5.707654737745772,,0,18.0,2.9444389791664403
6927_PTPN1_P1P2_ENSG00000196396,PTPN1,ENSG00000196396,8144,98,11485,3.2223647062801795,3.181922392649124,0.16501352499566974,2.89427959829308,3.4260663078381666,0.16417084655167935,25,4.5280206287521985,,0,283.0,5.648974238161206
6928_PTPN23_P1P2_ENSG00000076201,PTPN23,ENSG00000076201,1613,33,11485,1.868516474761911,1.8773327479765882,0.07879879202189805,1.7730308603813185,2.0277426092808652,0.07488116275083367,25,2.0958037449571396,,0,395.0,5.981414211254481
6947_PUF60_P1P2_ENSG00000179950,PUF60,ENSG00000179950,3922,53,11485,3.1486648870136165,3.0932705762962973,0.2333793489675003,2.6693541552432447,3.3817766227459582,0.29648533650936226,25,3.7218848322383065,,0,1560.0,7.353081920515432
6948_PUM1_P1P2_ENSG00000134644,PUM1,ENSG00000134644,176,82,11485,3.176117835904196,3.1119830981778422,0.18185806155532402,2.845711531716541,3.3318012517399933,0.28320516963311393,25,4.146401410281153,,0,293.0,5.683579767338681
6970_PXN_P1P2_ENSG00000089159,PXN,ENSG00000089159,5614,150,11485,2.175018674558343,2.072197934129858,0.4908549648127471,1.3060719830179541,2.610952395389062,0.6623806354870061,25,3.794672668818893,,0,477.0,6.169610732491456
6979_PYROXD1_P1P2_ENSG00000121350,PYROXD1,ENSG00000121350,5260,136,11485,2.0913504279360255,2.0428366130843263,0.32855385189742264,1.4681641764139877,2.411805560193821,0.3808269301924718,25,3.667625704462168,,0,1939.0,7.570443252057374
6981_QARS_P1P2_ENSG00000172053,QARS,ENSG00000172053,1636,80,11485,3.0071518574288922,2.9750155822351094,0.1089440316617085,2.7395303529577215,3.0987267894768307,0.1278727993861164,25,4.0715120449962034,,0,2602.0,7.864419904994565
6988_QRSL1_P1P2_ENSG00000130348,QRSL1,ENSG00000130348,3078,199,11485,1.904390021352972,1.7805484452044396,0.358209691397752,1.038061582692353,2.1348633459875095,0.41018816127191315,25,3.7526018264190313,,0,11.0,2.4849066497880004
699_ATR_P1P2_ENSG00000175054,ATR,ENSG00000175054,1869,161,11485,2.687010433098774,2.6355195276742993,0.132051966888506,2.3389973619698026,2.7741212701857436,0.17162683815172874,25,4.412125534320865,,0,2284.0,7.734121303328305
700_ATXN10_P1P2_ENSG00000130638,ATXN10,ENSG00000130638,8446,59,11485,3.9290540924951323,3.930449101769191,0.09331797876557651,3.7695168631256357,4.029489039709926,0.12528031465668432,25,4.774262612589053,,0,740.0,6.608000625296087
7010_RAB18_P1P2_ENSG00000099246,RAB18,ENSG00000099246,4370,48,11485,3.050097814773086,3.0879307787311427,0.11861814717040804,2.9425476561614525,3.313026553852147,0.16002392825560285,25,3.6999288509516526,,0,449.0,6.1092475827643655
7032_RAB4A_P1P2_ENSG00000168118,RAB4A,ENSG00000168118,825,181,11485,2.992027125867397,2.974970403349317,0.133854912764192,2.766307120967792,3.1285234883007242,0.20502564462267658,25,4.892085680727344,,1,410.0,6.018593214496234
7033_RAB4B_P1P2_ENSG00000167578,RAB4B,ENSG00000167578,7805,230,11485,1.02215060478507,0.9059000717755371,0.3706583701395262,0.0,1.2437181299066489,0.23527904895509155,25,3.1798450231219215,,1,196.0,5.2832037287379885
7038_RAB6A_P1P2_ENSG00000175582,RAB6A,ENSG00000175582,5020,91,11485,2.194151739286614,2.0931190466379372,0.39708546711345044,1.4320984789785713,2.590904751977016,0.7223099762089544,25,3.428821490978967,,0,61.0,4.127134385045092
7050_RABGGTA_P1P2_ENSG00000100949,RABGGTA,ENSG00000100949,5896,190,11485,1.4042226110642828,1.3138423237645547,0.3045514180885293,0.6212408842913988,1.6084767354278724,0.18387066983850708,25,3.3703289934597906,,0,3077.0,8.032035314398824
7051_RABGGTB_P1P2_ENSG00000137955,RABGGTB,ENSG00000137955,367,110,11485,2.9319965825471757,2.907793357574931,0.1334227576565938,2.725219092106163,3.089733617601029,0.18499268879285058,25,4.369795047864764,,0,2785.0,7.932362154339751
7055_RAC1_P1P2_ENSG00000136238,RAC1,ENSG00000136238,3258,43,11485,4.365406075910696,4.370493674275055,0.09749152254115799,4.200124181407,4.535085412588845,0.09147272336854329,25,5.048432504640879,,0,1394.0,7.240649694255466
7057_RAC3_P1P2_ENSG00000169750,RAC3,ENSG00000169750,7307,130,11485,2.807114438221598,2.723471387268841,0.2066622154930614,2.3455551876198,2.9067438393409293,0.27751618415910606,25,4.321432687044571,,0,3741.0,8.227375506834035
7059_RAD17_P1P2_ENSG00000152942,RAD17,ENSG00000152942,2462,59,11485,2.1560868852100654,2.1247776306465767,0.23905707356336806,1.689774701550941,2.400861539201024,0.2495881003382716,25,2.910193834224764,,0,66.0,4.204692619390966
7062_RAD21_P1P2_ENSG00000164754,RAD21,ENSG00000164754,3879,42,11485,3.5725775491971117,3.567229334049671,0.08395634636517696,3.416431034447356,3.6795718676114864,0.10396842813963669,25,4.037239773183239,,0,546.0,6.304448802421981
7069_RAD51D_P1P2_ENSG00000185379,RAD51D,ENSG00000185379,7007,125,11485,1.7816447000837647,1.6913495609392653,0.31051562479530387,1.1104050284089577,2.075407341571462,0.3188435980497124,25,3.302421856861942,,0,2.0,1.0986122886681096
7093_RANBP2_P1P2_ENSG00000153201,RANBP2,ENSG00000153201,1172,43,11485,2.980726323275031,2.931884704693699,0.176382426875588,2.6051324309711665,3.1270676922619947,0.2681667381162569,25,3.4457924973539686,,0,467.0,6.148468295917647
7097_RANGAP1_P1P2_ENSG00000100401,RANGAP1,ENSG00000100401,8418,84,11485,2.9388528014891437,2.962343842589169,0.24644685069370056,2.6321030869234923,3.3622970456979,0.36251369482625106,25,4.136137131435359,,0,1327.0,7.191429330036379
7099_RAN_P1P2_ENSG00000132341,RAN,ENSG00000132341,5669,69,11485,4.0938985846622264,4.055756843961704,0.23501069029396293,3.560228637720631,4.324002627112315,0.17425596014097255,25,5.191560189052081,,0,1156.0,7.053585727193677
7116_RARS2_P1P2_ENSG00000146282,RARS2,ENSG00000146282,3053,135,11485,2.7711131680655443,2.7604150714198683,0.1844516347914782,2.4506671424227,3.0156995355726166,0.2570658119286482,25,4.432080953335745,,0,248.0,5.517452896464707
7117_RARS_P1P2_ENSG00000113643,RARS,ENSG00000113643,2712,48,11485,3.5878626107453364,3.5914977757364115,0.10679199207520153,3.4246158416696706,3.739413061249513,0.17701189075914847,25,4.162979110471859,,0,1315.0,7.182352111885263
713_AURKAIP1_P1P2_ENSG00000175756,AURKAIP1,ENSG00000175756,14,29,11485,4.387813726170597,4.386348403051278,0.043609094983807196,4.322095416303821,4.446060863345985,0.07678893002667841,25,4.595949154906126,,0,384.0,5.953243334287785
7140_RBBP4_P1P2_ENSG00000162521,RBBP4,ENSG00000162521,195,55,11485,3.1833832715950017,3.17440588674161,0.1488117594209251,2.941737376845907,3.3502027953945603,0.16884386068218893,25,3.8704643545885586,,0,213.0,5.365976015021851
7141_RBBP5_P1P2_ENSG00000117222,RBBP5,ENSG00000117222,745,78,11485,1.8601366165048514,1.852949305609897,0.08475755696622092,1.70015577642895,1.957035658681928,0.12750966407453768,25,2.9524559630965466,,0,1959.0,7.580699752224563
7144_RBBP8_P1P2_ENSG00000101773,RBBP8,ENSG00000101773,7369,29,11485,3.0920857455760338,3.096294611959924,0.05182331822020265,3.015730715715051,3.1808055164285776,0.06442692517797699,25,3.1645458821447074,,0,647.0,6.473890696352274
714_AURKA_P1P2_ENSG00000087586,AURKA,ENSG00000087586,8152,35,11485,2.585397469753847,2.5789837825562256,0.1526567469238992,2.386366434051144,2.829177826885055,0.23599575384103177,25,2.851124657340427,,0,744.0,6.61338421837956
7152_RBM10_P1P2_ENSG00000182872,RBM10,ENSG00000182872,8535,136,11485,2.2193511976760627,2.1915328711861277,0.3065449593577787,1.745267277417098,2.6183254029643255,0.3518266573505673,25,3.838218810308495,,0,1566.0,7.356918242356021
7154_RBM12_P1P2_ENSG00000244462,RBM12,ENSG00000244462,8074,89,11485,2.7053447808879874,2.6804029145543957,0.10370179671903086,2.5212972036421237,2.8070901230821432,0.17372568386727094,25,3.9039508778818806,,0,422.0,6.0473721790462776
7161_RBM17_P1P2_ENSG00000134453,RBM17,ENSG00000134453,4320,42,11485,3.5164857825606846,3.5388959131301387,0.08224370315674044,3.427583054615302,3.680109573993116,0.12494215844444767,25,4.02678872185134,,0,678.0,6.520621127558696
7166_RBM25_P1P2_ENSG00000119707,RBM25,ENSG00000119707,6030,36,11485,4.001839772459552,3.9999684391126773,0.08090175698939243,3.8808192910304906,4.115447390182087,0.11995212525514631,25,4.326942642712269,,0,1617.0,7.388946097618437
7170_RBM33_P1P2_ENSG00000184863,RBM33,ENSG00000184863,3631,98,11485,2.2920103483627825,2.3002491293760574,0.26592750406798477,1.9764889935253496,2.594120163054229,0.29354803060565215,25,3.6639103817811915,,0,329.0,5.799092654460526
7173_RBM39_P1P2_ENSG00000131051,RBM39,ENSG00000131051,8077,57,11485,3.281635081693672,3.278442425781876,0.20259132189528078,2.916309146543177,3.5697907387077037,0.295902002894993,25,4.033603079458987,,0,1813.0,7.503289630675082
7176_RBM42_P1P2_ENSG00000126254,RBM42,ENSG00000126254,7751,49,11485,2.87918938310114,2.818764857040128,0.17227140055466617,2.5500921382821824,3.039087867297627,0.28860467509393795,25,3.4868844041097264,,0,1861.0,7.529406457837013
7178_RBM48_P1P2_ENSG00000127993,RBM48,ENSG00000127993,3437,35,11485,0.0,0.1697369983677432,0.29415418570279334,0.0,0.5488809518201302,0.2854344553498239,25,0.0,,0,888.0,6.790097235513905
7181_RBM4_P2_ENSG00000173933,RBM4,ENSG00000173933,4973,52,11485,3.337072787139942,3.333376307666201,0.11375650632372941,3.170138125908164,3.4994467935069498,0.12257026692553641,25,4.0128939447025935,,0,125.0,4.836281906951478
7186_RBMX2_P1P2_ENSG00000134597,RBMX2,ENSG00000134597,8677,105,11485,2.1640299073180045,2.0974451744845917,0.38580390799942776,1.4715007947574212,2.54018084078867,0.3373826490276055,25,3.5768834391059205,,0,2850.0,7.955425088912672
7187_RBMXL1_P1P2_ENSG00000213516,RBMXL1,ENSG00000213516,397,89,11485,1.3000728494208824,1.032917048428326,0.5382895193108421,0.04164245498570799,1.506343759403035,0.7322408672480433,25,2.3895546585623157,,0,0.0,0.0
7188_RBMX_P1P2_ENSG00000147274,RBMX,ENSG00000147274,8691,29,11485,3.4981552076406275,3.5003227393425465,0.07246777354152918,3.396561682208605,3.6103704567818156,0.07604714266296986,25,3.6196061860494098,,0,517.0,6.249975242259483
7193_RBX1_P1P2_ENSG00000100387,RBX1,ENSG00000100387,8415,79,11485,4.118410515578705,4.127146312994438,0.12823367367400898,3.9260524875286453,4.296316248312664,0.1961407398295858,25,5.295452936991345,,0,2577.0,7.8547691834991324
7198_RCC1_P1_ENSG00000180198,RCC1,ENSG00000180198,166,45,11485,0.587523581724756,0.6369966300230417,0.5515007269034117,0.0,1.2908870975589615,1.1027291603941796,25,1.2436763701670237,,0,401.0,5.996452088619021
7199_RCC1_P2_ENSG00000180198,RCC1,ENSG00000180198,166,141,11485,1.8134498930602927,1.841373623856646,0.4517893603002618,1.0427936985211508,2.4513444872482086,0.7129703915181598,25,3.5540885026877036,,0,1385.0,7.234177179749849
7203_RCCD1_P2_ENSG00000166965,RCCD1,ENSG00000166965,6412,100,11485,1.2159262331117708,1.235942906091972,0.47777859263435807,0.2946982488018641,1.730685467153898,0.5935984263867722,25,2.742824593061951,,0,765.0,6.641182169740591
7206_RCL1_P1P2_ENSG00000120158,RCL1,ENSG00000120158,3958,38,11485,1.7456113095445116,1.735761508508648,0.10300124368991354,1.6001250824633937,1.8784120374061772,0.111914878976201,25,2.094978232939319,,0,1176.0,7.0707241072602764
7210_RCOR1_P1P2_ENSG00000089902,RCOR1,ENSG00000089902,6121,81,11485,2.486035696197698,2.484745306366857,0.0631676654930152,2.386365987128451,2.566565096296524,0.07332979613840829,25,3.59165067805026,,0,2.0,1.0986122886681096
7241_REV3L_P1P2_ENSG00000009413,REV3L,ENSG00000009413,3098,56,11485,2.624663303278867,2.6375031588976707,0.19922231970122542,2.317964693530753,2.936740667653435,0.20381027554715647,25,3.3606534130318453,,0,7.0,2.0794415416798357
7243_REXO2_P1P2_ENSG00000076043,REXO2,ENSG00000076043,5119,81,11485,4.152399998015818,4.147246323906285,0.07762571984006543,3.9948880667670688,4.244819333472545,0.08303206455193735,25,5.277437493853103,,0,18.0,2.9444389791664403
7245_RFC1_P1P2_ENSG00000035928,RFC1,ENSG00000035928,2081,56,11485,2.94547608611929,2.9469265237860265,0.19876763075398005,2.587963102832897,3.2734984133015317,0.14757440294784852,25,3.711291274614174,,0,472.0,6.159095388491933
7246_RFC2_P1P2_ENSG00000049541,RFC2,ENSG00000049541,3396,79,11485,3.024018368031522,3.032120342287271,0.08268249456608297,2.9302290830859685,3.1528252248268167,0.06913756865594722,25,4.15020927710386,,0,2260.0,7.72356247227797
7247_RFC3_P1P2_ENSG00000133119,RFC3,ENSG00000133119,5729,61,11485,2.0618351095410263,2.0446485310761533,0.26080528817652743,1.6619083914624062,2.422232947873244,0.39731738900232405,25,2.9342331170652414,,0,1443.0,7.275172319452771
7248_RFC4_P1P2_ENSG00000163918,RFC4,ENSG00000163918,1968,36,11485,2.761887366230874,2.7762739517910733,0.09029643786738191,2.6594107192257024,2.9108445647813066,0.16686346763621884,25,3.0674759334268358,,0,768.0,6.645090969505644
7249_RFC5_P1P2_ENSG00000111445,RFC5,ENSG00000111445,5603,44,11485,2.2425185923739397,2.2242333862455097,0.15866746805144832,1.9477743512326244,2.448406193778776,0.15436292941658047,25,2.6308351609672584,,0,558.0,6.326149473155099
7255_RFT1_P1P2_ENSG00000163933,RFT1,ENSG00000163933,1683,95,11485,2.0133052580175814,2.048489954767402,0.21545322485113097,1.7763492248009407,2.327656425315123,0.3493153950604275,25,3.326054987602943,,0,206.0,5.332718793265369
7271_RGP1_P1P2_ENSG00000107185,RGP1,ENSG00000107185,4026,64,11485,0.9903314980855534,0.8445512640211257,0.5874676504167352,0.0,1.7218194545244747,0.9371210585386823,25,1.763892155849216,,0,12.0,2.5649493574615367
7295_RHOQ_P1P2_ENSG00000119729,RHOQ,ENSG00000119729,1009,347,11485,2.8058697409001554,2.746895738007514,0.25466338265656346,2.2609491376117132,2.991520765828027,0.2758814129113851,25,5.282705646859074,1.8735908442161833,6,13.0,2.639057329615259
7310_RINT1_P1P2_ENSG00000135249,RINT1,ENSG00000135249,3513,72,11485,1.8932942495825424,1.8845001784245397,0.08577696948236437,1.7566502165632607,2.026443160840718,0.1067439252610678,25,2.905395549188106,,0,1600.0,7.3783837129967145
7311_RIOK1_P1P2_ENSG00000124784,RIOK1,ENSG00000124784,2796,47,11485,1.6393453415114236,1.658146325960001,0.37833639516316553,1.0046522909076057,2.1739631643412274,0.49450724795601264,25,2.3205565483816084,,0,230.0,5.442417710521793
7322_RMI1_P1P2_ENSG00000178966,RMI1,ENSG00000178966,4073,69,11485,2.089543755701499,2.063234855450752,0.16182016565098983,1.817305666342618,2.2534898846586833,0.24523634967269414,25,3.048924736524899,,0,8.0,2.1972245773362196
7331_RNASEH2C_P1P2_ENSG00000172922,RNASEH2C,ENSG00000172922,4947,144,11485,3.5940981934393728,3.561045812467104,0.18357966739653014,3.342305873534525,3.782977801881402,0.17068417588607687,25,5.263381416750049,,0,494.0,6.20455776256869
7335_RNF103_P1P2_ENSG00000239305,RNF103,ENSG00000239305,1127,75,11485,0.38368168512870077,0.4621835020722462,0.5055152149890582,0.0,1.3686705188080959,0.6050196751710228,25,1.4265284800400648,,0,255.0,5.545177444479562
7338_RNF113A_P1P2_ENSG00000125352,RNF113A,ENSG00000125352,8661,59,11485,1.5875063206197901,1.6012287920790353,0.0918171342156303,1.4503431234455388,1.7080419505845668,0.12486133036604263,25,2.412687645731225,,0,4606.0,8.435332164935916
7357_RNF14_P1P2_ENSG00000013561,RNF14,ENSG00000013561,2655,184,11485,1.7320825474360262,1.7987382998519599,0.273647597420072,1.4699080397753839,2.1955381711946313,0.48055094336690973,25,3.848675039407097,,0,10.0,2.3978952727983707
7362_RNF168_P1P2_ENSG00000163961,RNF168,ENSG00000163961,1987,55,11485,2.388622890336387,2.38465773768373,0.042229330441058595,2.320966645345469,2.4499646979861343,0.056214829999149174,25,3.1126778934690593,,0,11.0,2.4849066497880004
7375_RNF20_P1P2_ENSG00000155827,RNF20,ENSG00000155827,4122,155,11485,2.116171839665631,2.0679638219194945,0.44431183174547284,1.2096885367272987,2.5675246958657443,0.5487211671666143,25,3.9307313495705554,,0,2164.0,7.68017564043659
7390_RNF40_P1P2_ENSG00000103549,RNF40,ENSG00000103549,6625,69,11485,2.010480774237633,1.9813702773588384,0.38608425006459857,1.3553731223775332,2.3773848777914486,0.5443024735652617,25,2.883923453817446,,0,1044.0,6.951772164398911
7393_RNF4_P1P2_ENSG00000063978,RNF4,ENSG00000063978,2022,52,11485,1.9541496407507841,1.9227236724016812,0.45078965510554375,1.1646099900958486,2.4985251618999027,0.40394437312965503,25,2.6287870201322168,,0,2.0,1.0986122886681096
7397_RNF8_P1P2_ENSG00000112130,RNF8,ENSG00000112130,2954,213,11485,2.8036182016904574,2.7750869954461796,0.15145288160270598,2.5255604478763143,2.928681813342809,0.19983184789340047,25,4.88717889640477,,1,312.0,5.746203190540153
7400_RNGTT_P1P2_ENSG00000111880,RNGTT,ENSG00000111880,3056,46,11485,1.9604768553779306,1.9207306383576002,0.2587957945281546,1.5432626998582584,2.368320141587397,0.37064333399364835,25,2.458705379893238,,0,500.0,6.2166061010848646
7403_RNMT_P1P2_ENSG00000101654,RNMT,ENSG00000101654,7363,71,11485,3.026530228820819,3.003720979194765,0.09131494998697139,2.8242737559849598,3.1173819847415207,0.11044000330982318,25,3.9310442884111816,,0,1649.0,7.408530566894626
7404_RNPC3_P1P2_ENSG00000185946,RNPC3,ENSG00000185946,441,65,11485,0.37930926181200625,0.5617570369287074,0.5129838416146454,0.0,1.3270410798327394,0.9748118944712106,25,1.507434612411929,,0,1081.0,6.9865664594064265
7407_RNPS1_P1P2_ENSG00000205937,RNPS1,ENSG00000205937,6486,36,11485,3.251468358174521,3.1951654362603223,0.17817952893343286,2.9281392504843353,3.4727652821381176,0.2468125618910273,25,3.543394263834475,,0,571.0,6.349138991379798
7418_RPA1_P1P2_ENSG00000132383,RPA1,ENSG00000132383,6836,71,11485,2.2968992079003905,2.2963092495508395,0.30965484196427395,1.7441478733854652,2.7820804769768674,0.2741899790865774,25,3.3027811019205195,,0,1556.0,7.350516171833998
7419_RPA2_P1P2_ENSG00000117748,RPA2,ENSG00000117748,159,75,11485,2.723026057326391,2.73360763640398,0.1960263202832296,2.466370499943941,2.97736808921968,0.3756219127482132,25,3.7596818871727837,,0,2279.0,7.731930721948486
7420_RPA3_P1P2_ENSG00000106399,RPA3,ENSG00000106399,3265,110,11485,3.563351021229988,3.538312066844137,0.1553005508419098,3.314884781606602,3.768017954672573,0.2724310444057987,25,4.966083135661612,,0,2344.0,7.76004068088038
7421_RPAIN_P1P2_ENSG00000129197,RPAIN,ENSG00000129197,6868,27,11485,3.214371009752765,3.204540358283056,0.0470468207994695,3.108677708371656,3.266431341903645,0.05158199931717666,25,3.2213583583604843,,0,548.0,6.3080984415095305
7422_RPAP1_P1P2_ENSG00000103932,RPAP1,ENSG00000103932,6197,37,11485,1.5980421412581869,1.5969670237834301,0.12190523078186771,1.41395514646533,1.787377427339139,0.16812886056445553,25,1.935645742456216,,0,1588.0,7.370860166536716
7424_RPAP3_P1P2_ENSG00000005175,RPAP3,ENSG00000005175,5315,39,11485,2.364648352203547,2.3605595317423855,0.18016220084575385,2.10122999931211,2.65480013162462,0.23927654261810583,25,2.761318261715009,,0,1188.0,7.080867896690782
7425_RPE_P1P2_ENSG00000197713,RPE,ENSG00000197713,1385,57,11485,2.4100671981018147,2.4722259243019407,0.14068576140820216,2.298119137589152,2.7115434162471526,0.2382811239943443,25,3.2845476088579812,,0,118.0,4.77912349311153
7430_RPIA_P1P2_ENSG00000153574,RPIA,ENSG00000153574,1131,36,11485,1.2343128528875402,1.3381163618268044,0.2790751554144395,1.0242808672360926,1.7639645167124771,0.4964737723329302,25,1.668103552859824,,0,525.0,6.26530121273771
7431_RPL10A_P1P2_ENSG00000198755,RPL10A,ENSG00000198755,2940,95,11485,4.514137609567167,4.524765819054973,0.08811048367064513,4.396639540003709,4.691894216724405,0.08298521428372041,25,6.079197427722323,,0,2391.0,7.779885115070522
7432_RPL10_P1P2_ENSG00000147403,RPL10,ENSG00000147403,8715,78,11485,4.494919777613278,4.480434150465852,0.08404585315638252,4.334647046763886,4.582313455855972,0.10182788649771712,25,5.8686811320741255,,0,2161.0,7.6787889981991535
7433_RPL11_P1P2_ENSG00000142676,RPL11,ENSG00000142676,120,75,11485,4.167317190161,4.188778210925401,0.13975443097739645,4.022932801921091,4.413031445202753,0.1902527603660058,25,5.560460254143572,,0,1896.0,7.5480289699350145
7434_RPL12_P1P2_ENSG00000197958,RPL12,ENSG00000197958,4189,81,11485,4.52918593828565,4.52382013097802,0.07468775425500829,4.389562211795214,4.636034677957511,0.0834084547076257,25,5.949264264357422,,0,3189.0,8.06777619577889
7435_RPL13A_P1_ENSG00000142541,RPL13A,ENSG00000142541,7886,34,11485,3.61279020349008,3.5776931547772115,0.16257812476559041,3.3940980076810576,3.832901849270114,0.245494268561385,25,4.310515575901352,,0,435.0,6.077642243349034
7437_RPL13_P1P2_ENSG00000167526,RPL13,ENSG00000167526,6810,54,11485,4.333499755213293,4.326829853497711,0.09948831039180306,4.210280735067774,4.446939411361458,0.14850303957558797,25,5.454379158054631,,0,1947.0,7.5745584842024805
7438_RPL14_P1P2_ENSG00000188846,RPL14,ENSG00000188846,1582,43,11485,4.653131426659362,4.6654046240612,0.036532990893760026,4.6295110913581965,4.7275610314036,0.058077830826973376,25,5.615848207802985,,0,2309.0,7.745002803515839
7439_RPL15_P1P2_ENSG00000174748,RPL15,ENSG00000174748,1545,36,11485,4.57029079785828,4.553221610907102,0.04136075218060785,4.499023333947556,4.605068794829405,0.07301288427377539,25,5.365601695460383,,0,1552.0,7.347943823148687
7441_RPL17_P1P2_ENSG00000265681,RPL17,ENSG00000265681,7408,60,11485,4.6711882593598055,4.655897025985723,0.042927583416827175,4.59871245582093,4.714753977193348,0.08116624788917015,25,5.891857689354348,,0,2279.0,7.731930721948486
7442_RPL18A_P1P2_ENSG00000105640,RPL18A,ENSG00000105640,7691,41,11485,4.45071402620271,4.461663620734032,0.07313731186993394,4.353868701362285,4.578891347832029,0.07582765856095008,25,5.361484793605907,,0,1684.0,7.429520842786462
7443_RPL18_P1P2_ENSG00000063177,RPL18,ENSG00000063177,7873,61,11485,4.574180219610376,4.5607059272253565,0.0752768016932391,4.428723863058929,4.662456533116347,0.09726946967117289,25,5.812124562590608,,0,2076.0,7.638679823876112
7445_RPL21_P1P2_ENSG00000122026,RPL21,ENSG00000122026,5713,32,11485,4.346657689874934,4.3281153651713735,0.06433803729786981,4.249506460140031,4.415741592794562,0.0991700703247762,25,5.003788785669975,,0,1145.0,7.044032897274685
7449_RPL23A_P1P2_ENSG00000198242,RPL23A,ENSG00000198242,6973,50,11485,4.407955601979301,4.4145172099720495,0.10371665037279332,4.2988348591445815,4.55834398889394,0.16677198055095133,25,5.486573459604273,,0,2520.0,7.83241092718792
7450_RPL23_P1P2_ENSG00000125691,RPL23,ENSG00000125691,7032,110,11485,4.596712026650538,4.603230115408663,0.07503345855508889,4.470948225003945,4.693060763135404,0.11655616299655591,25,6.2799766357654185,,0,2876.0,7.964503363551548
7451_RPL24_P1P2_ENSG00000114391,RPL24,ENSG00000114391,1750,65,11485,4.456888993548732,4.473454815117615,0.09439873134494135,4.31614129629177,4.61670754453821,0.10199051028805428,25,5.684651186250451,,0,1432.0,7.267525427828172
7452_RPL26L1_P1P2_ENSG00000037241,RPL26L1,ENSG00000037241,2723,63,11485,3.8084843141918885,3.791508510144182,0.07727909274063151,3.6945570108951626,3.883957592101511,0.117149909275573,25,4.652845143724418,,0,24.0,3.2188758248682006
7453_RPL26_P1P2_ENSG00000161970,RPL26,ENSG00000161970,6909,55,11485,4.5208769471476336,4.48748456441327,0.0923120740963519,4.359669662883867,4.601123005598452,0.12728980092807696,25,5.595535571121355,,0,1901.0,7.550661243105336
7454_RPL27A_P1P2_ENSG00000166441,RPL27A,ENSG00000166441,4732,47,11485,4.381781443241496,4.365958124643918,0.10309331806879428,4.245501660948917,4.510023771746704,0.16322885310647095,25,5.287370761570442,,0,1184.0,7.077498053569231
7456_RPL28_P1P2_ENSG00000108107,RPL28,ENSG00000108107,7934,38,11485,4.444555435882448,4.445269360598498,0.061073093394705354,4.33298927910705,4.523315489983604,0.08421080554335703,25,5.240779539380993,,0,234.0,5.459585514144159
7457_RPL29_P1P2_ENSG00000162244,RPL29,ENSG00000162244,1668,34,11485,4.693078626479023,4.693619267106746,0.00963035789731746,4.680363311165626,4.709820539330607,0.013049732127911717,25,5.461928625009023,,0,658.0,6.490723534502507
7458_RPL30_P1P2_ENSG00000156482,RPL30,ENSG00000156482,3847,41,11485,4.658885844003594,4.660739563994262,0.020409549019245406,4.631901838663289,4.6894345136946995,0.036911078044438383,25,5.550854818309929,,0,1829.0,7.512071245835466
7459_RPL31_P1P2_ENSG00000071082,RPL31,ENSG00000071082,1160,44,11485,4.232458920908611,4.24863057794174,0.15064661672225832,4.040549113169428,4.496395409876533,0.23689690413229414,25,4.946736782119291,,0,1348.0,7.207118856207756
7460_RPL32_P1P2_ENSG00000144713,RPL32,ENSG00000144713,1519,75,11485,4.345442670421673,4.316649045648038,0.14174213683870054,4.052397099744991,4.474040507724223,0.1917195973009056,25,5.732868340576458,,0,1633.0,7.3987862754199485
7461_RPL34_P1P2_ENSG00000109475,RPL34,ENSG00000109475,2215,37,11485,4.238879122664101,4.241238381397724,0.06504021842487925,4.15066362436608,4.333543723544104,0.10179939383303882,25,4.954945589278579,,0,1198.0,7.089243155027514
7462_RPL35A_P1P2_ENSG00000182899,RPL35A,ENSG00000182899,1999,112,11485,4.369143832305879,4.396963474345963,0.10756394854916806,4.281307902628875,4.5492594477685735,0.13233179257559424,25,6.148884998416301,,0,2869.0,7.962067308753666
7463_RPL35_P1P2_ENSG00000136942,RPL35,ENSG00000136942,4178,68,11485,4.654941868345742,4.6476523598870765,0.06809038201073327,4.534439872389397,4.7263482113282365,0.1043828164775027,25,5.9780420961072975,,0,2369.0,7.7706452341291765
7464_RPL36AL_P1P2_ENSG00000165502,RPL36AL,ENSG00000165502,5937,55,11485,4.685081500856707,4.683873693058429,0.04618179160719848,4.614838080414712,4.757308408164237,0.052716299851371495,25,5.625855079230875,,0,10.0,2.3978952727983707
7465_RPL36A_P1P2_ENSG00000241343,RPL36A,ENSG00000241343,8619,51,11485,4.633439156768885,4.641628853787179,0.045298012855076834,4.582545709236916,4.7190777670678905,0.07176201986861575,25,5.614017191050849,,0,892.0,6.794586580876499
7466_RPL36_P1P2_ENSG00000130255,RPL36,ENSG00000130255,7543,80,11485,4.67596204966627,4.66694176523152,0.046034053911458,4.59281533160909,4.7336619164486535,0.07208674434295137,25,6.102802183027935,,0,2663.0,7.88758403166028
7467_RPL37A_P1P2_ENSG00000197756,RPL37A,ENSG00000197756,1395,75,11485,4.493335314735745,4.5074815945257045,0.07247832586895703,4.392272764487102,4.619374120599087,0.09589808736402183,25,5.880473041353937,,0,2343.0,7.759614150696903
7468_RPL37_P1P2_ENSG00000145592,RPL37,ENSG00000145592,2400,42,11485,4.333948905282998,4.343673570539779,0.08847075978723205,4.203035287127288,4.482967749083251,0.1205019995900205,25,5.22390553523286,,0,1503.0,7.315883504509785
7469_RPL38_P1P2_ENSG00000172809,RPL38,ENSG00000172809,7228,27,11485,4.752418418607231,4.7531853197882885,0.019412695649193804,4.720555905515287,4.777005107190543,0.011781918156844817,25,5.173472425403095,,0,1288.0,7.161622002939187
7471_RPL39_P1P2_ENSG00000198918,RPL39,ENSG00000198918,8659,45,11485,4.55141652558151,4.54604332249581,0.07949651640851725,4.40466538651984,4.669071197080418,0.11096266997458493,25,5.490176398788711,,0,1758.0,7.472500744737558
7472_RPL3_P1P2_ENSG00000100316,RPL3,ENSG00000100316,8403,30,11485,4.1599217767151995,4.163730100994012,0.07409605981074095,4.070624765071327,4.2776135201891705,0.1447541481843979,25,4.739101540480282,,0,734.0,6.5998704992128365
7473_RPL41_P1P2_ENSG00000229117,RPL41,ENSG00000229117,5399,185,11485,4.679588078758123,4.668967362500373,0.03061802763767323,4.615126627123969,4.703303594386766,0.01856640103010765,25,6.7984670235133215,,0,18.0,2.9444389791664403
7474_RPL4_P1P2_ENSG00000174444,RPL4,ENSG00000174444,6307,75,11485,4.283971559264021,4.263001034409417,0.10510349063252038,4.094514581691745,4.403316572305548,0.14194627708099894,25,5.6120218795274255,,0,2489.0,7.820037989458753
7475_RPL5_P1P2_ENSG00000122406,RPL5,ENSG00000122406,408,58,11485,4.684209225123338,4.686020728820104,0.029482704898081098,4.6430923132973,4.72861034707058,0.05252624111584314,25,5.88944926137625,,0,2475.0,7.814399633804487
7476_RPL6_P1P2_ENSG00000089009,RPL6,ENSG00000089009,5591,76,11485,4.5185288051048556,4.5214787448242895,0.08186061456074419,4.413477517960882,4.64418754755689,0.0659654104882419,25,5.924579449726022,,0,2299.0,7.7406644019172415
7478_RPL7L1_P1P2_ENSG00000146223,RPL7L1,ENSG00000146223,2970,51,11485,3.2346652723823692,3.201013401244108,0.23602169685216456,2.7933375611442703,3.553425827532727,0.2637703412479997,25,3.877138207035509,,0,261.0,5.568344503761097
7479_RPL7_P1P2_ENSG00000147604,RPL7,ENSG00000147604,3794,122,11485,4.619515301670246,4.616476918925514,0.08040917351018148,4.492593572554552,4.7156609617478695,0.11753535690133532,25,6.41791591001016,,0,2882.0,7.9665866976384025
7480_RPL8_P1P2_ENSG00000161016,RPL8,ENSG00000161016,3946,69,11485,4.6352185912265735,4.632927156110537,0.054910543538344896,4.534941380784464,4.706105627382699,0.08801131665007045,25,5.9618019109157725,,0,2160.0,7.6783263565068856
7481_RPL9_P1P2_ENSG00000163682,RPL9,ENSG00000163682,2082,50,11485,4.310106737884772,4.320616775993761,0.10179592508550814,4.166048794246565,4.505550746721239,0.10328852271281086,25,5.354557199579155,,0,1231.0,7.116394144093465
7482_RPLP0_P1P2_ENSG00000089157,RPLP0,ENSG00000089157,5613,114,11485,4.297054636464194,4.281761690780149,0.16898384124349208,3.963532795842092,4.488373020536136,0.16740285428805457,25,6.108577263582302,,0,2303.0,7.742402021815781
7484_RPLP2_P1P2_ENSG00000177600,RPLP2,ENSG00000177600,4694,62,11485,4.664849210935843,4.660908527655692,0.023994191702083164,4.622873105894859,4.699036627700788,0.03282937864160207,25,5.904725727713,,0,953.0,6.860663671448287
7485_RPN1_P1P2_ENSG00000163902,RPN1,ENSG00000163902,1820,70,11485,3.729513982908194,3.719702056055721,0.0575758178158435,3.628415410147699,3.805366519736975,0.08937726351284381,25,4.683926977353653,,0,788.0,6.670766320845874
7486_RPN2_P1P2_ENSG00000118705,RPN2,ENSG00000118705,8092,71,11485,3.811804174392429,3.8204254419539234,0.1259087147911717,3.634314987857983,3.975595569263369,0.22224487468814846,25,4.8426754449323095,,0,146.0,4.990432586778736
7487_RPP14_P1P2_ENSG00000163684,RPP14,ENSG00000163684,1697,43,11485,1.8260528482714504,1.820595653762511,0.09679197984297401,1.6552705743811857,1.9662541698288678,0.10531533634439438,25,2.308220702415079,,0,1035.0,6.943122422819428
7488_RPP21_P1P2_ENSG00000241370,RPP21,ENSG00000241370,2862,127,11485,2.8175766567663567,2.8071230104804816,0.14643937077697508,2.5827621127503155,2.9962256964207583,0.21886733219983068,25,4.442529954309732,,0,2439.0,7.799753318287247
7491_RPP30_P1P2_ENSG00000148688,RPP30,ENSG00000148688,4510,45,11485,2.915683188286469,2.842263792437415,0.2756144974776354,2.3506092356028097,3.17493986590318,0.34157113044514453,25,3.383545775797249,,0,1257.0,7.1372784372603855
7495_RPRD1B_P1P2_ENSG00000101413,RPRD1B,ENSG00000101413,8097,71,11485,1.6692253203456469,1.5559903323226365,0.2987137596379766,1.066401476246467,1.8415016118725336,0.5350975907368531,25,2.5646127721372465,,0,420.0,6.042632833682381
7498_RPS10_P1P2_ENSG00000124614,RPS10,ENSG00000124614,2933,30,11485,3.5499578514547427,3.541511025067,0.0891282247584991,3.391326429045785,3.672635574609943,0.11900206730643337,25,3.718341753077422,,0,671.0,6.51025834052315
7500_RPS12_P1P2_ENSG00000112306,RPS12,ENSG00000112306,3141,31,11485,4.365412164522995,4.386696584507312,0.06315563561464574,4.322694819725066,4.508320324781979,0.0899224525599962,25,5.038583441292533,,0,709.0,6.565264970035361
7501_RPS13_P1P2_ENSG00000110700,RPS13,ENSG00000110700,4763,132,11485,4.6416941417146935,4.631437715396296,0.0627011994450391,4.525747102819612,4.711071803431175,0.08193042206814027,25,6.489890086761071,,0,3046.0,8.021912778985708
7502_RPS14_P1P2_ENSG00000164587,RPS14,ENSG00000164587,2678,68,11485,4.143226371768001,4.1312137288048385,0.1357650410919353,3.9570852599667714,4.354726718262721,0.1649105738585126,25,5.427411481714629,,0,1015.0,6.923628628138427
7503_RPS15A_P1P2_ENSG00000134419,RPS15A,ENSG00000134419,6552,29,11485,4.477822466146494,4.492325127555829,0.032475916770418556,4.4628409297083,4.555863005750972,0.026565118313195413,25,5.089669583436157,,0,1927.0,7.564238475170491
7504_RPS15_P1P2_ENSG00000115268,RPS15,ENSG00000115268,7485,57,11485,4.135370402563091,4.13801472331021,0.1301689046531559,3.941653451607622,4.344745112195603,0.17433731095037608,25,5.2173513968374055,,0,881.0,6.782192056006791
7507_RPS18_P1P2_ENSG00000231500,RPS18,ENSG00000231500,2917,41,11485,4.137137775919215,4.136082514147369,0.12164490963224676,3.9530324967524377,4.342878473779059,0.12916548535345118,25,5.04064037833529,,0,1194.0,7.085901464365611
7508_RPS19BP1_P1P2_ENSG00000187051,RPS19BP1,ENSG00000187051,8407,28,11485,3.8957189861818917,3.8877279446061794,0.053155285757308844,3.77487724943145,3.9446255515455295,0.05492626956566227,25,3.97327094667223,,0,1123.0,7.024649030453636
7509_RPS19_P1P2_ENSG00000105372,RPS19,ENSG00000105372,7814,57,11485,4.576157891298582,4.579424113709821,0.050202637651200636,4.495884451648604,4.641287752016677,0.07044619882077807,25,5.75513237758739,,0,2151.0,7.674152921281675
7510_RPS20_P1P2_ENSG00000008988,RPS20,ENSG00000008988,3766,29,11485,4.7327661261395075,4.730332278959492,0.011979350222306562,4.7064867836740225,4.745557048231588,0.009592236038075797,25,5.316622569869466,,0,1161.0,7.057897937411856
7512_RPS23_P1P2_ENSG00000186468,RPS23,ENSG00000186468,2504,28,11485,4.603914997246611,4.607203558626623,0.017067701180829,4.593145067340204,4.650199955738936,0.006835143705544944,25,5.198196081539115,,0,1621.0,7.3914152346753585
7513_RPS24_P1P2_ENSG00000138326,RPS24,ENSG00000138326,4481,38,11485,4.327287985805851,4.296550088740924,0.10257133997639221,4.1454283084549095,4.440042605224139,0.16522366259127974,25,5.142516944254849,,0,1276.0,7.152268856032539
7515_RPS26_P1P2_ENSG00000197728,RPS26,ENSG00000197728,5397,31,11485,4.756174965756551,4.7513290669576325,0.017913450731626354,4.717643859155145,4.774186822018576,0.026103962316633478,25,5.349362088054299,,0,1188.0,7.080867896690782
7516_RPS27A_P1P2_ENSG00000143947,RPS27A,ENSG00000143947,1029,69,11485,4.5521371767255845,4.571432003590468,0.05557270947388082,4.495413288393185,4.671421111029513,0.06374111223845258,25,5.903254349814662,,0,2255.0,7.721348612617949
7518_RPS27_P1P2_ENSG00000177954,RPS27,ENSG00000177954,569,56,11485,4.679795772146423,4.689315935861546,0.03096553253590335,4.650265157800284,4.728022765093927,0.060744790806546156,25,5.872845196464325,,0,354.0,5.872117789475416
751_BAG6_P1P2_ENSG00000204463,BAG6,ENSG00000204463,2887,71,11485,2.5616841539375224,2.5480771560922535,0.20482522937530523,2.2556567010358366,2.8386486784792173,0.2931993552396013,25,3.6127153273915984,,0,1001.0,6.90975328164481
7520_RPS29_P2_ENSG00000213741,RPS29,ENSG00000213741,5935,94,11485,0.0,0.07734923591123544,0.1389343782276294,0.0,0.36377712497107745,0.13681777277944884,25,0.0,,0,216.0,5.37989735354046
7521_RPS29_P1_ENSG00000213741,RPS29,ENSG00000213741,5935,41,11485,4.268138769356249,4.281056487352293,0.09745699249286319,4.184395328975414,4.465574601718528,0.08005111330217485,25,5.113474661214617,,0,1121.0,7.022868086082641
7522_RPS2_P1P2_ENSG00000140988,RPS2,ENSG00000140988,6471,52,11485,4.596758118691349,4.609562041337231,0.03733242273330526,4.563256360938309,4.672718337595857,0.0521418246383476,25,5.722491476239858,,0,1299.0,7.170119543449628
7523_RPS3A_P1P2_ENSG00000145425,RPS3A,ENSG00000145425,2283,40,11485,4.432770450098521,4.4450686899768215,0.0798386056812797,4.31380210244993,4.530387422471901,0.09454911729364568,25,5.287772161032239,,0,1552.0,7.347943823148687
7525_RPS3_P1_ENSG00000149273,RPS3,ENSG00000149273,5031,40,11485,4.642284496797855,4.654123675047892,0.029803962253691085,4.620211649415679,4.705152112508821,0.05297451079660043,25,5.550730644018488,,0,1526.0,7.3310603052186325
7536_RPS6_P1P2_ENSG00000137154,RPS6,ENSG00000137154,3979,51,11485,4.6156757529732095,4.609325215549379,0.05139200698850753,4.546410115636635,4.697935783353286,0.07331514179061038,25,5.723725705274066,,0,1824.0,7.509335266016592
7537_RPS7_P1P2_ENSG00000171863,RPS7,ENSG00000171863,884,38,11485,4.6144700221719885,4.610061597472868,0.04826526206445131,4.5448526412822705,4.686029562458327,0.08095365009651356,25,5.439808945675379,,0,1350.0,7.208600337960199
7538_RPS8_P1P2_ENSG00000142937,RPS8,ENSG00000142937,280,34,11485,4.627716326061151,4.632363463484852,0.02770636852210049,4.599162112215495,4.680432328723987,0.040267459422305585,25,5.361014966876574,,0,1223.0,7.1098794630722715
7539_RPS9_P1P2_ENSG00000170889,RPS9,ENSG00000170889,7927,35,11485,4.133669199557403,4.1287218205111955,0.10097974763652026,3.9553933048544248,4.266813519881288,0.1380095952169773,25,4.890926903607471,,0,886.0,6.787844982309579
7545_RPUSD3_P1P2_ENSG00000156990,RPUSD3,ENSG00000156990,1502,112,11485,2.547589819266207,2.5396272893804666,0.09356829304384696,2.3636323592394812,2.633638503500318,0.10545165457839722,25,3.983126272294897,,0,358.0,5.883322388488279
7546_RPUSD4_P1P2_ENSG00000165526,RPUSD4,ENSG00000165526,5167,66,11485,1.7269864869578107,1.646313936793086,0.26606870518906545,1.0959314819865202,1.8834369257230565,0.18829625445874099,25,2.488703531404936,,0,401.0,5.996452088619021
7547_CNOT9_P1P2_ENSG00000144580,CNOT9,ENSG00000144580,1404,33,11485,2.448545519475744,2.4485938386596833,0.09943525434388746,2.325869478260575,2.635510593772695,0.09540885131148258,25,2.662689463863684,,0,442.0,6.093569770045136
7556_RRM1_P1P2_ENSG00000167325,RRM1,ENSG00000167325,4717,67,11485,3.59300800489141,3.583970328470469,0.07525646532346641,3.4748249710616697,3.6814543386699885,0.10985614554766476,25,4.534125446945874,,0,747.0,6.617402977974478
7558_RRM2_P1P2_ENSG00000171848,RRM2,ENSG00000171848,896,229,11485,3.3314915652092907,3.391828534651525,0.21358729680792435,3.093302324046887,3.724279070055367,0.2895305218950557,25,5.523022055831209,,1,2522.0,7.833203948641057
7559_RRN3_P1P2_ENSG00000085721,RRN3,ENSG00000085721,6545,44,11485,1.8774579990865221,1.775702995282293,0.3248966786353406,1.2422580374069803,2.213456580201679,0.552091060247665,25,2.280794506481568,,0,820.0,6.710523109452428
7561_RRP12_P1P2_ENSG00000052749,RRP12,ENSG00000052749,4537,31,11485,1.4886253027247525,1.5254354478220409,0.26852188101329355,1.1541285439636582,1.9487879300526947,0.3314817292729677,25,1.7152326787356844,,0,966.0,6.874198495453294
7568_RRP9_P1P2_ENSG00000114767,RRP9,ENSG00000114767,1662,30,11485,1.5181592250131708,1.5751044206922558,0.21981587459809784,1.2466727517862972,1.9532364677021035,0.2941324934433196,25,1.729557873333474,,0,718.0,6.577861357721047
7569_RRS1_P1P2_ENSG00000179041,RRS1,ENSG00000179041,3780,64,11485,2.5821445762866277,2.5342582638058326,0.20530734626119637,2.1495728013382793,2.7629684493538464,0.2421657381541995,25,3.4321572874485846,,0,1701.0,7.43955930913332
7575_RSL1D1_P2_ENSG00000171490,RSL1D1,ENSG00000171490,6536,176,11485,1.1460932598124443,1.018729575522721,0.6930365174296087,0.0,1.7898282491675028,1.2698490761291372,25,2.873358255893881,,0,7.0,2.0794415416798357
7576_RSL1D1_P1_ENSG00000171490,RSL1D1,ENSG00000171490,6536,52,11485,4.025702264653013,4.026656126154672,0.08884406057737011,3.914141016732971,4.1599783169955336,0.13529206866693944,25,4.708723479843892,,0,1745.0,7.465082736399547
7580_RSRC2_P1P2_ENSG00000111011,RSRC2,ENSG00000111011,5641,70,11485,2.8685911519232596,2.768820457767082,0.32338108864582843,2.1141382255191195,3.1077688707890903,0.3551508004871837,25,3.7801224894672734,,0,34.0,3.5553480614894135
7583_RTCB_P1P2_ENSG00000100220,RTCB,ENSG00000100220,8361,65,11485,3.111101613162077,3.084624850946319,0.1512048716336622,2.8460493741464292,3.267386342632637,0.23568467761221212,25,4.011197548971367,,0,1535.0,7.336936913707618
7585_RTF1_P1P2_ENSG00000137815,RTF1,ENSG00000137815,6196,50,11485,3.469713398322979,3.4375143252954667,0.16269267222730935,3.1390806238677653,3.6467454021318617,0.20561533185531333,25,4.078076876722938,,0,1818.0,7.506042178518122
758_BANF1_P1P2_ENSG00000175334,BANF1,ENSG00000175334,4959,33,11485,4.2061820953947215,4.211723227208733,0.0656362626691557,4.128256967827543,4.297664469590541,0.1043114878038347,25,4.535006815070338,,0,127.0,4.852030263919617
7593_RTTN_P1P2_ENSG00000176225,RTTN,ENSG00000176225,7444,102,11485,1.2724406762496647,1.0304566404377258,0.4671668817468164,0.2434477380654585,1.5172348075048507,0.7760846402137769,25,2.5827880952854927,,0,433.0,6.073044534100405
759_BANP_P1P2_ENSG00000172530,BANP,ENSG00000172530,6797,32,11485,1.476453394433914,1.4706113683959097,0.10737460477573164,1.3054652156678537,1.6528801445518493,0.10559302854675279,25,1.649741380291547,,0,1076.0,6.981934677156389
7607_RUVBL1_P1P2_ENSG00000175792,RUVBL1,ENSG00000175792,1818,119,11485,3.185665710413845,3.2205118190233044,0.19811814408897999,2.912525020133242,3.5062054634639694,0.28563553149769394,25,4.791231131436542,,0,4066.0,8.310660905907225
7608_RUVBL2_P1P2_ENSG00000183207,RUVBL2,ENSG00000183207,7880,64,11485,3.5367933911873086,3.5224952474920004,0.10725263193221714,3.356879047144728,3.6595052658333995,0.11446062151320469,25,4.41828176208084,,0,2181.0,7.687997166393016
760_BAP1_P1P2_ENSG00000163930,BAP1,ENSG00000163930,1673,114,11485,1.3601881498312198,1.384633371773462,0.5165387700515189,0.5137605734758247,1.953914922186067,0.6868939119566817,25,2.923954327521245,,0,1104.0,7.007600613951853
7631_SACM1L_P1P2_ENSG00000211456,SACM1L,ENSG00000211456,1607,71,11485,2.1903758564185356,2.173093374206505,0.07755368802869894,2.0597919460614684,2.285234750977028,0.09151503034956177,25,3.1527926397072976,,0,1447.0,7.277938572945661
7634_SAE1_P1P2_ENSG00000142230,SAE1,ENSG00000142230,7862,95,11485,3.435580186437575,3.4339015078010515,0.07970145762524371,3.3088886222561955,3.531909122544636,0.08920968385324946,25,4.765602310785466,,0,1515.0,7.323830566202317
7643_SAMD4B_P1P2_ENSG00000179134,SAMD4B,ENSG00000179134,7785,88,11485,2.561687384883,2.513791328880532,0.274295266254621,1.9470298304999714,2.811402463907599,0.385975445082539,25,3.6802599462928023,,0,195.0,5.278114659230518
7645_SAMM50_P1P2_ENSG00000100347,SAMM50,ENSG00000100347,8440,43,11485,3.094996870985554,3.078896685600105,0.05500647887952611,2.982071498024454,3.1454934015935363,0.09085185168791021,25,3.565799973579386,,0,1713.0,7.446585099157725
7647_SAP130_P1P2_ENSG00000136715,SAP130,ENSG00000136715,1215,36,11485,1.0881138345495494,1.134541734478034,0.3798710711077244,0.6021121453610886,1.6228717741162217,0.5971351201022044,25,1.3671316229138402,,0,33.0,3.5263605246161616
7649_SAP30BP_P1P2_ENSG00000161526,SAP30BP,ENSG00000161526,7245,37,11485,2.712094666419368,2.7007930200245194,0.12720586499271355,2.5401104774828585,2.9236561440700757,0.14201885954191074,25,3.0593345787514816,,0,582.0,6.368187186350492
7655_SARNP_P1P2_ENSG00000205323,SARNP,ENSG00000205323,5390,52,11485,3.4497285810925393,3.46687905278841,0.0881866342509019,3.341348313867257,3.5977706406271097,0.11755792341837124,25,4.150359033345289,,0,20.0,3.044522437723423
7656_SARS2_P1P2_ENSG00000104835,SARS2,ENSG00000104835,7781,109,11485,1.58749944137666,1.4911761391014806,0.2982348123539452,0.9139490177522606,1.7923029224104732,0.14840424818486753,25,2.9447604514758527,,0,108.0,4.6913478822291435
7658_SART1_P1P2_ENSG00000175467,SART1,ENSG00000175467,4957,105,11485,2.008409616778278,1.9114446432550551,0.5027522899743834,0.8809481635331154,2.48239355210366,0.5634397710354482,25,3.270348191593761,,0,4728.0,8.461469042643875
7659_SART3_P1P2_ENSG00000075856,SART3,ENSG00000075856,5557,240,11485,2.2932433374089167,2.302763686638987,0.236277529285528,1.9575775472500376,2.5754725617865484,0.3580341396152038,25,4.490375969189857,,0,3561.0,8.178077463849608
7660_SASS6_P1P2_ENSG00000156876,SASS6,ENSG00000156876,433,50,11485,1.8725152831072687,1.8910085773442988,0.1919886465302801,1.6433404435452539,2.1561980594566292,0.3410419565522713,25,2.551929715482022,,0,873.0,6.773080375655535
7668_SBDS_P1P2_ENSG00000126524,SBDS,ENSG00000126524,3383,87,11485,3.494528306390949,3.4971141349740473,0.15009452286262534,3.316777223239413,3.7363444346898147,0.23643687872727348,25,4.7247405129591336,,0,266.0,5.58724865840025
7670_SBNO1_P1P2_ENSG00000139697,SBNO1,ENSG00000139697,5649,172,11485,3.0197015252977257,3.0267136303045605,0.14869131508191052,2.8092059497411968,3.3071407341706434,0.1748980168969254,25,4.866846188936625,,1,560.0,6.329720905522696
7675_SCAF1_P1P2_ENSG00000126461,SCAF1,ENSG00000126461,7892,73,11485,1.5451026304824962,1.5446167541137301,0.44460896945251654,0.9637829886114871,2.2367822031481115,0.4756045059560441,25,2.445766823662786,,0,1299.0,7.170119543449628
7686_SCAP_P1P2_ENSG00000114650,SCAP,ENSG00000114650,1614,78,11485,1.6188245145872795,1.6176234178386495,0.09932250369587914,1.45993124038194,1.778418783022651,0.15409013519346515,25,2.698228180854099,,0,81.0,4.406719247264253
7690_SCD_P1P2_ENSG00000099194,SCD,ENSG00000099194,4561,138,11485,2.284059075393169,2.1225456520612007,0.3064956932808355,1.5701596254423105,2.3874988850181587,0.33595582354512765,25,3.81481630963493,,0,17.0,2.8903717578961645
7691_SCFD1_P1P2_ENSG00000092108,SCFD1,ENSG00000092108,5902,67,11485,2.9420777453078246,2.884119168130627,0.23599117840133152,2.4870322399594853,3.196595559052745,0.3740508724439753,25,3.8814048302342123,,0,2550.0,7.844240718141811
7701_SCNM1_P1P2_ENSG00000163156,SCNM1,ENSG00000163156,542,85,11485,2.1790629277637295,2.151370400531333,0.2794175801286078,1.6388207870959968,2.486956632151806,0.39279982703248795,25,3.388387262908847,,0,1.0,0.6931471805599453
7713_SDAD1_P1P2_ENSG00000198301,SDAD1,ENSG00000198301,2144,38,11485,2.4934288663883364,2.4585236903911554,0.15054985930357617,2.2400373020466597,2.6447424846833787,0.24347081999714604,25,2.8370429947004423,,0,1120.0,7.02197642307216
7714_SDC1_P1P2_ENSG00000115884,SDC1,ENSG00000115884,912,83,11485,3.056174340529031,3.0078828578348755,0.16335403331753348,2.708305223172875,3.2269119376864595,0.18204863305735763,25,4.148539764847609,,0,804.0,6.690842277418564
7719_SDE2_P1P2_ENSG00000143751,SDE2,ENSG00000143751,809,54,11485,1.0884539681476864,1.2556669920631365,0.4242734224264679,0.652302102984182,1.787377427339139,0.7090474735761675,25,2.080163779823486,,0,90.0,4.51085950651685
7724_SDHAF2_P1P2_ENSG00000167985,SDHAF2,ENSG00000167985,4865,193,11485,2.5823825103015885,2.5462556014698707,0.13409906202718883,2.3781784862701274,2.6989421883190423,0.2434360078040103,25,4.542404497202125,,1,54.0,4.007333185232471
7725_SDHA_P1P2_ENSG00000073578,SDHA,ENSG00000073578,2343,76,11485,2.988967504669097,3.006754082102256,0.14111896734626003,2.788808446144123,3.189944371446129,0.20103900275491515,25,4.1142567493581055,,0,4.0,1.6094379124341003
7727_SDHC_P1P2_ENSG00000143252,SDHC,ENSG00000143252,635,49,11485,3.60304007263802,3.5855479226095848,0.08691961478082819,3.4574932170040884,3.711856223891136,0.12139614936080845,25,4.2050283208689025,,0,161.0,5.087596335232384
7728_SDHD_P1P2_ENSG00000204370,SDHD,ENSG00000204370,5112,51,11485,1.305234929720293,1.2483541470841426,0.7094735988825488,0.107455094189432,2.265709117051996,1.1586339031010275,25,2.093640722947469,,0,1.0,0.6931471805599453
7737_SEC16A_P1P2_ENSG00000148396,SEC16A,ENSG00000148396,4276,225,11485,1.9484714702140429,1.876625881790463,0.43539979250763566,1.1586714096778656,2.4289151514017733,0.5210748600275668,25,4.055506631880176,,0,425.0,6.054439346269371
7750_SEC61A1_P2_ENSG00000058262,SEC61A1,ENSG00000058262,1817,73,11485,1.3606435061286515,1.3397835066538462,0.6699529363520513,0.1154428660028439,2.2717712310560203,0.7660530360742537,25,2.509239192636916,,0,1.0,0.6931471805599453
7752_SEC61B_P1P2_ENSG00000106803,SEC61B,ENSG00000106803,4115,54,11485,4.411413173031888,4.419997793347656,0.0777712047000753,4.307369767375378,4.53144257822916,0.08748075555528523,25,5.274320811324661,,0,898.0,6.80128303447162
7755_SEC63_P1P2_ENSG00000025796,SEC63,ENSG00000025796,3081,75,11485,3.5103059019889025,3.5064449008046377,0.044841198125734325,3.4404641719212776,3.5656036813989553,0.05746110877077859,25,4.56348770403714,,0,249.0,5.521460917862246
7758_SEH1L_P1P2_ENSG00000085415,SEH1L,ENSG00000085415,7360,124,11485,2.348887337807747,2.353993940293302,0.067457913048388,2.239865691779207,2.469127586789327,0.06855788200619672,25,3.8957064108836716,,0,1854.0,7.5256399750415355
7775_SENP6_P1P2_ENSG00000112701,SENP6,ENSG00000112701,3032,27,11485,1.8148827007433401,1.830004518151575,0.09565063667585892,1.6851138545457167,2.008629286250722,0.07022077247452141,25,1.8238490445482989,,0,158.0,5.0689042022202315
7779_SEPHS2_P1P2_ENSG00000179918,SEPHS2,ENSG00000179918,6618,81,11485,2.785472578281209,2.7897644068007863,0.059118999954847026,2.7071127722973,2.895289040429144,0.0740985488845598,25,3.905298754554108,,0,19.0,2.995732273553991
7793_SERBP1_P1P2_ENSG00000142864,SERBP1,ENSG00000142864,354,102,11485,4.607203913658738,4.590508414382027,0.08388492128482149,4.420017240737262,4.678590047542734,0.1168353266955755,25,6.146406358503824,,0,133.0,4.897839799950911
7795_SERF2_P1_ENSG00000140264,SERF2,ENSG00000140264,6216,33,11485,4.728578889611721,4.730961928992287,0.017227745958376027,4.7080625696837295,4.761820628173148,0.019475203854304013,25,5.393130266597541,,0,1004.0,6.912742820493176
7814_SETD1A_P1P2_ENSG00000099381,SETD1A,ENSG00000099381,6629,83,11485,0.4881193584518535,0.5900793122894569,0.5863879453653391,0.0,1.6330932257114463,1.0169590838772309,25,1.7269538679656362,,0,1809.0,7.501082124259871
7816_SETD2_P1P2_ENSG00000181555,SETD2,ENSG00000181555,1610,50,11485,2.776081613359846,2.754317927772864,0.1963188765318444,2.4381581035910704,2.9984904741493685,0.2620706910850843,25,3.3752644459760153,,0,46.0,3.8501476017100584
7819_SETD5_P1P2_ENSG00000168137,SETD5,ENSG00000168137,1495,89,11485,2.984030814143827,2.933294759861118,0.20626395094060518,2.734356714059976,3.139595980092559,0.23775795542323142,25,4.114658119760433,,0,370.0,5.916202062607435
7823_SETDB1_P1P2_ENSG00000143379,SETDB1,ENSG00000143379,536,122,11485,1.3402748342150665,1.1260948839206806,0.40005623778526106,0.4710911983034382,1.4717397731610347,0.6566036041103768,25,2.8089081073202804,,0,155.0,5.049856007249537
7826_SETX_P1P2_ENSG00000107290,SETX,ENSG00000107290,4247,123,11485,2.9915288148709736,2.997840180149042,0.09000606443157377,2.880786586222699,3.128520675621216,0.15814735524831658,25,4.5200912038633385,,0,176.0,5.176149732573829
7827_SET_P1P2_ENSG00000119335,SET,ENSG00000119335,4216,43,11485,4.171730925230752,4.19123473794527,0.08305948240189712,4.0689910900032995,4.315648616426745,0.11949648554282621,25,4.8200140801584945,,0,3.0,1.3862943611198906
7829_SF1_P1P2_ENSG00000168066,SF1,ENSG00000168066,4918,30,11485,3.671998505020559,3.679008014825327,0.06123942976659706,3.6017130080674082,3.7933500598994576,0.0706775931458119,25,3.802183760918867,,0,420.0,6.042632833682381
7830_SF3A1_P1_ENSG00000099995,SF3A1,ENSG00000099995,8343,36,11485,0.035488038260147625,0.14363027067567752,0.21002584274937372,0.0,0.6364809714109533,0.26451083180166485,25,0.02710531028291002,,1,92.0,4.532599493153256
7831_SF3A1_P2_ENSG00000099995,SF3A1,ENSG00000099995,8343,52,11485,0.0,0.2900936465773196,0.42499153659132793,0.0,1.2665356597279844,0.38748984556797056,25,0.5246712495200196,,0,9.0,2.302585092994046
7832_SF3A2_P2_ENSG00000104897,SF3A2,ENSG00000104897,7502,107,11485,0.991047474697013,0.9715129051138319,0.5418152807554206,0.0,1.7639594346732665,0.5273846620633704,25,2.363498345020722,,0,27.0,3.332204510175204
7833_SF3A2_P1_ENSG00000104897,SF3A2,ENSG00000104897,7502,49,11485,1.7711291623593333,1.7162642260487906,0.3715081561480316,1.2446799040856302,2.2315361623114205,0.5319151897545262,25,2.4812798082572827,,0,2064.0,7.632885505395133
7835_SF3B1_P1P2_ENSG00000115524,SF3B1,ENSG00000115524,1338,43,11485,1.1692407911010323,1.1270660177550136,0.5700746970683919,0.12285959283677045,2.024205852418783,0.6898157700511136,25,1.7048450541326474,,0,1083.0,6.988413181999592
7836_SF3B2_P1P2_ENSG00000087365,SF3B2,ENSG00000087365,4960,41,11485,3.6934854294768713,3.6991899080784667,0.15629393981179043,3.4885692848220917,4.006378292943625,0.20214802115226727,25,4.1750291929527545,,0,2182.0,7.688455356549944
7837_SF3B3_P1P2_ENSG00000189091,SF3B3,ENSG00000189091,6746,165,11485,2.982563404461347,2.9899413910113566,0.25376785004712177,2.5327225630887935,3.397766069031998,0.28745788815625417,25,4.796234733699284,,0,3979.0,8.289037098278483
7838_SF3B4_P1P2_ENSG00000143368,SF3B4,ENSG00000143368,520,70,11485,2.9359054632772184,2.877541447809777,0.20702572375046505,2.4710101599169327,3.0787048058819,0.2138561861449939,25,3.779112194133321,,0,1481.0,7.301147805856032
7839_SF3B5_P1P2_ENSG00000169976,SF3B5,ENSG00000169976,3167,82,11485,3.7715193860719345,3.7588950535781027,0.2168453149668451,3.3533856355691163,4.037934441352831,0.1777617408081631,25,4.961290434050465,,0,2210.0,7.701200180857446
7842_SFPQ_P1P2_ENSG00000116560,SFPQ,ENSG00000116560,207,118,11485,3.684191080191268,3.679477152850012,0.21499152653659212,3.3406296998397265,3.9990044026688487,0.3614323513477693,25,5.222343264036201,,0,4230.0,8.350193650720067
7843_SFSWAP_P1P2_ENSG00000061936,SFSWAP,ENSG00000061936,5670,30,11485,2.8197191972942006,2.8257733412362223,0.08949372951438478,2.714752416455355,2.9961263575826647,0.11437146139659626,25,2.9634323641719593,,0,871.0,6.77078942390898
784_BCAR1_P2_ENSG00000050820,BCAR1,ENSG00000050820,6762,873,11485,0.0,0.2807987184446224,0.51087411019042,0.0,1.1945835741256021,0.44249467498891404,25,2.3253366132051836,0.391229399774753,52,5.0,1.791759469228055
785_BCAR1_P1_ENSG00000050820,BCAR1,ENSG00000050820,6762,49,11485,0.5473542125029146,0.6254890965677311,0.47773639513998095,0.0,1.2596818588079013,0.86587538210422,25,1.1548640580705896,,0,238.0,5.476463551931511
7861_SGPP1_P1P2_ENSG00000126821,SGPP1,ENSG00000126821,6003,105,11485,1.1544334249983115,0.8601058638360739,0.5344968173215962,0.03613636595589294,1.4213972162744986,1.0266079840963105,25,2.4217155398975256,,0,5.0,1.791759469228055
786_BCAS2_P1P2_ENSG00000116752,BCAS2,ENSG00000116752,484,38,11485,2.6301280451913853,2.6457972945297445,0.1998552884735871,2.3544276003675644,2.932831827004194,0.255997623175793,25,3.0526986459389005,,0,383.0,5.950642552587727
7887_SH3KBP1_P1P2_ENSG00000147010,SH3KBP1,ENSG00000147010,8504,34,11485,0.33291107564411476,0.43240475215213975,0.4306094326496767,0.0,1.1474472422751396,0.6827356311585366,25,0.7497171343896163,,0,299.0,5.703782474656201
7891_SHC1_P2_ENSG00000160691,SHC1,ENSG00000160691,579,143,11485,3.0867091482434508,3.0529487894028806,0.2104791355846341,2.725191094577523,3.379564578518934,0.3030231820875833,25,4.768628567161264,,0,2.0,1.0986122886681096
7893_SEM1_P1P2_ENSG00000127922,SEM1,ENSG00000127922,3451,97,11485,4.1857454640026965,4.203066445907075,0.09597080519070629,4.067635862537463,4.32775266830741,0.146074486928641,25,5.5474596519134645,,0,2241.0,7.715123603632105
7898_SHOC2_P1P2_ENSG00000108061,SHOC2,ENSG00000108061,4610,59,11485,2.603617425275646,2.594910401521988,0.20799293039993572,2.2899083106888405,2.92038559719863,0.34722443427324823,25,3.3897943678892553,,0,374.0,5.926926025970411
7903_SHQ1_P1P2_ENSG00000144736,SHQ1,ENSG00000144736,1716,150,11485,1.4647305629697693,1.3669268016177307,0.25581964000564716,0.7503766678878768,1.5768725292077441,0.21968679361380405,25,3.148659454427044,,0,1722.0,7.45182223652793
7917_SIN3A_P2_ENSG00000169375,SIN3A,ENSG00000169375,6350,35,11485,0.18605691881603553,0.400644681488593,0.49716809930910266,0.0,1.2987895887254046,0.7295456837744244,25,0.6249630603464742,,0,139.0,4.941642422609304
7918_SIN3A_P1_ENSG00000169375,SIN3A,ENSG00000169375,6350,112,11485,1.3784617261641516,1.3059525293585432,0.6257772866550048,0.09339083532593298,2.0820323191064243,0.7411875271038377,25,2.5140742118789263,,0,773.0,6.651571873589727
7927_SIRT7_P1P2_ENSG00000187531,SIRT7,ENSG00000187531,7301,54,11485,1.7950241073523292,1.7179299349333141,0.31571809253797745,1.1943914065425483,2.1237364407110317,0.26540373219944957,25,2.52054869010071,,0,205.0,5.327876168789581
7928_SIRT7_P1P2_ENSG00000187531,SIRT7,ENSG00000187531,7301,111,11485,1.1057683982179696,1.025792981045432,0.5990680548735293,0.0,1.803253292205011,0.8441777466175506,25,2.799130420148141,,0,344.0,5.84354441703136
7929_SIRT7_P1P2_ENSG00000187531,SIRT7,ENSG00000187531,7301,90,11485,1.1481377933511507,1.023513671319995,0.6270904412465171,0.0,1.7374367376176445,0.9699192272770761,25,2.3376096431254183,,0,3419.0,8.13739583005665
7937_SKA1_P1P2_ENSG00000154839,SKA1,ENSG00000154839,7412,58,11485,1.9647726775448278,1.9541591353452057,0.09109683491032804,1.7962458594957975,2.0811300497708447,0.07718483189113279,25,2.713079838572309,,0,351.0,5.863631175598097
7939_SKA3_P1P2_ENSG00000165480,SKA3,ENSG00000165480,5698,65,11485,2.1007336406628947,2.034136301903771,0.2914687718677699,1.4969281699301464,2.3784787575438795,0.3666768302176191,25,3.000437390341755,,0,680.0,6.523562306149512
7947_SKP1_P1P2_ENSG00000113558,SKP1,ENSG00000113558,2603,27,11485,4.536521657232216,4.536421847861411,0.03262759021553176,4.4745248135028595,4.579029935484702,0.039646709065552344,25,4.826995755867655,,0,381.0,5.945420608606575
7948_SKP2_P1P2_ENSG00000145604,SKP2,ENSG00000145604,2389,38,11485,1.5980420226852234,1.5875611726846781,0.09568628255164421,1.4433088859258574,1.7156424708723246,0.11600366762255887,25,1.9803693784833762,,0,5.0,1.791759469228055
7950_SLBP_P1P2_ENSG00000163950,SLBP,ENSG00000163950,2012,40,11485,3.4692106527889295,3.45616140480836,0.1167817328738304,3.251487844857308,3.6192667760340007,0.12199469857679679,25,3.8635116891023227,,0,713.0,6.570882962339584
7975_SLC1A5_P2_ENSG00000105281,SLC1A5,ENSG00000105281,7857,183,11485,1.6419711252843956,1.6397224901476226,0.7264428536269167,0.32488631853453226,2.579049868934129,1.0332069243802746,25,3.583577524682618,,0,5.0,1.791759469228055
7976_SLC1A5_P1_ENSG00000105281,SLC1A5,ENSG00000105281,7857,1779,11485,2.899404588059306,2.864992940936658,0.13641246895554876,2.6381525246758897,3.034994829568415,0.23735818540493758,25,7.047858191335597,2.960261306162724,56,225.0,5.420534999272286
7980_SLC25A10_P1P2_ENSG00000183048,SLC25A10,ENSG00000183048,7294,224,11485,0.0,0.2972146298123246,0.43182782548476056,0.0,1.0451803356906795,0.5202493831299415,25,0.6952976111712471,,1,20.0,3.044522437723423
7996_SLC25A26_ENST00000354883.6_ENSG00000144741,SLC25A26,ENSG00000144741,1706,50,11485,1.133611392407999,1.0471955059394533,0.63066409405574,0.0,1.8512415709965924,0.7837273655366646,25,1.5583389673529429,,0,0.0,0.0
8006_SLC25A3_P1P2_ENSG00000075415,SLC25A3,ENSG00000075415,5519,45,11485,4.660671396808892,4.679511068572685,0.053923080433643196,4.6145802280176,4.768656646795927,0.09539127949032977,25,5.541038992921452,,0,5.0,1.791759469228055
801_BCL2L1_P1_ENSG00000171552,BCL2L1,ENSG00000171552,8043,159,11485,2.7167220293176046,2.719876696123755,0.174128652630744,2.446814163262628,2.9431763835952447,0.34142289642417456,25,4.478334482389941,,0,3.0,1.3862943611198906
8029_SLC2A8_P1P2_ENSG00000136856,SLC2A8,ENSG00000136856,4188,53,11485,1.2863515075220202,1.3084170013133913,0.13541381584809783,1.093580407946054,1.526566232426664,0.1892137003649339,25,2.04722176763228,,0,335.0,5.817111159963204
802_BCL2L1_P2_ENSG00000171552,BCL2L1,ENSG00000171552,8043,255,11485,1.8975112447775824,1.8645616670576044,0.6215352606883673,0.5875595666107446,2.6311746991939824,0.5753056185908847,25,4.321694383376927,,1,168.0,5.1298987149230735
8041_SLC35B1_P1P2_ENSG00000121073,SLC35B1,ENSG00000121073,7141,42,11485,3.083718149000305,3.0814911300439136,0.046158724633233325,3.011819637948669,3.1491743266566923,0.04520906556814852,25,3.537599720678899,,0,624.0,6.437751649736401
8055_SLC35G2_P1P2_ENSG00000168917,SLC35G2,ENSG00000168917,1849,118,11485,1.58749944137666,1.5251325766591726,0.2437212834698226,0.9835466977554683,1.7492517833333319,0.1139173984387909,25,3.035676681286269,,0,472.0,6.159095388491933
8056_SLC35G2_P1P2_ENSG00000168917,SLC35G2,ENSG00000168917,1849,132,11485,1.1014649967554533,1.0931391153998715,0.5962668602230148,0.01939300921665473,1.7344625215962912,0.8713772648030974,25,2.943374406082264,,0,3.0,1.3862943611198906
8057_SLC35G2_P1P2_ENSG00000168917,SLC35G2,ENSG00000168917,1849,143,11485,1.4880564756679258,1.2817340150752514,0.4397066847151164,0.7167335578333628,1.732576500615201,0.6827153294170243,25,3.1581245886987768,,0,25.0,3.258096538021482
8069_SLC39A10_P1P2_ENSG00000196950,SLC39A10,ENSG00000196950,1333,142,11485,3.063662337299339,3.0205060841943556,0.19281642887623263,2.6741585266748267,3.3038603291924136,0.1809635620519816,25,4.756794779802587,,0,21.0,3.091042453358316
8080_SLC39A9_P1P2_ENSG00000029364,SLC39A9,ENSG00000029364,6022,117,11485,1.7269737960248317,1.6093903633432758,0.3070490855135635,1.0556381424997647,1.9014492758944561,0.4886068299440114,25,3.1613222145644566,,0,186.0,5.231108616854587
809_BCLAF1_P1P2_ENSG00000029363,BCLAF1,ENSG00000029363,3147,82,11485,4.060478115110387,4.0721191986378935,0.11203780082701717,3.9193835036038576,4.244968824220612,0.1384112318857147,25,5.249928624978937,,0,18.0,2.9444389791664403
8108_SLC7A5_P1P2_ENSG00000103257,SLC7A5,ENSG00000103257,6796,253,11485,2.737713947429797,2.703934843159135,0.19603438758258362,2.3537430975586116,2.9246411756605526,0.24723020813572738,25,4.938454986599064,,1,12.0,2.5649493574615367
8109_SLC7A6OS_P1P2_ENSG00000103061,SLC7A6OS,ENSG00000103061,6726,107,11485,2.002770461722521,1.9455158332416789,0.1835270448229978,1.6071694011684279,2.154830862646516,0.08933364950346911,25,3.398158797142677,,0,1155.0,7.052721049232323
8124_PRELID3B_P1P2_ENSG00000101166,PRELID3B,ENSG00000101166,8165,132,11485,2.6930741834659,2.642858500163754,0.17392509642560083,2.3490744822727483,2.8654340780746934,0.2140361977840346,25,4.244502105736879,,0,1557.0,7.351158226430694
8126_SLU7_P1P2_ENSG00000164609,SLU7,ENSG00000164609,2705,78,11485,2.276937396524999,2.2300567680521297,0.27407704002704375,1.679175031912225,2.496318528387399,0.29605815201685814,25,3.3527165310055955,,0,2808.0,7.940583827104244
812_BCR_P1P2_ENSG00000186716,BCR,ENSG00000186716,8310,98,11485,1.9035931015186842,1.835212055318288,0.3899064329838269,0.9953822979894794,2.296849042214166,0.44771826953423255,25,3.1572840939450355,,0,47.0,3.8712010109078907
8136_SMAGP_P1P2_ENSG00000170545,SMAGP,ENSG00000170545,5354,176,11485,2.7720799099063584,2.7310040444003154,0.1839292020295502,2.377881716027387,2.9742139724874836,0.22836791394508849,25,4.6845927848268945,,0,63.0,4.1588830833596715
813_BCS1L_P1P2_ENSG00000074582,BCS1L,ENSG00000074582,1405,106,11485,2.0895514259725307,1.9806868372524478,0.28988596704692715,1.4508873941871847,2.24611912610476,0.34285077947664133,25,3.40512067323632,,0,0.0,0.0
8146_SMARCB1_P1_ENSG00000099956,SMARCB1,ENSG00000099956,8311,62,11485,3.1540332342541397,3.170326860006311,0.14442437159410174,3.0139070924719134,3.3906409543206126,0.1500355180015127,25,3.9778314353902875,,0,761.0,6.635946555686647
8147_SMARCB1_P2_ENSG00000099956,SMARCB1,ENSG00000099956,8311,79,11485,1.1076232834924409,1.0864403746404339,0.5904984784444528,0.05618961117715196,1.8464047369148695,0.9861274674022237,25,2.2208919635085955,,0,2.0,1.0986122886681096
8148_SMARCC1_P1P2_ENSG00000173473,SMARCC1,ENSG00000173473,1616,89,11485,3.7618693811379105,3.7509697318909594,0.11939176822772062,3.5661583542731,3.900555669768992,0.12191207638601087,25,4.949005187637521,,0,287.0,5.662960480135946
8154_SMARCE1_P1P2_ENSG00000073584,SMARCE1,ENSG00000073584,7052,51,11485,4.027379071195433,4.027949960181552,0.04479614878394732,3.9754256484809725,4.10060672718702,0.06393042570182894,25,4.705840301091525,,0,414.0,6.028278520230698
8155_SMC1A_P1P2_ENSG00000072501,SMC1A,ENSG00000072501,8564,94,11485,3.5365840693050425,3.547498758814704,0.11740993443634351,3.3595117310457536,3.723414291925509,0.13506541632793345,25,4.81982216024754,,0,2425.0,7.793999089503996
8156_SMC2_P1P2_ENSG00000136824,SMC2,ENSG00000136824,4123,82,11485,3.507515889489641,3.4927647535967172,0.1600252888948812,3.183240594498816,3.691590652368361,0.1961676784799331,25,4.640021064718343,,0,1151.0,7.049254841255837
8157_SMC3_P1P2_ENSG00000108055,SMC3,ENSG00000108055,4607,30,11485,3.482935600560456,3.4862323018435593,0.10053641008055247,3.359349965311499,3.6548897889984513,0.15036370013449352,25,3.6866348548036894,,0,97.0,4.584967478670572
8158_SMC4_P1_ENSG00000113810,SMC4,ENSG00000113810,1911,49,11485,3.4479801537138406,3.4290480556716885,0.11778254986851174,3.237750154339271,3.581061817534715,0.14619724385983357,25,4.0537800841523595,,0,1784.0,7.487173694213739
8159_SMC4_P2_ENSG00000113810,SMC4,ENSG00000113810,1911,34,11485,0.2247982525087664,0.2930535427327725,0.3550659217207494,0.0,0.9740866857926703,0.4183687938029296,25,0.286330516862519,,0,0.0,0.0
815_BDP1_P1P2_ENSG00000145734,BDP1,ENSG00000145734,2464,47,11485,3.157443735951891,3.1593677304002044,0.1781061510012069,2.877301459226136,3.397901402540924,0.2929142835919327,25,3.7604242275009363,,0,1903.0,7.55171221535131
8160_SMC5_P1P2_ENSG00000198887,SMC5,ENSG00000198887,4051,61,11485,3.1979806368488637,3.17763343717582,0.0818169355409455,3.0470440230997533,3.285459201290477,0.11377182520983187,25,3.992246949640106,,0,978.0,6.88653164253051
8161_SMC6_P1P2_ENSG00000163029,SMC6,ENSG00000163029,906,32,11485,3.1907540452973118,3.1952811587991317,0.04946215273668004,3.1203521459719057,3.260928005576667,0.050575430501416996,25,3.392980468971332,,0,848.0,6.744059186311348
8165_SMG1_P1P2_ENSG00000157106,SMG1,ENSG00000157106,6554,48,11485,1.0292551914525467,0.9860309313886247,0.5171479943684788,0.09237745933046596,1.6626812504156292,0.6487140482552208,25,1.666510689106071,,0,125.0,4.836281906951478
8166_SMG5_P1P2_ENSG00000198952,SMG5,ENSG00000198952,608,468,11485,1.4880564756679258,1.289880850925973,0.4826590206973041,0.1182586889907753,1.649325854986243,0.24722460716159356,25,4.2433099424308915,0.4484878506335601,21,4125.0,8.325063693631197
8167_SMG6_P1P2_ENSG00000070366,SMG6,ENSG00000070366,6837,138,11485,1.4124997512788109,1.2700368549953662,0.5638754152672971,0.33836083507017756,2.034031191912348,0.8552376828527501,25,3.018120253832504,,0,697.0,6.548219102762372
8168_SMG7_P1P2_ENSG00000116698,SMG7,ENSG00000116698,697,143,11485,2.4053201356286618,2.4184215051600573,0.07046177154525685,2.3174192019650746,2.519162052365221,0.10458789684488057,25,4.1113576445587094,,0,958.0,6.8658910748834385
8169_SMG8_P1P2_ENSG00000167447,SMG8,ENSG00000167447,7179,89,11485,1.3790794783461853,1.4220260843469237,0.12107689569586708,1.26395811810599,1.5980356626784602,0.17063889378604769,25,2.6427022469258716,,0,50.0,3.9318256327243257
8170_SMG9_P1P2_ENSG00000105771,SMG9,ENSG00000105771,7831,95,11485,1.584717263369825,1.4875690406347888,0.5246864011392252,0.36555528662277115,2.135874074157968,0.3390923906723755,25,2.846066564020521,,0,152.0,5.030437921392435
8185_SMNDC1_P1P2_ENSG00000119953,SMNDC1,ENSG00000119953,4605,80,11485,2.9439787829985464,2.9266672035387677,0.07876686461009026,2.7928905908945985,3.0554338750135552,0.10205621655130415,25,4.057487235594493,,0,1318.0,7.1846291527173145
8190_SMU1_P1P2_ENSG00000122692,SMU1,ENSG00000122692,3998,82,11485,2.6085844433118677,2.6403372855697564,0.21648097508351777,2.3234003331763917,2.959148054881361,0.2834539642379683,25,3.7618566480404194,,0,3171.0,8.06211758275474
81_ACD_P1P2_ENSG00000102977,ACD,ENSG00000102977,6712,45,11485,2.427280267707586,2.420748302338111,0.04381169756236377,2.3557757787239804,2.469182663403567,0.06590393710289488,25,2.9617869313746636,,0,486.0,6.18826412308259
8205_SNAPC1_P1P2_ENSG00000023608,SNAPC1,ENSG00000023608,6000,49,11485,2.5041786623572584,2.532185068125592,0.11420805891391084,2.3807569824857056,2.707158576824472,0.16963823285530122,25,3.1586812396597783,,0,1053.0,6.960347729101308
8206_SNAPC2_P1P2_ENSG00000104976,SNAPC2,ENSG00000104976,7566,29,11485,1.9613723678789088,1.9645200249147163,0.12103809664518914,1.797016683484281,2.1627614990815154,0.10813267729789677,25,2.0506182969985125,,0,928.0,6.834108738813838
8207_SNAPC3_P1P2_ENSG00000164975,SNAPC3,ENSG00000164975,3970,126,11485,2.237411119210569,2.213444986310536,0.2738882244503731,1.7147447952664543,2.5088838798756656,0.2849920937187318,25,3.6544028753436195,,0,2182.0,7.688455356549944
8208_SNAPC4_P1P2_ENSG00000165684,SNAPC4,ENSG00000165684,4273,87,11485,0.5473112766105307,0.7716567103742711,0.813987653854662,0.0,2.1520052289135387,1.3749295081961619,25,1.7950929334528845,,0,1093.0,6.9975959829819265
8209_SNAPC5_P1P2_ENSG00000174446,SNAPC5,ENSG00000174446,6306,45,11485,2.3997795061865403,2.3959166058504247,0.0649572786521443,2.2924726867961644,2.4891592482797353,0.11116392361127092,25,2.940541201800335,,0,1131.0,7.0317412587631285
8213_SNF8_P1P2_ENSG00000159210,SNF8,ENSG00000159210,7136,155,11485,3.878931303644788,3.8579210364566374,0.12171764434688796,3.611426093538573,4.009630453599495,0.15128835676657015,25,5.636823033204459,,0,42.0,3.7612001156935624
8214_SNIP1_P1P2_ENSG00000163877,SNIP1,ENSG00000163877,226,46,11485,1.6188308300647558,1.6139940833339594,0.11735488750660315,1.4115610459294148,1.797871350780626,0.1323202704129185,25,2.174381414574362,,0,2645.0,7.880804344674901
8216_SNRNP200_P1P2_ENSG00000144028,SNRNP200,ENSG00000144028,1139,101,11485,3.283630889919933,3.2602326598562668,0.1210483694232953,3.0355729593829897,3.429592276544903,0.1417884974160355,25,4.591404790509062,,0,4726.0,8.461046030793236
8217_SNRNP25_P1P2_ENSG00000161981,SNRNP25,ENSG00000161981,6430,47,11485,3.5204396499223733,3.5216841844848563,0.054774914279478615,3.4343280637140605,3.593206427219676,0.08100932286430096,25,4.112564532148397,,0,684.0,6.529418838262226
8218_SNRNP27_P1P2_ENSG00000124380,SNRNP27,ENSG00000124380,1068,96,11485,2.7444826689890807,2.744183377175861,0.12077454699798826,2.561082264744983,2.9221207605834425,0.18944373009648308,25,4.0789840764025636,,0,2094.0,7.647308832356238
8219_SNRNP35_P1P2_ENSG00000184209,SNRNP35,ENSG00000184209,5652,53,11485,2.7324664208466394,2.7235997427379313,0.06360564949377119,2.6096493080070675,2.8045149716187345,0.07618039629318663,25,3.402873392221227,,0,697.0,6.548219102762372
821_BET1_P1P2_ENSG00000105829,BET1,ENSG00000105829,3444,68,11485,2.337321005041602,2.2670695261152662,0.14575106777840607,2.026748357837641,2.460559011293908,0.21405983621597935,25,3.251075526494465,,0,2765.0,7.925157512224704
8220_SNRNP40_P1P2_ENSG00000060688,SNRNP40,ENSG00000060688,177,229,11485,2.977086019571078,2.958370974788027,0.15485446198666947,2.6908307560625055,3.2029777106123505,0.17865602438421924,25,5.136258544715502,,1,465.0,6.144185634125646
8221_SNRNP48_P1P2_ENSG00000168566,SNRNP48,ENSG00000168566,2798,76,11485,2.218003143909461,2.167275360841339,0.2198485059744917,1.7850234027269511,2.4030981661347486,0.3116500541236853,25,3.245202041704211,,0,2365.0,7.768956044538332
8222_SNRNP70_P1P2_ENSG00000104852,SNRNP70,ENSG00000104852,7881,56,11485,2.8419491369535916,2.884442132858473,0.275850841334992,2.46374436596003,3.289144735168453,0.4238649960484886,25,3.7450154601385623,,0,2310.0,7.745435610274381
8224_SNRPA_P1P2_ENSG00000077312,SNRPA,ENSG00000077312,7804,36,11485,3.4667367753063276,3.4684953717965175,0.05089307866682165,3.3886495010322286,3.546072200429013,0.07719595177972005,25,3.7621339672653016,,0,309.0,5.736572297479192
8226_SNRPB_P1P2_ENSG00000125835,SNRPB,ENSG00000125835,7980,55,11485,3.7277269591419584,3.7682359682456643,0.1821756873999019,3.478807577062055,4.0240422890741545,0.25539720161116986,25,4.592411168174672,,0,3214.0,8.07558263667172
8227_SNRPC_P1P2_ENSG00000124562,SNRPC,ENSG00000124562,2935,108,11485,4.031497272863643,4.044005863839371,0.09621801606652926,3.9009489167857514,4.185266922332897,0.11074429678430953,25,5.4355353475345725,,0,2893.0,7.970394907191429
8228_SNRPD1_P1P2_ENSG00000167088,SNRPD1,ENSG00000167088,7366,56,11485,3.874238358174891,3.900693430456912,0.14868885702195062,3.696196899756139,4.129161529243101,0.22720974434349905,25,4.69415044063338,,0,3843.0,8.254268770090183
8229_SNRPD2_P1P2_ENSG00000125743,SNRPD2,ENSG00000125743,7848,33,11485,3.492811514590135,3.517362131817953,0.1555406890000829,3.266947170427682,3.7553595927732646,0.23548323745494182,25,3.784590419031986,,0,539.0,6.29156913955832
8230_SNRPD3_P1P2_ENSG00000100028,SNRPD3,ENSG00000100028,8319,40,11485,3.155390577518701,3.1689161459153716,0.1593639055323525,2.893095312554566,3.377369811441188,0.2595731297261592,25,3.5696067280568355,,0,1860.0,7.528869256642251
8231_SNRPE_P1P2_ENSG00000182004,SNRPE,ENSG00000182004,741,49,11485,3.9931612640580703,3.9939542321659918,0.10400404333922282,3.8486751341270855,4.137005064897797,0.11610556997994603,25,4.727065758662511,,0,2080.0,7.640603826393634
8232_SNRPF_P1P2_ENSG00000139343,SNRPF,ENSG00000139343,5512,55,11485,3.3451162530334604,3.329752316568264,0.1757596363479347,3.053892483254648,3.6141814989128704,0.16992659998437087,25,4.152301919880096,,0,1247.0,7.129297548929373
8233_SNRPG_P1P2_ENSG00000143977,SNRPG,ENSG00000143977,1072,67,11485,4.287294644348878,4.271930547064624,0.1326445395414624,4.070137545197183,4.468035615204433,0.1631327388867101,25,5.274841432950705,,0,2117.0,7.658227526161352
8235_SNTB2_P1P2_ENSG00000168807,SNTB2,ENSG00000168807,6730,57,11485,2.7148292740141735,2.693332178078306,0.17904757169368388,2.3937804010970307,2.976469653008204,0.23530401501737774,25,3.4455504753118498,,0,154.0,5.043425116919247
8236_SNUPN_P1P2_ENSG00000169371,SNUPN,ENSG00000169371,6352,66,11485,2.243597578496098,2.2539331832948672,0.18680894823979616,1.9295222271427932,2.4755215442252263,0.3126317117411621,25,3.1837783967070794,,0,100.0,4.61512051684126
8237_SNW1_P2_ENSG00000100603,SNW1,ENSG00000100603,6063,151,11485,0.0,0.31185153579998276,0.5342768378711495,0.0,1.5054474922642402,0.47371556789959723,25,0.0,,0,0.0,0.0
8238_SNW1_P1_ENSG00000100603,SNW1,ENSG00000100603,6063,41,11485,3.3595169876321993,3.335580509807507,0.09670601753700757,3.1785506339416645,3.4708783739096045,0.13200300573907775,25,3.779445764504483,,0,1826.0,7.510430556378006
8244_SNX15_P1_ENSG00000110025,SNX15,ENSG00000110025,4923,116,11485,0.0,0.12203349710826052,0.23297561770200886,0.0,0.5906303036433965,0.019215850892852555,25,0.0,,0,27.0,3.332204510175204
8245_SNX15_P2_ENSG00000110025,SNX15,ENSG00000110025,4923,195,11485,1.736329236326157,1.7277998965424906,0.10064966795293821,1.59803709755237,1.8634525012386118,0.14163839798721556,25,3.764158868037861,,0,6.0,1.9459101490553132
8267_SOD2_P1P2_ENSG00000112096,SOD2,ENSG00000112096,3203,144,11485,2.162201522512409,2.1138908539710353,0.4764293349837216,1.2925357450491899,2.7571422236499066,0.6464709216275548,25,3.8891612993068394,,0,3.0,1.3862943611198906
8271_SON_P1_ENSG00000159140,SON,ENSG00000159140,8221,67,11485,3.366996999626629,3.350173765222808,0.20662298441137295,2.875907742957332,3.6150355830410446,0.1890150148805052,25,4.2998838985523165,,0,3191.0,8.068402958569699
8272_SON_P2_ENSG00000159140,SON,ENSG00000159140,8221,101,11485,0.5383588153164292,0.6396934982883699,0.5483123306246701,0.0,1.3609781780180956,0.9978606406129547,25,1.8494969130144685,,0,0.0,0.0
8306_SP1_P1P2_ENSG00000185591,SP1,ENSG00000185591,5373,193,11485,2.089547646142747,2.021897775949483,0.1962356217702491,1.7033633328544577,2.2535491588747654,0.3172691651918025,25,3.9807383226999415,,0,329.0,5.799092654460526
8307_SP2_P1P2_ENSG00000167182,SP2,ENSG00000167182,7126,72,11485,1.366293477816214,1.3874351664509188,0.12568543594106515,1.2469610977941683,1.5938017624033367,0.17837934632316044,25,2.414569059415233,,0,416.0,6.0330862217988015
8325_SPATA5L1_P1P2_ENSG00000171763,SPATA5L1,ENSG00000171763,6226,56,11485,1.3917213802216901,1.1380480237790231,0.411988162107845,0.5392467672580742,1.5916553010947982,0.7187077347043438,25,2.018661312801828,,0,1223.0,7.1098794630722715
8326_SPATA5_P1P2_ENSG00000145375,SPATA5,ENSG00000145375,2244,50,11485,2.137573500057047,2.0655873426788878,0.1544607797822502,1.7840037064108623,2.2147386795757544,0.24780268477870004,25,2.681115744411017,,0,1357.0,7.213768308118642
8331_SPC24_P1P2_ENSG00000161888,SPC24,ENSG00000161888,7613,69,11485,2.5526029732591704,2.548590248359654,0.05069223279822032,2.475518671965156,2.6154480683797967,0.06504451814433754,25,3.510658138066448,,0,2248.0,7.718240951959316
8332_SPC25_P1P2_ENSG00000152253,SPC25,ENSG00000152253,1268,495,11485,2.3932790723629034,2.3469920379042755,0.20994169586708428,1.9495099005153604,2.618325738631494,0.19373241484219195,25,5.260386124416314,1.4047605694713747,22,4312.0,8.369388996647842
8334_SPCS2_P1P2_ENSG00000118363,SPCS2,ENSG00000118363,5030,59,11485,3.850257915477031,3.851140443091437,0.09537609845125893,3.6743241206768844,4.002196234725496,0.0779955507034722,25,4.665428846449446,,0,1570.0,7.359467638255621
8335_SPCS3_P1_ENSG00000129128,SPCS3,ENSG00000129128,2318,79,11485,3.481616246761801,3.501753071895554,0.09882198902656299,3.3660122819391716,3.6725771690876856,0.12949420308031723,25,4.614748487115228,,0,410.0,6.018593214496234
8336_SPCS3_P2_ENSG00000129128,SPCS3,ENSG00000129128,2318,66,11485,3.698279995623569,3.6917877084448243,0.09684740788508378,3.5609419938220706,3.8043629860906583,0.1759559635669623,25,4.622515673499813,,0,46.0,3.8501476017100584
8347_SPEN_P1P2_ENSG00000065526,SPEN,ENSG00000065526,84,111,11485,3.104886840600858,3.0484588962984374,0.18507383549418635,2.660178064348513,3.2588433662577834,0.19381485360209005,25,4.49278447561113,,0,63.0,4.1588830833596715
8351_SPG7_P1P2_ENSG00000197912,SPG7,ENSG00000197912,6809,126,11485,3.0076274690273475,2.976909721972341,0.16992930779564433,2.7639664203251924,3.216705543013431,0.27104727710892496,25,4.4831477906348205,,0,75.0,4.330733340286331
8372_SPRTN_P1P2_ENSG00000010072,SPRTN,ENSG00000010072,837,93,11485,1.0426374215818726,1.028553101095177,0.5226491556231563,0.004018234809118772,1.6710890312252327,0.6014725569677355,25,2.3747313539282517,,0,0.0,0.0
8387_SPTLC1_P1P2_ENSG00000090054,SPTLC1,ENSG00000090054,4086,34,11485,2.7144291052770684,2.7071055973837446,0.06374349013375706,2.6038548208062244,2.785461170764999,0.07738731998813941,25,2.9392673667053284,,0,15.0,2.772588722239781
8389_SPTSSA_P1P2_ENSG00000165389,SPTSSA,ENSG00000165389,5909,104,11485,3.041909604579088,3.0242866775068795,0.10518261799143926,2.845319613988854,3.1528421960283874,0.1933024158031058,25,4.431005933353458,,0,12.0,2.5649493574615367
8395_SRA1_P1P2_ENSG00000213523,SRA1,ENSG00000213523,2643,172,11485,3.4462376396710757,3.4556683454228163,0.12165078865747922,3.2516744132608224,3.641668443554166,0.13308247263844297,25,5.342796124249408,,0,560.0,6.329720905522696
8396_SRBD1_P1P2_ENSG00000068784,SRBD1,ENSG00000068784,1007,54,11485,2.0477771372173463,2.014749414780718,0.227749149895482,1.6549918676921955,2.3008480514935785,0.36586683013752896,25,2.734628969795046,,0,1408.0,7.25063551189868
8397_SRCAP_P1P2_ENSG00000080603,SRCAP,ENSG00000080603,6623,125,11485,1.0986850571201698,1.0822515209898815,0.6535585364087683,0.0,2.0314475347961767,0.8786539350211439,25,2.665856068197376,,0,107.0,4.68213122712422
83_ACIN1_P2_ENSG00000100813,ACIN1,ENSG00000100813,5875,61,11485,1.4605706146108381,1.236910200674829,0.8478635182089332,0.0,2.3548146287145255,1.5524238525550293,25,2.140899213862268,,0,1.0,0.6931471805599453
8406_SRF_P1P2_ENSG00000112658,SRF,ENSG00000112658,2980,95,11485,1.0455263880941863,1.1689236958425833,0.3587776416090796,0.6792464077932865,1.6228717741162217,0.6336063451148575,25,2.519902023755954,,0,1284.0,7.158513997329321
8413_SRP14_P1P2_ENSG00000140319,SRP14,ENSG00000140319,6177,93,11485,4.624643076047254,4.622490824267227,0.06537030528610299,4.52980276123483,4.730891860909682,0.09252455684274263,25,6.12063713491619,,0,734.0,6.5998704992128365
8414_SRP19_P1P2_ENSG00000153037,SRP19,ENSG00000153037,2552,45,11485,3.2746850942063364,3.2925839443447664,0.1419808318839526,3.0837115415694702,3.537508789236196,0.17978183543552495,25,3.8253822347019844,,0,1248.0,7.130098510125578
8415_SRP54_P1P2_ENSG00000100883,SRP54,ENSG00000100883,5914,27,11485,3.5170602245515106,3.5119786011571477,0.04508932238712338,3.4540635179385246,3.5703182461970697,0.04729024756563227,25,3.53997881880582,,0,1237.0,7.121252453244542
8416_SRP68_P1P2_ENSG00000167881,SRP68,ENSG00000167881,7253,55,11485,2.8813034860426514,2.854015757439695,0.12385521481759193,2.617208949673607,3.0040272341751826,0.14734941264902623,25,3.586279904692733,,0,3619.0,8.194229304819817
8417_SRP72_P1P2_ENSG00000174780,SRP72,ENSG00000174780,2119,164,11485,3.9621606045058937,3.9650629737900442,0.1905445376441644,3.733612434879504,4.217242073851851,0.24450289925289104,25,5.863700689168887,,0,5125.0,8.542080906924017
8418_SRP9_P1P2_ENSG00000143742,SRP9,ENSG00000143742,805,143,11485,4.324904642199753,4.324039764919503,0.08032567850547749,4.203554690756731,4.444162518963457,0.11355389186003961,25,6.060142109531419,,0,1263.0,7.142036574706803
8422_SRPRB_P1P2_ENSG00000144867,SRPRB,ENSG00000144867,1840,191,11485,2.487488046649707,2.3995599770331446,0.31027206147890823,1.745658620610953,2.759173883065473,0.35858346089638315,25,4.4484937060564524,,0,1388.0,7.236339342754344
8424_SRRM1_P1P2_ENSG00000133226,SRRM1,ENSG00000133226,132,78,11485,3.616985987643541,3.6000632941920463,0.1998586775294973,3.346120530967614,3.9207585260600117,0.2907398619002386,25,4.71927815444782,,0,694.0,6.543911845564792
8425_SRRM2_P1P2_ENSG00000167978,SRRM2,ENSG00000167978,6492,79,11485,3.5939755529403286,3.6241814041900806,0.19056400358038003,3.3423036056401054,3.9555670665329914,0.19436635362312638,25,4.77819129573869,,0,457.0,6.126869184114185
8426_SRRT_P1P2_ENSG00000087087,SRRT,ENSG00000087087,3487,84,11485,2.9963834124171487,2.973083946344293,0.2782061801208201,2.481461792135803,3.321391190661784,0.37841742087158137,25,4.144662601926336,,0,2548.0,7.8434564043761155
8428_SRSF10_P1P2_ENSG00000188529,SRSF10,ENSG00000188529,128,119,11485,3.8528207712326275,3.858115055721365,0.115696386455248,3.6704838129892132,4.0242721351273385,0.19992655018512062,25,5.368427512680959,,0,187.0,5.236441962829949
8429_SRSF11_P1_ENSG00000116754,SRSF11,ENSG00000116754,360,154,11485,0.0,0.09009968532569883,0.2437395820615978,0.0,0.5643701897571509,0.0,25,0.0,,0,3.0,1.3862943611198906
8430_SRSF11_P2_ENSG00000116754,SRSF11,ENSG00000116754,360,163,11485,2.820625487577443,2.7028620728929393,0.32561079047951486,2.2142867209092754,3.1041172455003156,0.40779929659076686,25,4.5091693478993,,0,63.0,4.1588830833596715
8431_SRSF1_P1P2_ENSG00000136450,SRSF1,ENSG00000136450,7171,42,11485,2.1743395813590625,2.21531263152392,0.3783890604375295,1.6329639437720338,2.7907968716470926,0.5529817361728153,25,2.835918401288838,,0,1914.0,7.557472901614746
8432_SRSF2_P1P2_ENSG00000161547,SRSF2,ENSG00000161547,7263,40,11485,3.7690209064404936,3.734143842938947,0.1467607595483078,3.4767308057018114,3.883216352999052,0.17791192234774522,25,4.191384777379452,,0,679.0,6.522092798170152
8433_SRSF3_P1P2_ENSG00000112081,SRSF3,ENSG00000112081,2948,47,11485,3.2128693424460453,3.2171951479331473,0.18758655646132327,2.95457288758339,3.5174907148604313,0.2655089667966992,25,3.834324706297724,,0,1563.0,7.355001921105257
8436_SRSF6_P1_ENSG00000124193,SRSF6,ENSG00000124193,8106,140,11485,2.862850295505052,2.856030281459571,0.2425488909856231,2.4327590248605713,3.1827732990501323,0.3228021362251532,25,4.58930442031056,,0,325.0,5.786897381366708
8437_SRSF6_P2_ENSG00000124193,SRSF6,ENSG00000124193,8106,35,11485,0.0,0.05476266540627408,0.16710262297211956,0.0,0.34164211618578283,0.0,25,0.0,,0,0.0,0.0
8438_SRSF7_P1P2_ENSG00000115875,SRSF7,ENSG00000115875,987,151,11485,4.174273409504684,4.146504434571394,0.11561002400011784,3.959867314718624,4.31568570250072,0.14853831240401139,25,5.950786804653633,,0,2809.0,7.940939762327791
8444_SS18L2_P1P2_ENSG00000008324,SS18L2,ENSG00000008324,1587,166,11485,2.6369580568102875,2.6173950894151825,0.2073922121182243,2.3174564751143354,2.866359293874157,0.34123299285601005,25,4.502386880834971,,0,8.0,2.1972245773362196
8446_SSBP1_P1P2_ENSG00000106028,SSBP1,ENSG00000106028,3600,53,11485,4.182115543079735,4.150866193543282,0.12072184840238086,3.9625052016495617,4.329135836983263,0.17204144142513123,25,4.949808394293275,,0,20.0,3.044522437723423
8448_SSBP3_P1P2_ENSG00000157216,SSBP3,ENSG00000157216,331,447,11485,1.4409147853899422,1.1522479568130841,0.5167636322325432,0.061730030637294785,1.5853727853618966,0.7351009065020747,25,4.229583179317838,0.43700727598540245,17,0.0,0.0
8460_SSU72_P1P2_ENSG00000160075,SSU72,ENSG00000160075,20,255,11485,3.9875200563746427,3.983692935565402,0.1138558433754779,3.823941434681831,4.149771096224994,0.13035238645708835,25,6.240046782635407,3.0463569661596615,3,3657.0,8.204671828950811
8481_STAG2_P1_ENSG00000101972,STAG2,ENSG00000101972,8670,127,11485,2.657985368702214,2.6848467206902775,0.2330577529951834,2.2954339909351242,3.0564547601858485,0.33428193968152087,25,4.34796107439774,,0,75.0,4.330733340286331
8491_STARD7_P1P2_ENSG00000084090,STARD7,ENSG00000084090,1136,78,11485,3.193447231741012,3.1944181667077745,0.09739562915191631,3.035006920770348,3.3373611138623693,0.11535891597599512,25,4.270287914226462,,0,13.0,2.639057329615259
84_ACIN1_P1_ENSG00000100813,ACIN1,ENSG00000100813,5875,101,11485,0.31475788276527533,0.452662915626705,0.5406013032780393,0.0,1.5804473690050325,0.7315555500647223,25,1.6093748615914845,,0,2.0,1.0986122886681096
8506_STIL_P1P2_ENSG00000123473,STIL,ENSG00000123473,300,69,11485,1.790964330937157,1.7119488296284937,0.297700696024161,1.1629561957603913,2.0512204498669964,0.42782856753643617,25,2.741693824963947,,0,1963.0,7.582738488914411
8538_STRAP_P1P2_ENSG00000023734,STRAP,ENSG00000023734,5255,69,11485,4.441028582673241,4.439065398957107,0.06291724983235024,4.3306418966467035,4.508484010196013,0.09166510513803328,25,5.4690603752489135,,0,852.0,6.748759547491679
8540_STRIP1_P1P2_ENSG00000143093,STRIP1,ENSG00000143093,461,128,11485,1.0567603197510151,0.8743131414598615,0.4356952437438431,0.012220546156156383,1.2696249324205298,0.7306813714092559,25,2.446730890965444,,0,1.0,0.6931471805599453
8546_STT3B_P1P2_ENSG00000163527,STT3B,ENSG00000163527,1556,38,11485,2.5220372678750778,2.559922618437916,0.2100222596359614,2.2798893304544587,2.941409197389364,0.20749501640584445,25,2.9291072713716737,,0,25.0,3.258096538021482
8557_STX5_P1P2_ENSG00000162236,STX5,ENSG00000162236,4890,68,11485,2.32566124651123,2.3248525658860846,0.09901674033130863,2.17343737747311,2.4595800455684884,0.1641697049447175,25,3.2581200698918513,,0,2955.0,7.991592282068092
8564_STXBP4_P1P2_ENSG00000166263,STXBP4,ENSG00000166263,7161,143,11485,1.1851428211172828,0.9692242258822185,0.48074774809999954,0.30536975569723707,1.4810237963034374,0.8621729521914809,25,2.6361022364066318,,0,2.0,1.0986122886681096
8575_SUDS3_P1P2_ENSG00000111707,SUDS3,ENSG00000111707,5608,133,11485,2.6182802260899685,2.538771658964854,0.28172014035163234,2.026225448786546,2.8428765194913894,0.4890404125695418,25,4.135756744601992,,0,2293.0,7.738052297689316
8576_SUGP1_P1P2_ENSG00000105705,SUGP1,ENSG00000105705,7714,28,11485,1.2176802581640707,1.2030293595706276,0.08908638800230598,1.0469882726759787,1.2981546039396996,0.10702321591873987,25,1.2719240889425378,,0,549.0,6.309918278226516
8588_SUMO2_P1P2_ENSG00000188612,SUMO2,ENSG00000188612,7238,38,11485,4.408231609950034,4.393423556107428,0.07202398354879411,4.27353503619145,4.505186609429692,0.09217332927614041,25,4.967876066181035,,0,75.0,4.330733340286331
8594_SUPT16H_P1P2_ENSG00000092201,SUPT16H,ENSG00000092201,5860,33,11485,3.6663291178077446,3.670724739584736,0.1116042625501875,3.5123647487026037,3.8766448272471346,0.1283684634849167,25,3.9351954721445805,,0,1857.0,7.527255919373784
8595_SUPT20H_P1P2_ENSG00000102710,SUPT20H,ENSG00000102710,5736,185,11485,2.557599113909212,2.5528902696188593,0.19928540171360284,2.210198711356605,2.7784941120056583,0.24030582467318906,25,4.483120862138981,,0,829.0,6.721425700790643
859_BMS1_P1P2_ENSG00000165733,BMS1,ENSG00000165733,4392,53,11485,3.2232848891644212,3.2283588056558927,0.11197544183596374,3.053345770294396,3.406999539948129,0.09711366749454609,25,3.919382888627381,,0,1554.0,7.349230824613334
8601_SUPV3L1_P1P2_ENSG00000156502,SUPV3L1,ENSG00000156502,4436,101,11485,1.9877144255288004,1.8966641558598758,0.22418517899198892,1.5355241501500718,2.191624924982021,0.2929176083489273,25,3.2227769697066586,,0,22.0,3.1354942159291497
8605_SURF6_P1P2_ENSG00000148296,SURF6,ENSG00000148296,4255,39,11485,1.2540519376335915,1.2121930712254383,0.4534094692038139,0.5109123816010743,1.973731967629494,0.558997898659271,25,1.4719534470403988,,0,1352.0,7.210079628170788
8618_SYF2_P1P2_ENSG00000117614,SYF2,ENSG00000117614,134,66,11485,3.0259188478386845,3.0407215839886566,0.09529560116554697,2.8720629331858394,3.1704013659005703,0.1379596419896636,25,3.9990028113074665,,0,810.0,6.698268054115413
8621_SYMPK_P1P2_ENSG00000125755,SYMPK,ENSG00000125755,7850,69,11485,1.818403175796444,1.8068301848256452,0.2946751789479615,1.34165110342848,2.239820149590303,0.38007383431733954,25,2.869273347825154,,0,2335.0,7.756195343948118
862_BNIP1_P1P2_ENSG00000113734,BNIP1,ENSG00000113734,2726,59,11485,1.0563411949973425,1.016569366904567,0.5379498437025788,0.0,1.616754958755398,0.6966061615053305,25,1.8582095076729022,,0,1604.0,7.380879035564116
8633_SYS1_P1P2_ENSG00000204070,SYS1,ENSG00000204070,8118,68,11485,2.4163401734287113,2.395484402355377,0.06464375434946641,2.3044112497976084,2.489167161835333,0.08960832510622607,25,3.3451061441278838,,0,1482.0,7.301822342137932
8644_TACC3_P2_ENSG00000013810,TACC3,ENSG00000013810,2013,88,11485,2.6036058497665033,2.5515892666527153,0.34950439636552233,2.0847021205493657,3.0206353739096317,0.4333737037918701,25,3.74234897263751,,0,1.0,0.6931471805599453
8645_TACC3_P1_ENSG00000013810,TACC3,ENSG00000013810,2013,506,11485,3.027872283823717,3.0049548932866785,0.1771222621726519,2.6393280588998986,3.2008666299672677,0.16163078072264936,25,5.941414874144624,2.117203194060767,23,37.0,3.6375861597263857
8648_TADA2A_P1P2_ENSG00000276234,TADA2A,ENSG00000276234,7020,119,11485,0.8968527152178889,1.0840582870288862,0.4103783893737393,0.5585758717118602,1.6188245145872795,0.762805844674733,25,2.8037555357958417,,0,284.0,5.652489180268651
8649_TADA2B_P1P2_ENSG00000173011,TADA2B,ENSG00000173011,2044,83,11485,0.9680666590834569,0.6985771756079706,0.5173403004369392,0.0,1.2667746610753559,1.0078287718277357,25,2.055292044124297,,0,735.0,6.601230118728877
8650_TADA3_P1P2_ENSG00000171148,TADA3,ENSG00000171148,1500,68,11485,2.847207033222538,2.8198893521131136,0.26384951678883656,2.358133867271963,3.200656095646312,0.24693731225262905,25,3.7045049131588907,,0,1222.0,7.109062135687172
8651_TAF10_P1P2_ENSG00000166337,TAF10,ENSG00000166337,4727,27,11485,3.562461903869905,3.557826719302807,0.032528573444686446,3.5133006806046434,3.6040656140800698,0.0485462261038343,25,3.5894231147943776,,0,682.0,6.52649485957079
8652_TAF11_P1P2_ENSG00000064995,TAF11,ENSG00000064995,2937,118,11485,2.362734610518701,2.3259761790254263,0.20545021769956143,2.0079058874753204,2.5921467059204804,0.2976201898148596,25,3.8139738114201376,,0,515.0,6.246106765481563
8654_TAF13_P1P2_ENSG00000197780,TAF13,ENSG00000197780,450,186,11485,2.0825384611168563,1.9602757608920591,0.27259559973782416,1.433797672716863,2.2498178480907214,0.31019422784433637,25,3.9705114342683636,,0,1263.0,7.142036574706803
8659_TAF1D_P2_ENSG00000166012,TAF1D,ENSG00000166012,5066,47,11485,3.1336644565352567,3.0822920498482937,0.18977935450160344,2.719251069922078,3.330526000829711,0.1973025819453782,25,3.6857468922239565,,0,2.0,1.0986122886681096
8660_TAF1D_P1_ENSG00000166012,TAF1D,ENSG00000166012,5066,43,11485,3.691461020583203,3.6825087497902054,0.09557732298850777,3.524752960699749,3.7985182415342242,0.1205097789065217,25,4.195131619767871,,0,1421.0,7.259819610363186
8662_TAF2_P1P2_ENSG00000064313,TAF2,ENSG00000064313,3883,67,11485,2.27800827581875,2.278464235542409,0.07475046883614557,2.1851933679156184,2.3863782815556127,0.10333729601177533,25,3.2057776459396368,,0,4428.0,8.395929103923198
8663_TAF3_P1P2_ENSG00000165632,TAF3,ENSG00000165632,4324,58,11485,2.1103452559194,2.1112976510585897,0.06400207643111745,2.0191274100884886,2.2108759399170093,0.09583290439154224,25,2.9027819285509793,,0,1053.0,6.960347729101308
8668_TAF6_P1P2_ENSG00000106290,TAF6,ENSG00000106290,3473,75,11485,2.819961242154093,2.8200460009960424,0.06542240494340455,2.697112632841439,2.896941067550488,0.07618616377078302,25,3.8661394538477794,,0,500.0,6.2166061010848646
8669_TAF7_P1P2_ENSG00000178913,TAF7,ENSG00000178913,2651,49,11485,2.852800661010338,2.8309124441836735,0.2699528989604085,2.450554664853359,3.282127995163844,0.3169808362090265,25,3.4776669976089214,,0,935.0,6.8416154764775925
8670_TAF8_P1P2_ENSG00000137413,TAF8,ENSG00000137413,2965,76,11485,1.1698956243660554,0.9570481833371669,0.49077195884298924,0.0,1.3991956879197291,0.33691232606111554,25,1.9922826408692231,,0,2741.0,7.91644286012226
8678_TAMM41_P1P2_ENSG00000144559,TAMM41,ENSG00000144559,1514,115,11485,1.2863427621139878,1.2786102831564734,0.09487974794515713,1.1131023348326792,1.4116151068766263,0.09737955541181731,25,2.8336660900235713,,0,531.0,6.2766434893416445
867_BOD1L1_P1_ENSG00000038219,BOD1L1,ENSG00000038219,2050,97,11485,3.3375891651916225,3.3789267869508355,0.19072605764125314,3.11130557407469,3.659911046799399,0.2594035322102122,25,4.690792929686316,,0,253.0,5.537334267018537
8692_TARDBP_P1P2_ENSG00000120948,TARDBP,ENSG00000120948,65,1675,11485,3.1560886874714904,3.163864509001495,0.15019971880775734,2.9643182993882204,3.378157995201786,0.2038776868556793,25,7.251291704636593,3.1580688817623503,56,3909.0,8.271292652979412
8693_TARS2_P1P2_ENSG00000143374,TARS2,ENSG00000143374,529,190,11485,1.555300494241925,1.468061396220142,0.2550531443567264,0.9013539243933688,1.7396669145205566,0.19000833929957883,25,3.5111760313617615,,0,36.0,3.6109179126442243
8695_TARS_P1P2_ENSG00000113407,TARS,ENSG00000113407,2381,63,11485,3.8035986977996514,3.8296093575233825,0.08355865223482901,3.7298313722899277,3.976769724338828,0.11691985965493945,25,4.686499811412545,,0,1086.0,6.99117688712121
8703_TAZ_P1P2_ENSG00000102125,TAZ,ENSG00000102125,8717,98,11485,1.2457369180720295,1.2447877177724143,0.4869970858922631,0.28787399786605417,1.8634513050355477,0.5141283493238746,25,2.6637394395406875,,0,32.0,3.4965075614664802
8724_TBCA_P1P2_ENSG00000171530,TBCA,ENSG00000171530,2489,161,11485,4.3969898952493836,4.37758203361422,0.07161611028978741,4.249609823723075,4.473360195440866,0.10361608209699202,25,6.224327333025394,,0,7.0,2.0794415416798357
8725_TBCB_P1P2_ENSG00000105254,TBCB,ENSG00000105254,7762,40,11485,3.614989118807845,3.6395328259590713,0.09692843689190864,3.5161295963446655,3.8028735692453646,0.09887936884358517,25,4.103417760367979,,0,907.0,6.811244378601294
8729_TBCD_P1P2_ENSG00000141556,TBCD,ENSG00000141556,7323,54,11485,1.8608651149823692,1.903086334244397,0.307197155387146,1.5339658075356004,2.4090902761150135,0.4750247913179062,25,2.688867411885828,,0,13.0,2.639057329615259
8739_TBPL1_P1P2_ENSG00000028839,TBPL1,ENSG00000028839,3142,106,11485,2.3321570941734477,2.2834105959851283,0.23885429405285435,2.07358944001406,2.582456047751644,0.26352008629799695,25,3.6794105942515554,,0,419.0,6.040254711277414
8741_TBP_P1P2_ENSG00000112592,TBP,ENSG00000112592,3222,85,11485,1.2724406762496647,0.9419194836142252,0.5444614284201149,0.0,1.5086394649366082,0.8338875709183258,25,2.114918273979488,,0,1392.0,7.239214973779806
874_BOP1_P1_ENSG00000261236,BOP1,ENSG00000261236,3933,33,11485,2.3695807721487836,2.408162461425616,0.1517606703135746,2.183757520647353,2.6422047352207034,0.16226568552030018,25,2.6660053596078597,,0,726.0,6.588926477533519
875_BOP1_P2_ENSG00000261236,BOP1,ENSG00000261236,3933,133,11485,0.0,0.2644193552558106,0.5596403426686468,0.0,1.5357132854984379,0.0,25,0.016738570537798647,,0,1.0,0.6931471805599453
8770_ELOB_P1P2_ENSG00000103363,ELOB,ENSG00000103363,6493,134,11485,4.396977686816613,4.429633964223663,0.10196442814470374,4.304307529708226,4.62921033856684,0.10419335072848579,25,6.2015020486838,,0,1697.0,7.437206366871292
8772_TCERG1_P1P2_ENSG00000113649,TCERG1,ENSG00000113649,2666,63,11485,3.382917761864343,3.399806736415814,0.08628148189832802,3.3019974129314362,3.519769037901446,0.13695262387346796,25,4.275914931661961,,0,609.0,6.413458957167357
8791_TCOF1_P1P2_ENSG00000070814,TCOF1,ENSG00000070814,2677,37,11485,2.258757502578202,2.250793706524979,0.292297147928375,1.8002121882571165,2.6904071275908508,0.4769918532341717,25,2.605613826245448,,0,828.0,6.720220155135295
8793_TCP1_P1P2_ENSG00000120438,TCP1,ENSG00000120438,3206,30,11485,0.8127660188884906,0.786750489598125,0.5146726057489429,0.01992225639790448,1.5723739019274223,0.7487537939491917,25,0.9820169192804689,,0,3.0,1.3862943611198906
8806_TEAD3_P1P2_ENSG00000007866,TEAD3,ENSG00000007866,2941,143,11485,0.9863973442071161,0.7240626522772476,0.544148523266875,0.0,1.308185033888812,1.1163968290293353,25,2.4557848855070477,,0,2.0,1.0986122886681096
880_BPTF_P1P2_ENSG00000171634,BPTF,ENSG00000171634,7217,101,11485,3.604749403981668,3.6035076475189864,0.13839532257449877,3.418539309941027,3.817098530950644,0.17662577746281816,25,4.933528753598912,,0,703.0,6.556778356158042
8811_TEFM_P1P2_ENSG00000172171,TEFM,ENSG00000172171,6992,100,11485,1.7820307486790647,1.5150201328498576,0.454800328010539,0.8298992160057689,1.9287204267951876,0.5300339945784378,25,2.932517226245716,,0,97.0,4.584967478670572
8816_TELO2_P1P2_ENSG00000100726,TELO2,ENSG00000100726,6461,47,11485,2.124028918685439,2.1215722699050366,0.07741911580459393,2.026494257856332,2.213451312669489,0.09434674025669043,25,2.702528301108432,,0,623.0,6.436150368369428
8817_TEN1_P1P2_ENSG00000257949,TEN1,ENSG00000257949,7252,130,11485,2.1968255716401246,2.166859223562378,0.20078436467789004,1.928203019074678,2.363771458366164,0.24989204075121085,25,3.738838221278888,,0,52.0,3.970291913552122
8818_TERF1_P1P2_ENSG00000147601,TERF1,ENSG00000147601,3793,36,11485,2.3890122229791757,2.4172134187489283,0.17725090102329197,2.1566375018054225,2.6971714487787057,0.21534888350683268,25,2.7174594783558454,,0,0.0,0.0
8820_TERF2_P1P2_ENSG00000132604,TERF2,ENSG00000132604,6734,68,11485,1.4516804934837857,1.3464004817718191,0.5045386501226767,0.433082294766931,2.0519583102514334,0.37685547496734495,25,2.5239179567291643,,0,2007.0,7.60489448081162
8826_TEX10_P1P2_ENSG00000136891,TEX10,ENSG00000136891,4118,78,11485,2.366052156063673,2.363548815899173,0.07314201837483837,2.2547809465039363,2.461737099011255,0.12027530566765199,25,3.4525757187580615,,0,2167.0,7.681560362559537
8832_TFAM_P1P2_ENSG00000108064,TFAM,ENSG00000108064,4410,3580,11485,3.208795339937274,3.1342479637820224,0.16843269621887155,2.838675150811176,3.3171590502509436,0.2286489512598755,25,7.9692137411774615,3.900219584207709,56,1993.0,7.597897950521784
8840_TFB1M_P1P2_ENSG00000029639,TFB1M,ENSG00000029639,3192,111,11485,2.0149897704527993,2.0025240790094347,0.3513363779932853,1.3588765214769152,2.4722601544480614,0.4627911186027327,25,3.504390182297164,,0,11.0,2.4849066497880004
8841_TFB2M_P1P2_ENSG00000162851,TFB2M,ENSG00000162851,868,108,11485,1.7346729359084039,1.6256727487702818,0.5140105452322421,0.9013488563740055,2.12129692785059,0.7225782363648183,25,3.150758892718778,,0,7.0,2.0794415416798357
8844_TFDP1_P1P2_ENSG00000198176,TFDP1,ENSG00000198176,5841,173,11485,3.3848216282413324,3.392814963838692,0.12143650831215044,3.190068582115273,3.595226169568616,0.14005730839062736,25,5.315870528732449,,0,1277.0,7.15305163493748
8857_TFRC_P1P2_ENSG00000072274,TFRC,ENSG00000072274,1983,315,11485,3.281960119858332,3.260305189724028,0.11606148734692211,3.0778608951331594,3.401290509381057,0.1934556874072797,25,5.720572780163435,2.3549978705542096,3,89.0,4.499809670330265
885_BRCA2_P1P2_ENSG00000139618,BRCA2,ENSG00000139618,5725,83,11485,2.60890836035397,2.561921285694683,0.2300987718606222,2.15154877957674,2.8242303277825442,0.38503087051557827,25,3.7492667282016203,,0,788.0,6.670766320845874
8869_TGS1_P1P2_ENSG00000137574,TGS1,ENSG00000137574,3764,65,11485,2.1288307124203185,2.09942017311154,0.3417202450443362,1.6973731768281437,2.521072962573141,0.37586232796652697,25,3.1193823633275666,,0,822.0,6.71295620067707
8872_THAP11_P1P2_ENSG00000168286,THAP11,ENSG00000168286,6716,147,11485,2.228633099489124,2.142793534348752,0.2297884788185082,1.8224530002398782,2.380676100201933,0.33150582854744237,25,3.8620008517504107,,0,290.0,5.673323267171493
8873_THAP1_P1P2_ENSG00000131931,THAP1,ENSG00000131931,3746,152,11485,1.8346600414711076,1.737231724235379,0.2752437227120723,1.2510514625122109,1.9952628103088104,0.35329954071029945,25,3.5227039546915635,,0,3197.0,8.0702808933939
8886_THG1L_P1P2_ENSG00000113272,THG1L,ENSG00000113272,2699,57,11485,2.2473609347278325,2.242869140965021,0.0842827984003407,2.1171392628863206,2.3477293432056925,0.09281437779717772,25,3.0172360985173468,,0,916.0,6.821107472256465
8889_THOC3_P1P2_ENSG00000051596,THOC3,ENSG00000051596,2732,70,11485,1.6790553302593727,1.7073916749778681,0.10014266920414275,1.5811014514960742,1.871546679582713,0.13164635475117525,25,2.72602091159737,,0,1613.0,7.3864708488298945
888_BRD2_P1_ENSG00000204256,BRD2,ENSG00000204256,2912,83,11485,3.446793580484946,3.441424645037776,0.06918337186150383,3.3158341321794764,3.541346966778498,0.07221574909605222,25,4.583017458965918,,0,743.0,6.612041034833092
8890_THOC5_P1P2_ENSG00000100296,THOC5,ENSG00000100296,8336,61,11485,2.196321115692638,2.184504346947966,0.2426222444153178,1.7272047497745235,2.4858810488072307,0.34369382960260797,25,2.967069813730718,,0,1812.0,7.502738210754851
8891_THOC6_P1P2_ENSG00000131652,THOC6,ENSG00000131652,6500,146,11485,2.33151090238913,2.3357357076739533,0.05718216126636818,2.219653991351855,2.4185225030665096,0.05193938138234566,25,4.061745889399354,,0,46.0,3.8501476017100584
8892_THOC7_P1P2_ENSG00000163634,THOC7,ENSG00000163634,1701,175,11485,3.6492353066788548,3.6377001805191433,0.140582977174768,3.381870599758242,3.8466398777054067,0.13303195207614626,25,5.527266937882681,,0,2321.0,7.7501841622578365
8894_THRAP3_P1P2_ENSG00000054118,THRAP3,ENSG00000054118,219,131,11485,4.181501194191502,4.167198620884906,0.09314041459805966,3.983604539180572,4.298768922583613,0.10648789089998978,25,5.79590229700171,,0,166.0,5.117993812416755
8915_TIMM10_P1P2_ENSG00000134809,TIMM10,ENSG00000134809,4842,110,11485,3.5001725678450746,3.494155237582008,0.05693392399083707,3.384901031020312,3.560888783170987,0.05072591853298247,25,4.896750312902635,,0,1384.0,7.233455418621439
8916_TIMM13_P1P2_ENSG00000099800,TIMM13,ENSG00000099800,7506,123,11485,4.149589830216725,4.178087354752476,0.10700779580590682,4.035689339584548,4.368888312489743,0.14266416567897444,25,5.782081854529253,,0,418.0,6.037870919922137
"891_BRD4_ENST00000263377.2,ENST00000371835.4_ENSG00000141867",BRD4,ENSG00000141867,7663,77,11485,1.2937969190507854,1.20501048997152,0.5790796605682054,0.23849402026733957,2.1029223298389668,0.7326660619200387,25,2.2650237540514975,,0,7.0,2.0794415416798357
8920_TIMM22_P1P2_ENSG00000177370,TIMM22,ENSG00000177370,6826,31,11485,2.789824035458837,2.793084369301618,0.058510867497740836,2.712613284259333,2.9140052630783235,0.05236396548568223,25,2.959158292465113,,0,535.0,6.284134161070802
8921_TIMM23B_P1P2_ENSG00000204152,TIMM23B,ENSG00000204152,4403,348,11485,1.2150167562945988,1.0439742052538157,0.4434044832799704,0.0,1.3833943362292687,0.11961221679248712,25,3.533026564703996,0.1413169619641945,3,3637.0,8.199189359078067
8923_TIMM44_P1P2_ENSG00000104980,TIMM44,ENSG00000104980,7568,51,11485,2.008757877310994,2.0181156888328813,0.18333478877109097,1.7197529436237886,2.270713582670641,0.26049078145770865,25,2.718354794441255,,0,1367.0,7.221105098182496
8925_TIMM8A_P1P2_ENSG00000126953,TIMM8A,ENSG00000126953,8618,150,11485,2.8369629766997084,2.8195902463547764,0.10137438771739175,2.6279130420312486,2.9511801012642196,0.09726172041737824,25,4.577929916584933,,0,11.0,2.4849066497880004
8927_TIMM9_P1P2_ENSG00000100575,TIMM9,ENSG00000100575,5985,41,11485,2.678941076349016,2.673861769941443,0.1586998275787898,2.408233887135369,2.8962613026314594,0.2590002644036171,25,3.0963198623339245,,0,778.0,6.658011045870748
8931_TINF2_P1P2_ENSG00000092330,TINF2,ENSG00000092330,5895,48,11485,2.331503143429566,2.3293186650001054,0.08392646666611603,2.192839307445586,2.4456795695158102,0.08130061377023301,25,2.9140804433862257,,0,892.0,6.794586580876499
8933_TIPIN_P1P2_ENSG00000075131,TIPIN,ENSG00000075131,6304,34,11485,2.230454806743905,2.254775063393361,0.13430938449171873,2.094650754330142,2.5251006041780992,0.15274122173109594,25,2.51180419087073,,0,1057.0,6.964135612418245
8941_TKT_P2_ENSG00000163931,TKT,ENSG00000163931,1684,87,11485,1.9622891079860247,1.96896578787144,0.3543090242574825,1.4123729430612624,2.440425784468695,0.5194736492336092,25,3.0969475480538353,,0,2.0,1.0986122886681096
8942_TKT_P1_ENSG00000163931,TKT,ENSG00000163931,1684,170,11485,4.566224604605294,4.571395755858893,0.07765338028610558,4.470217522572901,4.697910839839713,0.09145464397719749,25,6.566230822819917,,0,2.0,1.0986122886681096
8943_TLCD1_P1P2_ENSG00000160606,TLCD1,ENSG00000160606,6974,131,11485,1.4165864784160482,1.2493120207485142,0.4438402095897096,0.26002201349237425,1.5310936421945116,0.16281800068403385,25,2.779493276605992,,0,5.0,1.791759469228055
8948_TLN1_P1P2_ENSG00000137076,TLN1,ENSG00000137076,4023,37,11485,3.966804867385526,3.9567157276829197,0.10164853315328864,3.761924732642084,4.085840857788246,0.127336391179107,25,4.4126108297088145,,0,354.0,5.872117789475416
8956_TM7SF2_P1P2_ENSG00000149809,TM7SF2,ENSG00000149809,4928,160,11485,1.1698956243660554,0.8996706198923308,0.5224010933320166,0.004083762981873241,1.3349469461220291,1.0159056554314074,25,2.9299179184719186,,0,0.0,0.0
896_BRF1_P1P2_ENSG00000185024,BRF1,ENSG00000185024,6139,61,11485,1.476453394433914,1.1952861804082981,0.43565681042105175,0.5997084234785744,1.6512192838662412,0.8019611938069043,25,2.0929095538145197,,0,960.0,6.8679744089702925
8972_TMED10_P1P2_ENSG00000170348,TMED10,ENSG00000170348,6050,175,11485,3.8284912944481535,3.813349947106732,0.1368091348689012,3.621190400468759,4.014563601425001,0.19144771468652344,25,5.7235087861472005,,0,851.0,6.747586526829315
8974_TMED2_P1P2_ENSG00000086598,TMED2,ENSG00000086598,5654,77,11485,3.926455999704551,3.9372808345192927,0.09652112750450884,3.804002411226031,4.100397677671109,0.13342186630262587,25,5.064803829192146,,0,412.0,6.023447592961033
8994_TMEM127_P1P2_ENSG00000135956,TMEM127,ENSG00000135956,1137,98,11485,1.9014492022780705,1.9047865531696555,0.09419811065065013,1.754822327898397,2.0468186291368493,0.09753403681031947,25,3.243167423360214,,0,19.0,2.995732273553991
900_BRIP1_P1P2_ENSG00000136492,BRIP1,ENSG00000136492,7189,110,11485,2.3660520975521577,2.306713879954839,0.19484801073610286,2.0309604667549332,2.493330638348674,0.2559091256196604,25,3.7267553595088,,0,30.0,3.4339872044851463
9012_TMEM161B_P1P2_ENSG00000164180,TMEM161B,ENSG00000164180,2513,59,11485,1.4409147853899422,1.1575428402247545,0.4824716895677537,0.44482042111506687,1.6670057020775262,0.9286593457304375,25,2.072088210018216,,0,949.0,6.856461984594587
901_BRIX1_P1P2_ENSG00000113460,BRIX1,ENSG00000113460,2386,42,11485,2.9798630572781355,2.976497714235937,0.14142622330243074,2.7844534333248823,3.2321455690509286,0.19052101301361102,25,3.453769000470756,,0,976.0,6.884486652042782
902_BRK1_P1P2_ENSG00000254999,BRK1,ENSG00000254999,1507,49,11485,4.444277847840485,4.4312197182695074,0.061819788726982565,4.325065690131467,4.530895530685391,0.06557017176660906,25,5.125681898581286,,0,52.0,3.970291913552122
9033_TMEM199_P1P2_ENSG00000244045,TMEM199,ENSG00000244045,6965,78,11485,2.209639834376158,2.2293380590734166,0.07583677001803828,2.1171345529208354,2.364844804501034,0.09456878537244506,25,3.323038631873861,,0,7.0,2.0794415416798357
9041_TMEM214_P1P2_ENSG00000119777,TMEM214,ENSG00000119777,936,129,11485,2.4218205748849546,2.374734436557803,0.20279376884366168,2.038211590405088,2.6183283722661184,0.3001148113467669,25,3.967361209170588,,0,2.0,1.0986122886681096
9042_TMEM214_P1P2_ENSG00000119777,TMEM214,ENSG00000119777,936,515,11485,2.262920397708412,2.275522896301288,0.22054213350894825,1.978500236705949,2.59504016219563,0.3520453248934343,25,5.31467375996492,1.4801764321621464,22,1950.0,7.576097340623111
9043_TMEM214_P1P2_ENSG00000119777,TMEM214,ENSG00000119777,936,61,11485,2.448918621435774,2.417767214709407,0.15905208771438364,2.152666735283326,2.6221549131940334,0.25722750921151594,25,3.243990442820646,,0,1.0,0.6931471805599453
9055_TMEM242_P1P2_ENSG00000215712,TMEM242,ENSG00000215712,3194,210,11485,2.7679836474277386,2.721914572861997,0.14313736352758427,2.4304009272884155,2.871342426975792,0.22725626493266926,25,4.77630195952227,,0,220.0,5.3981627015177525
9056_TMEM242_P1P2_ENSG00000215712,TMEM242,ENSG00000215712,3194,319,11485,2.7082134787699976,2.6419739687693853,0.2433810151839379,2.1667881178274966,2.8845958573250603,0.2840358545088457,25,5.18894504457623,,2,23.0,3.1780538303479458
9057_TMEM242_P1P2_ENSG00000215712,TMEM242,ENSG00000215712,3194,81,11485,2.70534099868811,2.682142328142729,0.14182657078264477,2.4332347678408333,2.8770550315670897,0.1894951464017125,25,3.751800567497241,,0,798.0,6.683360945766275
9063_TMEM258_P1P2_ENSG00000134825,TMEM258,ENSG00000134825,4866,67,11485,3.9709501782910643,3.972379485268036,0.11732574591684197,3.7964884865554955,4.145849868261696,0.15808224521494774,25,4.939235939696951,,0,548.0,6.3080984415095305
9110_TMSB10_P1P2_ENSG00000034510,TMSB10,ENSG00000034510,1109,81,11485,4.688241988826712,4.687855023768379,0.006691024380581262,4.678655553749763,4.699356160047687,0.007732907322894,25,6.171745708390351,,0,928.0,6.834108738813838
9117_TMX2_P1P2_ENSG00000213593,TMX2,ENSG00000213593,4847,143,11485,3.1718855601910203,3.1517794467009765,0.13699953081490204,2.8881295662493027,3.3387417075926074,0.16395663087722934,25,4.8548701889380155,,0,1884.0,7.541683099882111
9151_TNPO3_P1P2_ENSG00000064419,TNPO3,ENSG00000064419,3559,56,11485,2.5484154690087197,2.57407866101894,0.1939871925134403,2.332407928881047,2.876291743140891,0.2769408196593486,25,3.3353770280650066,,0,1732.0,7.457609289715606
9153_TNRC6A_P1P2_ENSG00000090905,TNRC6A,ENSG00000090905,6580,112,11485,2.777037909946743,2.6710405481193864,0.2986667997078843,2.200634512190807,2.968672012551432,0.31525267750571295,25,4.074054979842303,,0,1355.0,7.212294468500341
9159_TOE1_P1P2_ENSG00000132773,TOE1,ENSG00000132773,284,69,11485,1.4728933816433345,1.464085707328271,0.3509859289213905,1.0727068132534157,1.9570356830503841,0.380464077154131,25,2.573708725370291,,0,110.0,4.709530201312334
9163_TOMM20_P1P2_ENSG00000173726,TOMM20,ENSG00000173726,845,67,11485,4.268813038342753,4.27433765879836,0.081048709060349,4.131245178022989,4.399549501902953,0.09793690153602697,25,5.264556133745679,,0,219.0,5.393627546352361
9164_TOMM22_P1P2_ENSG00000100216,TOMM22,ENSG00000100216,8397,115,11485,3.948997482566933,3.963885193368703,0.11232993718920882,3.774339378278723,4.101302859239649,0.11995661114841871,25,5.460207155963663,,0,703.0,6.556778356158042
9167_TOMM40_P1P2_ENSG00000130204,TOMM40,ENSG00000130204,7836,80,11485,3.7326129383913056,3.7260695930742913,0.06929328655647404,3.6199840714740743,3.8288609981707866,0.10107770981224862,25,4.8592667892554156,,0,494.0,6.20455776256869
916_BTAF1_P1P2_ENSG00000095564,BTAF1,ENSG00000095564,4516,74,11485,2.176830139222661,2.1889792255553098,0.20606746736056591,1.8480810277498758,2.4712749141012282,0.3122800621119639,25,3.2515880666531505,,0,211.0,5.356586274672012
9172_TONSL_P1P2_ENSG00000160949,TONSL,ENSG00000160949,3941,46,11485,0.0,0.3563219182612476,0.4632367907673631,0.0,1.293170154600533,0.6654750151282851,25,0.537959077953067,,0,2211.0,7.701652362642226
9174_TOP1_P1P2_ENSG00000198900,TOP1,ENSG00000198900,8103,48,11485,3.548803458383174,3.5324413559966086,0.11558813487547935,3.376906766139217,3.7202210383637278,0.12867846660487592,25,4.154853557519783,,0,1390.0,7.237778191923443
9177_TOP3A_P1P2_ENSG00000177302,TOP3A,ENSG00000177302,6943,63,11485,1.608483146716401,1.5335223849739656,0.3344263491596283,1.0452097693514,1.9445092518612088,0.5730879018395318,25,2.4862484274646777,,0,308.0,5.733341276897746
9185_TOR2A_P1P2_ENSG00000160404,TOR2A,ENSG00000160404,4193,51,11485,1.576872701756107,1.6007889242099826,0.10702740345464279,1.4880564756679258,1.7889876017680015,0.14705843330619905,25,2.2468309850528274,,0,0.0,0.0
9188_TOX4_P1P2_ENSG00000092203,TOX4,ENSG00000092203,5863,171,11485,2.6236962833322366,2.624386203946472,0.23472252525725026,2.225491907675564,2.9868290281215177,0.2662845616521601,25,4.53591005358116,,0,455.0,6.1224928095143865
9192_TP53I13_P1P2_ENSG00000167543,TP53I13,ENSG00000167543,6983,145,11485,2.3315040162411815,2.2567671435389394,0.1783322955800195,2.025928506473897,2.4585539353758175,0.3085722695160027,25,3.9254029462899385,,0,223.0,5.4116460518550396
9194_TP53RK_P1P2_ENSG00000172315,TP53RK,ENSG00000172315,8129,90,11485,2.5705417372415567,2.568196228291283,0.1940670080184074,2.325185524600876,2.859631436227738,0.23968058377547008,25,3.8097365560425724,,0,2251.0,7.719573989259581
9202_TPI1_P1P2_ENSG00000111669,TPI1,ENSG00000111669,5220,67,11485,4.5025083862481265,4.507701566383318,0.08322255211137096,4.378403563517863,4.635567561215144,0.10598524301115297,25,5.7500248422572815,,0,3.0,1.3862943611198906
9212_TPRKB_P1P2_ENSG00000144034,TPRKB,ENSG00000144034,1087,134,11485,3.2581074126276053,3.287905538734872,0.1381982179878136,3.023058517833133,3.469696539978819,0.169216206240264,25,4.902325740541636,,0,2089.0,7.644919344958857
9215_TPR_P1P2_ENSG00000047410,TPR,ENSG00000047410,707,131,11485,4.149663111456356,4.12647907310858,0.11442511761582541,3.940142174389215,4.300517341757266,0.15004117693277497,25,5.781854759243352,,0,1900.0,7.550135342488429
9218_TPT1_P1P2_ENSG00000133112,TPT1,ENSG00000133112,5755,583,11485,4.620521915529175,4.6254269926833596,0.06115316035396817,4.528956989517759,4.706705926263636,0.10588529933631019,25,7.582352815475567,3.7101990230148543,32,4878.0,8.492695559815838
9219_TPX2_P1P2_ENSG00000088325,TPX2,ENSG00000088325,8044,28,11485,3.5587175495559022,3.5618924145851025,0.0526112421719413,3.4890829552168316,3.6311425404061684,0.08029318571976773,25,3.6347440063204774,,0,582.0,6.368187186350492
9222_TRA2B_P1P2_ENSG00000136527,TRA2B,ENSG00000136527,1964,100,11485,3.355818360506032,3.3383131589605375,0.12341989877908179,3.1042342583869664,3.5246996199911536,0.1456348975399755,25,4.657826820438629,,0,330.0,5.802118375377063
923_BTF3L4_P1P2_ENSG00000134717,BTF3L4,ENSG00000134717,311,277,11485,3.4682553446599433,3.426843555402176,0.10582008070487038,3.224411669792849,3.535959768148733,0.12614429917202852,25,5.750692979666913,,2,7.0,2.0794415416798357
9242_TRAPPC11_P1P2_ENSG00000168538,TRAPPC11,ENSG00000168538,2328,235,11485,2.025031731690228,1.9305335272628943,0.2428968791885699,1.4916775057350815,2.194239188504922,0.4071188741684435,25,4.110238829747246,,1,3990.0,8.291797105048733
9245_TRAPPC1_P1P2_ENSG00000170043,TRAPPC1,ENSG00000170043,6903,82,11485,4.1454901288210815,4.1325146471670084,0.0854565755308472,4.005254178611461,4.253023964008889,0.14330172350577364,25,5.293396913467156,,0,1698.0,7.4377951216719325
9248_TRAPPC3_P1P2_ENSG00000054116,TRAPPC3,ENSG00000054116,217,77,11485,3.3997160626888125,3.4082218693176753,0.09367508994349813,3.2949191760317307,3.592094926754032,0.10408747438783905,25,4.525796268502852,,0,1982.0,7.592366128519796
9249_TRAPPC4_P1P2_ENSG00000196655,TRAPPC4,ENSG00000196655,5140,27,11485,3.650281423850105,3.6531620322392913,0.039122301893681856,3.5930622395517138,3.7139727674733423,0.054214064464709555,25,3.6915362227718194,,0,327.0,5.793013608384144
924_BTF3_P1P2_ENSG00000145741,BTF3,ENSG00000145741,2472,110,11485,4.484129621096321,4.44812262120357,0.13279520422098523,4.206447029309164,4.615288894435548,0.15720258399043185,25,6.119681439786774,,0,2104.0,7.652070746116482
9250_TRAPPC5_P1P2_ENSG00000181029,TRAPPC5,ENSG00000181029,7563,111,11485,4.094694026295244,4.103448950290359,0.08570386813044015,3.9752195848514607,4.239987522622526,0.09122778532461862,25,5.540107858765112,,0,3164.0,8.059908334578276
9253_TRAPPC8_P1P2_ENSG00000153339,TRAPPC8,ENSG00000153339,7380,34,11485,1.261366814128732,1.3910319526525152,0.2996887993353799,1.0013391670599208,1.7896632955926626,0.4639307489707096,25,1.6874863648316953,,0,2121.0,7.660114319173928
9258_TRIAP1_P1P2_ENSG00000170855,TRIAP1,ENSG00000170855,5616,38,11485,2.947074002598112,2.9755872603490356,0.11567035440713082,2.8330325210641543,3.138865938510819,0.20172545826063493,25,3.3010642353737767,,0,301.0,5.71042701737487
9302_TRMT10C_P1P2_ENSG00000174173,TRMT10C,ENSG00000174173,1747,105,11485,2.916643163527041,2.9325326620893053,0.1508110088854372,2.722933474330619,3.17257813544422,0.21934647650655537,25,4.316590324372779,,0,31.0,3.4657359027997265
9303_TRMT112_P1P2_ENSG00000173113,TRMT112,ENSG00000173113,4915,68,11485,4.176872051033905,4.199583979196401,0.12476497406341612,4.012501384739183,4.401242439610736,0.1578235378842292,25,5.1986049043351255,,0,1629.0,7.396335293800808
9312_TRMT5_P1P2_ENSG00000126814,TRMT5,ENSG00000126814,5997,62,11485,1.722529401662971,1.6226470616484863,0.3974090698446731,0.9694746457982855,2.2144339960034145,0.5630097704955159,25,2.5821999871926393,,0,1130.0,7.030857476116121
9315_TRMT6_P1P2_ENSG00000089195,TRMT6,ENSG00000089195,8004,117,11485,2.3008196644248535,2.3047262259279915,0.2043350578974577,2.0143408010234167,2.541536281533949,0.3261167098695843,25,3.809328666530529,,0,188.0,5.241747015059643
9318_TRNP1_P1P2_ENSG00000253368,TRNP1,ENSG00000253368,149,85,11485,0.7425601740114253,0.5534097068021055,0.366838318538368,0.0,0.9265783013702006,0.8089326731995699,25,1.6315155248063795,,0,3.0,1.3862943611198906
9319_TRNT1_P1P2_ENSG00000072756,TRNT1,ENSG00000072756,1484,354,11485,2.071904007239511,2.079912858254848,0.2141764794965474,1.730458085397583,2.3256123268928333,0.31329716707885735,25,4.738679040687875,1.0901425679873173,8,3526.0,8.168202930236053
9324_TRPM7_P1P2_ENSG00000092439,TRPM7,ENSG00000092439,6242,54,11485,2.4596148748437434,2.4217064027351545,0.13328969129844875,2.2074904404292477,2.634593950925043,0.19653356414296352,25,3.12214594720672,,0,1.0,0.6931471805599453
9337_TSEN2_P1P2_ENSG00000154743,TSEN2,ENSG00000154743,1516,86,11485,1.2863427621139878,0.9770221019496269,0.507050065229904,0.18294062868574038,1.501677094994845,0.8735887924898434,25,2.362442965012589,,0,1610.0,7.384610383176974
9338_TSEN34_P1P2_ENSG00000170892,TSEN34,ENSG00000170892,7926,176,11485,3.1289558585632284,3.1283420364154226,0.17340634725068757,2.8809181391514573,3.388535152477089,0.29077621997626757,25,5.040916386045986,,0,3.0,1.3862943611198906
9339_TSEN54_P1P2_ENSG00000182173,TSEN54,ENSG00000182173,7244,74,11485,1.1851428211172828,0.9991094560670678,0.4775647153208146,0.09860997675650371,1.4213972162744986,0.7508458232109059,25,2.0894084952368543,,0,1550.0,7.346655163176539
9340_TSFM_P1P2_ENSG00000123297,TSFM,ENSG00000123297,5436,101,11485,3.022670241542073,3.020217658324075,0.06795147295145164,2.908728276741214,3.115157380388185,0.0961863374137315,25,4.3504140502405555,,0,13.0,2.639057329615259
9341_TSG101_P1P2_ENSG00000074319,TSG101,ENSG00000074319,4771,59,11485,2.820485254087492,2.810964611633567,0.15831449140902115,2.609185751870872,3.0244325317429026,0.17240294556646507,25,3.628815628714456,,0,1321.0,7.186901020411631
934_BUB1B_P1P2_ENSG00000156970,BUB1B,ENSG00000156970,6178,106,11485,2.6230040387075206,2.6127636192040926,0.14017893622033836,2.389926337923503,2.8088217101741257,0.17867395183643753,25,3.9933588218340925,,0,868.0,6.767343125265392
935_BUB1_P1P2_ENSG00000169679,BUB1,ENSG00000169679,1177,75,11485,3.022663852171875,3.006057835863284,0.07611969382984388,2.8858747676363308,3.1039711584422225,0.12733758767395598,25,4.041621673273424,,0,505.0,6.226536669287466
9364_TSR1_P1_ENSG00000167721,TSR1,ENSG00000167721,6839,73,11485,3.373062524907624,3.356082818448445,0.1929260517107114,3.0169381300745246,3.661236492600522,0.22608535951696318,25,4.37560643103529,,0,1580.0,7.3658128372094716
9365_TSR1_P2_ENSG00000167721,TSR1,ENSG00000167721,6839,134,11485,1.7793303816260788,1.5348846132843885,0.7781350551850258,0.021769135412879566,2.417272492503423,0.8733465405722469,25,3.42786031453572,,0,22.0,3.1354942159291497
9366_TSR2_P1P2_ENSG00000158526,TSR2,ENSG00000158526,8569,95,11485,2.669534187430871,2.6391250841201703,0.24563741767316985,2.4184932885972117,2.958352835323359,0.2194968850162189,25,3.943006925329965,,0,2093.0,7.646831391430482
937_BUD13_P1P2_ENSG00000137656,BUD13,ENSG00000137656,5120,36,11485,1.8768283233608491,1.8588888561769912,0.09084348290181636,1.7137011166154867,1.9770552354183912,0.15362423259316493,25,2.144021159574299,,0,2615.0,7.86940171257709
9380_TTC1_P1P2_ENSG00000113312,TTC1,ENSG00000113312,2703,122,11485,3.308847391518278,3.2969134821916657,0.11737539394166088,3.083912586179095,3.4711978032920707,0.12210923187040601,25,4.872974413541103,,0,1653.0,7.4109518755836366
9383_TTC27_P1P2_ENSG00000018699,TTC27,ENSG00000018699,970,34,11485,1.763960380728841,1.759639712605234,0.09489340896907925,1.5741055663907886,1.8965223702109693,0.11800943747594506,25,2.000991030443903,,0,763.0,6.638567789166521
938_BUD31_P1P2_ENSG00000106245,BUD31,ENSG00000106245,3461,45,11485,3.759255278364471,3.762719131281641,0.13152865488956836,3.5427930254524704,3.938863689280388,0.1917226181355356,25,4.320385891062277,,0,1069.0,6.975413927455952
9390_TTC4_P1P2_ENSG00000243725,TTC4,ENSG00000243725,332,125,11485,2.36034980886152,2.324025034977234,0.1417594452758391,2.09270357776932,2.482868919140448,0.18810494728383542,25,3.882224423650129,,0,683.0,6.52795791762255
9397_TTF2_P1P2_ENSG00000116830,TTF2,ENSG00000116830,492,67,11485,2.371731610967037,2.3643511256119196,0.13297080360105676,2.16858605574385,2.5505279471938946,0.25155030461012196,25,3.298871945361812,,0,295.0,5.69035945432406
9398_TTI1_P1P2_ENSG00000101407,TTI1,ENSG00000101407,8096,81,11485,1.7730298129470672,1.6647333927749202,0.25730110787394117,1.1227314503579937,1.907926506784253,0.111908847091166,25,2.7754056260840856,,0,2820.0,7.944846711001996
9400_TTK_P1P2_ENSG00000112742,TTK,ENSG00000112742,3037,80,11485,1.9459715275207434,1.9310297018947802,0.3287709783022346,1.3533605603088261,2.427243587252453,0.4368320659497722,25,3.1617926644573533,,0,2305.0,7.743269700829004
9408_TUBA1B_P1P2_ENSG00000123416,TUBA1B,ENSG00000123416,5332,207,11485,4.55538316803802,4.511311150853632,0.10283505067801352,4.3655703331969855,4.630707173278602,0.18354866410757786,25,6.670709566225619,,2,83.0,4.430816798843313
9409_TUBA1C_P1P2_ENSG00000167553,TUBA1C,ENSG00000167553,5334,78,11485,4.564392724621067,4.56745704893987,0.050951445720150534,4.482551675889554,4.650646349791258,0.06787662773513503,25,5.806792876306245,,0,1.0,0.6931471805599453
9412_TUBB2A_P1P2_ENSG00000137267,TUBB2A,ENSG00000137267,2785,152,11485,2.5246405412999393,2.4977703163672484,0.1586410832526068,2.257505261942783,2.6906891544576994,0.24873447084016886,25,4.2573573625611765,,1,275.0,5.62040086571715
9420_TUBB_P1_ENSG00000196230,TUBB,ENSG00000196230,2874,119,11485,4.617686605785179,4.616395581425966,0.053159060214759274,4.53721232452679,4.697671703004998,0.061756933852205265,25,6.359710523921133,,0,141.0,4.955827057601261
9421_TUBB_P2_ENSG00000196230,TUBB,ENSG00000196230,2874,158,11485,4.424274496970606,4.44836298309322,0.08908466521569654,4.318131178705178,4.583927049184706,0.16667417626087122,25,6.34709177375469,,0,178.0,5.187385805840755
9423_TUBE1_P1P2_ENSG00000074935,TUBE1,ENSG00000074935,3101,119,11485,1.1699150936727687,1.178570724014802,0.1571558477694601,0.9416329941465077,1.414113704945695,0.2604792356286445,25,2.784076193104808,,0,3.0,1.3862943611198906
9424_TUBG1_P1P2_ENSG00000131462,TUBG1,ENSG00000131462,7076,139,11485,3.4152063348396395,3.380820972128957,0.10544834598464477,3.1946630392774042,3.510986648879442,0.11999102814393181,25,5.017275422300042,,0,1274.0,7.150701457592526
9425_TUBGCP2_P1P2_ENSG00000130640,TUBGCP2,ENSG00000130640,4671,166,11485,3.8537266340899463,3.8407394512554687,0.1354213941775122,3.6251890628026304,4.028345209935848,0.19536358618004357,25,5.676860925436023,,0,2103.0,7.651595573857601
9426_TUBGCP3_P1P2_ENSG00000126216,TUBGCP3,ENSG00000126216,5835,70,11485,1.826047027360043,1.7633608400052743,0.20368956667158203,1.4238899370678522,1.9951709048869823,0.3457865109763745,25,2.7786766011919695,,0,1639.0,7.402451520818244
9427_TUBGCP4_P1P2_ENSG00000137822,TUBGCP4,ENSG00000137822,6212,102,11485,1.4138663743381794,1.3944738926704474,0.5252471809763918,0.5865916132791997,2.0687537618324936,0.6873960202963414,25,2.810250478548623,,0,1934.0,7.5678626054638825
9428_TUBGCP5_P1P2_ENSG00000275835,TUBGCP5,ENSG00000275835,6148,96,11485,2.0587923341104615,2.0640538269455275,0.21294239647397503,1.7958438768456555,2.3303388869599826,0.3303872352379944,25,3.412024593811931,,0,1811.0,7.502186486602925
9430_TUFM_P1P2_ENSG00000178952,TUFM,ENSG00000178952,6590,176,11485,4.145867343170248,4.1227227294265845,0.09701776630920338,3.9475409201152925,4.24260399910073,0.11806875270190265,25,6.0393470463998575,,0,17.0,2.8903717578961645
9439_TWF1_P1P2_ENSG00000151239,TWF1,ENSG00000151239,5308,686,11485,3.309614444170991,3.2781983594780923,0.18738795248613302,2.9282964223615364,3.5057765730543973,0.2500639862860554,25,6.4816182408418745,2.4898273133026074,42,3.0,1.3862943611198906
944_TWNK_P1P2_ENSG00000107815,TWNK,ENSG00000107815,4566,95,11485,1.533328927680698,1.365503976956178,0.34427584075377143,0.888773946215635,1.7381025610010192,0.5662930902914958,25,2.7585471956748284,,0,26.0,3.295836866004329
9457_TXNL4A_P1P2_ENSG00000141759,TXNL4A,ENSG00000141759,7457,33,11485,3.73706949006126,3.7446384997730373,0.09713072178864049,3.6139079986914786,3.9142556478473374,0.12765617995020628,25,3.979536019268094,,0,253.0,5.537334267018537
9458_TXNL4B_P1P2_ENSG00000140830,TXNL4B,ENSG00000140830,6753,174,11485,0.5437537101779497,0.7063223015135485,0.5401642395847476,0.0,1.47376247621755,0.9593611108126165,25,2.669169220037637,,0,268.0,5.594711379601839
9461_TXN_P1P2_ENSG00000136810,TXN,ENSG00000136810,4135,82,11485,4.636051037754318,4.639845959703971,0.055632309193489396,4.582079384088632,4.710469007688481,0.07683329032789654,25,6.046136152916572,,0,17.0,2.8903717578961645
9462_TYK2_P1P2_ENSG00000105397,TYK2,ENSG00000105397,7595,60,11485,0.43460457612929915,0.47603502868139047,0.4579864118959724,0.0,1.2807466011119883,0.6341294621761671,25,1.3584454548772198,,0,1374.0,7.226209010100671
9474_U2AF2_P1P2_ENSG00000063244,U2AF2,ENSG00000063244,7943,43,11485,1.3101397019518306,1.2402540060586045,0.551366358960752,0.3698104810331315,1.93171333465243,1.011866781482809,25,1.7205283944513865,,0,976.0,6.884486652042782
9475_U2SURP_P1P2_ENSG00000163714,U2SURP,ENSG00000163714,1871,39,11485,3.7170362339404517,3.749782107858928,0.1361754662515069,3.5526651954622106,3.9437372519145804,0.1892442372944041,25,4.1575665792804655,,0,1658.0,7.413970290190444
9477_UBA1_P2_ENSG00000130985,UBA1,ENSG00000130985,8536,40,11485,0.0,0.06878745708423856,0.20691764531911894,0.0,0.3783679877682801,0.0,25,0.0,,0,6.0,1.9459101490553132
9478_UBA1_P1_ENSG00000130985,UBA1,ENSG00000130985,8536,56,11485,3.094628177870942,3.0938645319446505,0.20518892708703113,2.750317065420794,3.374855621484396,0.3347297607039028,25,3.8914429170505342,,0,400.0,5.993961427306569
9479_UBA2_P1P2_ENSG00000126261,UBA2,ENSG00000126261,7742,156,11485,3.488246666486213,3.455825935641818,0.16601386438079152,3.2039745815466056,3.6862298486213136,0.30877242543963,25,5.242781515783078,,0,1528.0,7.332369205929062
9480_UBA3_P1P2_ENSG00000144744,UBA3,ENSG00000144744,1711,61,11485,2.6029223637294576,2.5845392476205635,0.17047458302011967,2.2674705857312096,2.7976216334148125,0.1829385906894272,25,3.40701403602921,,0,1277.0,7.15305163493748
9481_UBA52_P2_ENSG00000221983,UBA52,ENSG00000221983,7702,101,11485,3.3604671723936446,3.2642206318643128,0.27134901698103137,2.831541363819991,3.5887030802993825,0.4835455909451247,25,4.672139468861821,,0,453.0,6.118097198041348
9482_UBA52_P1_ENSG00000221983,UBA52,ENSG00000221983,7702,55,11485,4.587381352022959,4.586409594540612,0.05091908194383422,4.516731993192095,4.667227804370964,0.0643065184999525,25,5.678207617167111,,0,1487.0,7.305188215393037
9483_UBA5_P1P2_ENSG00000081307,UBA5,ENSG00000081307,1836,72,11485,2.4324146249307677,2.4104759464322787,0.21916867836412957,2.079130551488865,2.722540766220032,0.2900332658854814,25,3.4068003250387933,,0,137.0,4.927253685157205
9489_UBAP1_P1P2_ENSG00000165006,UBAP1,ENSG00000165006,4007,30,11485,2.130816927845799,2.1233320022759568,0.07457006592046411,2.007228220950143,2.248567294412589,0.07508597987088095,25,2.2559910972056643,,0,719.0,6.579251212010101
9505_UBE2H_P1P2_ENSG00000186591,UBE2H,ENSG00000186591,3560,97,11485,3.1798628214594777,3.151401335121481,0.08434091146758718,2.9940183118032024,3.239597451266054,0.08757614335531239,25,4.404376514707966,,0,440.0,6.089044875446846
9506_UBE2I_P1P2_ENSG00000103275,UBE2I,ENSG00000103275,6455,74,11485,3.98381423293945,3.9271963487614236,0.1514866642088106,3.7370790033743253,4.125174216775324,0.20033100886888233,25,4.956451888578781,,0,1897.0,7.5485559791698735
9510_UBE2L3_P1P2_ENSG00000185651,UBE2L3,ENSG00000185651,8304,129,11485,4.229973347034498,4.22886726433052,0.08236275859385445,4.104700199116413,4.356641863981161,0.07666926575709532,25,5.872197605069124,,0,787.0,6.669498089857879
9512_UBE2M_P1P2_ENSG00000130725,UBE2M,ENSG00000130725,7966,279,11485,3.8480800152843466,3.8157595903383896,0.18979718987150265,3.4741689702004295,4.016728936626626,0.23423106649294345,25,6.175360987262871,2.31942117595803,3,1427.0,7.2640301428995295
9513_UBE2N_P1P2_ENSG00000177889,UBE2N,ENSG00000177889,5502,121,11485,3.69854979535975,3.6913640333439877,0.16139842753897854,3.525821076385322,3.8776426259340564,0.18988142840805677,25,5.243906583198811,,0,147.0,4.997212273764115
9523_UBE2Z_P1P2_ENSG00000159202,UBE2Z,ENSG00000159202,7135,71,11485,3.1743370135058657,3.183543230567342,0.15462784939124205,2.9251552062446877,3.4206594876643917,0.22367995562710785,25,4.214788885729718,,0,1.0,0.6931471805599453
9526_UBE3C_P1P2_ENSG00000009335,UBE3C,ENSG00000009335,3634,86,11485,2.605735656069352,2.5869592600956968,0.15231783690851275,2.315967279364694,2.7662213902499526,0.20808917765384916,25,3.7642641878680974,,0,436.0,6.07993319509559
952_NKAPD1_P1P2_ENSG00000150776,NKAPD1,ENSG00000150776,5110,118,11485,2.5273402750719987,2.5080433137359743,0.0956038159951374,2.3909921061453976,2.6354268847725995,0.1079343455244639,25,3.997214439755098,,0,604.0,6.405228458030842
9534_UBL5_P1P2_ENSG00000198258,UBL5,ENSG00000198258,7585,126,11485,4.364245561576241,4.351287479879382,0.12575871910318062,4.1902483336268395,4.5074096280138995,0.1444473701785869,25,5.957967157767026,,0,3153.0,8.056426767522984
9543_UBQLN4_P1P2_ENSG00000160803,UBQLN4,ENSG00000160803,603,48,11485,1.0754955180955397,0.9916208932457187,0.5809377500500961,0.022459100844711144,1.7548304513959005,0.5792407106493191,25,1.6990438280823066,,0,102.0,4.634728988229636
9547_UBR4_P1P2_ENSG00000127481,UBR4,ENSG00000127481,96,73,11485,2.616410597674874,2.565242553055197,0.13405589258405587,2.358297954527288,2.7351515167779237,0.23119328700477215,25,3.5959223470099606,,0,359.0,5.886104031450156
9548_UBR5_P1P2_ENSG00000104517,UBR5,ENSG00000104517,3860,105,11485,3.049710034235794,3.0529080920759153,0.11535491282858047,2.8904566106201557,3.211674563980511,0.2107417004567873,25,4.43118586890967,,0,211.0,5.356586274672012
9550_UBTF_P1P2_ENSG00000108312,UBTF,ENSG00000108312,7099,297,11485,1.027669983677532,0.9360392552277085,0.7893739544094027,0.0,2.220703068941885,1.3753507111797667,25,3.2220399678830316,,2,53.0,3.9889840465642745
9563_UCHL5_P1P2_ENSG00000116750,UCHL5,ENSG00000116750,710,86,11485,3.164125476344876,3.1704398713672464,0.10023455094385476,3.0072524432810304,3.304584487940071,0.1809537806575654,25,4.35525540377063,,0,53.0,3.9889840465642745
9570_UFL1_P1P2_ENSG00000014123,UFL1,ENSG00000014123,3065,115,11485,2.8729744598021605,2.8656943493988036,0.14802096608563317,2.6272068630392136,3.0645457814405295,0.22213897352835987,25,4.337797012121722,,0,182.0,5.209486152841421
9571_UFM1_P1P2_ENSG00000120686,UFM1,ENSG00000120686,5737,44,11485,3.161632183766277,3.162007555885083,0.05772193028954961,3.0560673847314987,3.221011839368932,0.06313221930759472,25,3.661146001126703,,0,132.0,4.890349128221754
9583_UHRF1_P1P2_ENSG00000276043,UHRF1,ENSG00000276043,7539,107,11485,2.590117353940732,2.5588564055739194,0.19006111050134739,2.263730439424296,2.7740747501568026,0.13387115104496417,25,3.98118972813452,,0,810.0,6.698268054115413
9587_UMPS_P1P2_ENSG00000114491,UMPS,ENSG00000114491,1802,83,11485,2.759651531864777,2.724942058525252,0.11414054035749552,2.5577287693583894,2.8487767752486985,0.18741835893899106,25,3.897766104047144,,0,2.0,1.0986122886681096
9592_UNC45A_P1_ENSG00000140553,UNC45A,ENSG00000140553,6411,34,11485,1.921632113206123,1.920915653650464,0.32623274105035877,1.5098557085352726,2.396431041111379,0.35608392463412386,25,2.1466840672560172,,0,282.0,5.645446897643238
9593_UNC45A_P2_ENSG00000140553,UNC45A,ENSG00000140553,6411,77,11485,0.0,0.03744299073425892,0.11260466792958401,0.0,0.2878520440843853,0.0,25,0.0,,0,2.0,1.0986122886681096
9594_UNC50_P1P2_ENSG00000115446,UNC50,ENSG00000115446,1151,32,11485,2.6402894835781976,2.628285546043027,0.0673400713275445,2.4993462855747115,2.713484193199994,0.06657518216762881,25,2.807560541498737,,0,2.0,1.0986122886681096
9600_UPF1_P1P2_ENSG00000005007,UPF1,ENSG00000005007,7704,46,11485,2.3373177959612104,2.3497640580517274,0.06432119296407564,2.2609355565152813,2.4669665635958298,0.06375140188977424,25,2.894133816915157,,0,1936.0,7.5688956634069955
9601_UPF2_P1P2_ENSG00000151461,UPF2,ENSG00000151461,4327,113,11485,2.053137843980695,2.011068377516112,0.43779923837862755,1.4585406444305238,2.5784134718295793,0.4807602284252446,25,3.5292656907768483,,0,1818.0,7.506042178518122
9602_UPF3A_P1P2_ENSG00000169062,UPF3A,ENSG00000169062,5847,33,11485,3.3909704353265817,3.385141502782032,0.06318541306358276,3.3008730940476867,3.4821562376754014,0.10477932483533214,25,3.6138402692426084,,0,129.0,4.867534450455582
9609_UQCRB_P1P2_ENSG00000156467,UQCRB,ENSG00000156467,3840,119,11485,4.248320938325108,4.231996104107396,0.23028116486039177,3.8329758888385674,4.561843071472442,0.224311024426048,25,5.944586990343984,,1,126.0,4.844187086458591
9610_UQCRC1_P1_ENSG00000010256,UQCRC1,ENSG00000010256,1625,82,11485,3.97402158762328,3.9783763358558746,0.06908142275734885,3.888802811406358,4.089772604596191,0.09827186186075787,25,5.13586729169272,,0,12.0,2.5649493574615367
9611_UQCRC1_P2_ENSG00000010256,UQCRC1,ENSG00000010256,1625,106,11485,1.1742188405232898,1.1492542648602482,0.5707528467964299,0.0592147980733924,2.127544549306354,0.6123384494712761,25,2.457352026317629,,0,7.0,2.0794415416798357
9612_UQCRC2_P1P2_ENSG00000140740,UQCRC2,ENSG00000140740,6566,68,11485,3.6113755750030903,3.5824818877307654,0.06890406477611495,3.4617424775393406,3.669306514997046,0.1145062903527303,25,4.511225892135132,,0,6.0,1.9459101490553132
9613_UQCRFS1_P1P2_ENSG00000169021,UQCRFS1,ENSG00000169021,7727,32,11485,4.039687028249828,4.055184508579814,0.06857932020710075,3.9582217217397986,4.1537793952119015,0.08385221853119784,25,4.281237240699532,,0,286.0,5.659482215759621
9615_UQCRH_P1P2_ENSG00000173660,UQCRH,ENSG00000173660,295,51,11485,4.5292321704088225,4.535275723044415,0.07317513173883035,4.438667967517723,4.667289036040809,0.11702447004931393,25,5.472830442690602,,0,1.0,0.6931471805599453
9616_UQCRQ_P1P2_ENSG00000164405,UQCRQ,ENSG00000164405,2596,66,11485,4.451552652532127,4.448575459084066,0.0971453979351773,4.293342440657674,4.582860156530584,0.14632625118939746,25,5.443148519659437,,0,162.0,5.093750200806762
9617_URB1_P1P2_ENSG00000142207,URB1,ENSG00000142207,8212,27,11485,2.241147253533335,2.241834897308513,0.08472000223134875,2.090584169505861,2.3614655218376726,0.09325092550631497,25,2.2608018330890984,,0,876.0,6.776506992372183
9621_URI1_P1P2_ENSG00000105176,URI1,ENSG00000105176,7730,86,11485,3.4055007725898863,3.396415082591117,0.1120082379010569,3.2215465096296056,3.552810543988612,0.18506302880314074,25,4.581347231795124,,0,1640.0,7.403061091090091
9622_URM1_P1P2_ENSG00000167118,URM1,ENSG00000167118,4210,69,11485,2.822532611935739,2.7851082159717038,0.18337054334759353,2.500637013547053,3.0692577095540274,0.2822850096752001,25,3.729355008850645,,0,1149.0,7.047517221357296
9623_UROD_P1P2_ENSG00000126088,UROD,ENSG00000126088,283,250,11485,3.464251118718141,3.4324673537342205,0.13016458534609543,3.2041453682947214,3.583776940861982,0.14258964484423675,25,5.672825125829178,,0,186.0,5.231108616854587
9628_USF2_P1P2_ENSG00000105698,USF2,ENSG00000105698,7748,105,11485,2.5038597747250413,2.4610592036494436,0.4157363975840151,1.6104314655728391,2.9508789635939046,0.5020148355619805,25,3.9087056899968555,,0,369.0,5.91350300563827
9631_USP10_P1P2_ENSG00000103194,USP10,ENSG00000103194,6784,78,11485,3.098969100646969,3.0877648020247177,0.12940775763994794,2.8262036662842367,3.254502353622386,0.15201171345935194,25,4.140267807095996,,0,712.0,6.569481420414296
9635_USP14_P1P2_ENSG00000101557,USP14,ENSG00000101557,7325,188,11485,3.9804117623441826,3.9823492460533187,0.09684597476721095,3.802898108700275,4.115148238189378,0.1276504786533179,25,5.973927051635826,,0,2017.0,7.609862200913554
9655_USP39_P2_ENSG00000168883,USP39,ENSG00000168883,1118,87,11485,0.0,0.32611931082538403,0.5010635658242572,0.0,1.2562549605023519,0.8168735145750017,25,0.9784906212063258,,0,2.0,1.0986122886681096
9656_USP39_P1_ENSG00000168883,USP39,ENSG00000168883,1118,35,11485,2.3327001975300163,2.309461907477775,0.18821346149635756,2.042381363402856,2.5307511790868054,0.3380443500944743,25,2.5810281625616964,,0,1653.0,7.4109518755836366
9672_USP5_P1_ENSG00000111667,USP5,ENSG00000111667,5219,58,11485,3.0666179557407216,3.0980565341478963,0.11604578860799726,2.9224763186957294,3.2835214802515584,0.14927615957636498,25,3.895931794118373,,0,1985.0,7.593877844605118
9673_USP5_P2_ENSG00000111667,USP5,ENSG00000111667,5219,116,11485,0.8479295408898027,0.8926967579246052,0.7345747924351659,0.0,2.1555426805247375,1.3796056028896633,25,2.1763111174666325,,0,1.0,0.6931471805599453
9675_USP7_P1P2_ENSG00000187555,USP7,ENSG00000187555,6527,88,11485,1.3422547780979124,1.2911571445247225,0.5910749598971891,0.29805669661017614,2.162390604168733,0.7379869718573864,25,2.6898608464198435,,0,491.0,6.198478716492308
9676_USP8_P1P2_ENSG00000138592,USP8,ENSG00000138592,6241,47,11485,2.942296072116932,2.956545689047658,0.10923343244227841,2.801134678233269,3.1232973287581522,0.15472449235097718,25,3.513203112513211,,0,922.0,6.827629234502852
9677_USP9X_P1P2_ENSG00000124486,USP9X,ENSG00000124486,8526,125,11485,3.3979000279260805,3.354842112604048,0.20123745312262545,2.988057209634969,3.609254673051041,0.2140147652988964,25,4.925706009401215,,0,252.0,5.53338948872752
9678_USPL1_P1P2_ENSG00000132952,USPL1,ENSG00000132952,5722,36,11485,1.2001812185300396,1.2180900442618396,0.13078844556787514,1.029072547778259,1.4165864784160482,0.23052203390825032,25,1.5119997671244745,,0,314.0,5.752572638825633
9682_UTP15_P1P2_ENSG00000164338,UTP15,ENSG00000164338,2474,34,11485,2.0754958858985812,2.091387914909898,0.07432909986508413,1.9770283085319753,2.2197935334315204,0.06954443068121385,25,2.3252887833252602,,0,1335.0,7.197435354096591
9683_UTP18_P1P2_ENSG00000011260,UTP18,ENSG00000011260,7158,51,11485,2.9633399809160785,2.9573462683194953,0.11928871930650145,2.7476591845003986,3.1141620647132537,0.191944131579163,25,3.6445864765629703,,0,1654.0,7.411556287811163
9684_UTP20_P1P2_ENSG00000120800,UTP20,ENSG00000120800,5526,32,11485,2.549351761638884,2.5599523078149193,0.10362226076195641,2.428945348614564,2.7071531872706593,0.16246336614928625,25,2.743191868761307,,0,1127.0,7.028201432058005
9685_UTP23_P1P2_ENSG00000147679,UTP23,ENSG00000147679,3878,49,11485,1.9667148163863257,1.9838459893338882,0.19237866395605915,1.726236366032197,2.2682571694320095,0.30686508472770324,25,2.632664626748724,,0,871.0,6.77078942390898
9686_UTP3_P1P2_ENSG00000132467,UTP3,ENSG00000132467,2130,63,11485,2.0621875727139938,1.9950465971940725,0.42126987914707587,1.414223858995583,2.514710915605101,0.5361203676907196,25,2.9765320766033354,,0,681.0,6.525029657843462
9690_UXS1_P1P2_ENSG00000115652,UXS1,ENSG00000115652,1169,166,11485,2.290420291372673,2.2475145623875954,0.26128064109683813,1.7402797764588964,2.5822511251176916,0.36383332645531397,25,3.995348948157649,,0,38.0,3.6635616461296463
9691_UXT_P1P2_ENSG00000126756,UXT,ENSG00000126756,8542,64,11485,3.7205958133980235,3.7316752694276447,0.0909573858037347,3.6048794234252646,3.8517498512580364,0.16254023842400134,25,4.615118812974325,,0,1184.0,7.077498053569231
9703_VARS_P1P2_ENSG00000204394,VARS,ENSG00000204394,2894,87,11485,2.706305382821842,2.702953006630432,0.2373183589373484,2.2508673412586964,2.9866779844401705,0.2739078875033836,25,3.9247078998756013,,0,2368.0,7.7702232041587855
9709_VBP1_P1P2_ENSG00000155959,VBP1,ENSG00000155959,8734,83,11485,3.26824169135035,3.2848390496595736,0.12376028216326221,3.134008392114451,3.494725719995766,0.12675818159359142,25,4.41332450207865,,0,15.0,2.772588722239781
9712_VCP_P1P2_ENSG00000165280,VCP,ENSG00000165280,4013,30,11485,2.8769000358064787,2.9004649667041718,0.15762354809210277,2.6694599214638473,3.1668291225563223,0.1820450399514555,25,3.0750912460299675,,0,458.0,6.129050210060545
9722_VEZT_P1P2_ENSG00000028203,VEZT,ENSG00000028203,5509,111,11485,2.685376785556929,2.6728292249612577,0.20189562249149878,2.353444560420421,2.9614960587961923,0.2641692102000883,25,4.107399633481604,,0,3.0,1.3862943611198906
9725_VHL_P1P2_ENSG00000134086,VHL,ENSG00000134086,1508,63,11485,1.072513774113113,1.0992656057823351,0.4744469209982127,0.36032070385797604,1.6770846256378942,0.740084780873927,25,2.0365557778668126,,0,107.0,4.68213122712422
9734_VMP1_P1P2_ENSG00000062716,VMP1,ENSG00000062716,7183,55,11485,0.0,0.09412098665265083,0.2018880290903105,0.0,0.5381815612638368,0.0,25,0.0,,0,133.0,4.897839799950911
9741_VPS13D_P1P2_ENSG00000048707,VPS13D,ENSG00000048707,76,97,11485,1.632410784355003,1.59911374371942,0.3483840171087972,0.9415643193492628,2.049757934706724,0.47303108412573236,25,2.995720714097379,,0,513.0,6.2422232654551655
9743_VPS18_P1P2_ENSG00000104142,VPS18,ENSG00000104142,6189,80,11485,1.26242165727528,1.202758540479064,0.44490246268282313,0.4856132890146712,1.6829017563301336,0.6689162441448406,25,2.346240146303165,,0,301.0,5.71042701737487
9744_VPS25_P1P2_ENSG00000131475,VPS25,ENSG00000131475,7079,108,11485,3.369948414268209,3.346602402396254,0.16257931232275635,3.008768367187878,3.5408015065106757,0.218737841088132,25,4.768024886227009,,0,279.0,5.634789603169249
9747_VPS28_P1P2_ENSG00000160948,VPS28,ENSG00000160948,3940,51,11485,3.5541563797349203,3.5390923883444554,0.10352883250523837,3.397610967764881,3.6661448119939597,0.11888617883659247,25,4.2068103849650615,,0,1548.0,7.3453648404168685
9748_VPS29_P1P2_ENSG00000111237,VPS29,ENSG00000111237,5577,98,11485,3.9300767565842,3.8914258845163556,0.12694329257438036,3.6660765810371845,4.053845028115429,0.12905637150595206,25,5.230278589201409,,0,123.0,4.820281565605037
9749_VPS33A_P1P2_ENSG00000139719,VPS33A,ENSG00000139719,5638,65,11485,1.9801151072598713,1.8724442160834949,0.21726829299573766,1.5368837956930705,2.1075823059074716,0.3251545204291404,25,2.829531714168134,,0,144.0,4.976733742420574
9751_VPS35_P1P2_ENSG00000069329,VPS35,ENSG00000069329,6641,136,11485,3.7018349632797087,3.6817683434396646,0.15267881177461334,3.4070446149058418,3.9400382733721857,0.15710939376970545,25,5.344712033163657,,0,1587.0,7.370230641807081
9753_VPS37A_P1P2_ENSG00000155975,VPS37A,ENSG00000155975,3661,144,11485,2.196198241333433,2.1735711654102094,0.4380794702141953,1.3984722029153736,2.6758705269456797,0.6730629310726424,25,3.882052932215167,,0,23.0,3.1780538303479458
9757_VPS41_P1_ENSG00000006715,VPS41,ENSG00000006715,3323,203,11485,2.57745660301834,2.5563667161210417,0.17099364266627876,2.2057129384734746,2.7653337336294452,0.19581249694293756,25,4.551310197841658,,0,331.0,5.805134968916488
9758_VPS41_P2_ENSG00000006715,VPS41,ENSG00000006715,3323,69,11485,0.0,0.29795143613958774,0.5188773978289649,0.0,1.5333543917597983,0.5301880738495452,25,0.0,,0,4.0,1.6094379124341003
9762_VPS51_P1P2_ENSG00000149823,VPS51,ENSG00000149823,4927,48,11485,2.5525968049740166,2.5506198809010523,0.05603938559688836,2.470245186919736,2.6497389233324777,0.05027798466878819,25,3.1361750416205516,,0,5.0,1.791759469228055
9765_VPS54_P1P2_ENSG00000143952,VPS54,ENSG00000143952,1050,232,11485,1.4288161752877007,1.2655515281120115,0.38645393225630686,0.4266378496843035,1.572553027890659,0.2584089295230654,25,3.485862880433898,,0,356.0,5.877735781779639
9766_VPS72_P1P2_ENSG00000163159,VPS72,ENSG00000163159,543,89,11485,2.247372675130685,2.150693690345292,0.19931268788813317,1.879199771792634,2.3592129363622876,0.33800529630477194,25,3.437550973746775,,0,1382.0,7.232010331664759
976_RTRAF_P1P2_ENSG00000087302,RTRAF,ENSG00000087302,5954,197,11485,4.358689273108917,4.351668212894368,0.06278620408455629,4.268739593226456,4.435891874167789,0.08830825177687718,25,6.373937726795618,,0,3876.0,8.262816937670928
9779_INTS14_P1P2_ENSG00000138614,INTS14,ENSG00000138614,6300,134,11485,1.8517038817764528,1.7436072728468262,0.29441336391112255,1.3370450806077634,2.0525566390112755,0.45776368028960013,25,3.419803869481074,,0,776.0,6.655440350367647
9780_INTS14_P1P2_ENSG00000138614,INTS14,ENSG00000138614,6300,72,11485,1.9492479298764445,1.9454964163405182,0.08027145431867727,1.8346610102929402,2.066979934617323,0.14172557718170653,25,2.9521102848165133,,0,1161.0,7.057897937411856
9781_INTS14_P1P2_ENSG00000138614,INTS14,ENSG00000138614,6300,149,11485,1.868511130176212,1.7725102368853956,0.27895926443810115,1.2029954517916832,2.016174614532297,0.28045320300967447,25,3.5486414872937684,,0,711.0,6.568077911411976
9783_WAC_P1P2_ENSG00000095787,WAC,ENSG00000095787,4372,115,11485,2.6109544391523274,2.5601337760078673,0.34052181148258154,1.974953611984198,2.9561039133423854,0.41341550659088977,25,4.175680671393818,,0,900.0,6.803505257608338
9785_WARS_P1P2_ENSG00000140105,WARS,ENSG00000140105,6108,61,11485,2.4800324931581024,2.44670371437473,0.22821087537448842,2.1717168029181386,2.7206020390516588,0.300053548796126,25,3.285213230422234,,0,1336.0,7.198183577101943
9790_WBP11_P1_ENSG00000084463,WBP11,ENSG00000084463,5252,69,11485,3.4884244449517072,3.4917752892696545,0.15796919111281443,3.3009396105363367,3.760682803213315,0.2579513234430335,25,4.451505322391446,,0,1792.0,7.491645473605133
9791_WBP11_P2_ENSG00000084463,WBP11,ENSG00000084463,5252,99,11485,1.5508413456564067,1.474490169918581,0.6965822997558927,0.044964032842811114,2.3717715767716783,0.8019265614096875,25,2.8533438074292206,,0,2.0,1.0986122886681096
9792_WBP1L_P1P2_ENSG00000166272,WBP1L,ENSG00000166272,4589,121,11485,0.0,0.19061917976488293,0.4269860623775676,0.0,1.0582332480118501,0.07857712767858688,25,1.4659094137497444,,0,0.0,0.0
9793_WBP1_P1P2_ENSG00000239779,WBP1,ENSG00000239779,1097,56,11485,2.41923619853828,2.420378116830546,0.15858414095882853,2.1749737202702732,2.6675458786120942,0.2741402775534225,25,3.1520115845587133,,0,0.0,0.0
9801_WDFY3_P1P2_ENSG00000163625,WDFY3,ENSG00000163625,2173,54,11485,1.901444684594972,1.785370316042777,0.24525490468487354,1.3901482174715503,2.0726482421480448,0.41528780000129784,25,2.477375076031468,,0,164.0,5.10594547390058
9802_WDHD1_P1P2_ENSG00000198554,WDHD1,ENSG00000198554,5969,40,11485,2.3997818620790423,2.3955695538172885,0.05089329146636751,2.3079402442207773,2.4596148748437434,0.07264611306731661,25,2.8137089231542625,,0,481.0,6.1779441140506
9804_WDR12_P1P2_ENSG00000138442,WDR12,ENSG00000138442,1366,42,11485,2.711524083303964,2.7038582411979535,0.10516018345243054,2.531220962897697,2.86135030518946,0.15256088672528767,25,3.1633683630125673,,0,1363.0,7.218176838403408
9806_WDR18_P1P2_ENSG00000065268,WDR18,ENSG00000065268,7471,81,11485,2.503747704699371,2.43184018492989,0.3104549285108764,1.8553442059438927,2.773814774326983,0.354838970681302,25,3.6126094001798044,,0,1682.0,7.428333194190806
9808_WDR1_P1P2_ENSG00000071127,WDR1,ENSG00000071127,2047,44,11485,3.5600628590281373,3.5815019089365294,0.1613273439719287,3.4093366139798893,3.916692821986203,0.15348550440036268,25,4.170616965186976,,0,286.0,5.659482215759621
9811_WDR25_P1P2_ENSG00000176473,WDR25,ENSG00000176473,6109,39,11485,0.43298122751779644,0.6434281382744544,0.5589757259776087,0.0,1.3713202301988077,1.0886608049934103,25,1.0062227379778665,,0,716.0,6.57507584059962
9812_WDR26_P1P2_ENSG00000162923,WDR26,ENSG00000162923,801,51,11485,1.8156203861041527,1.7953079435717214,0.40022662146728966,1.291285456749739,2.2316175457617953,0.46862331300427273,25,2.5181376632860926,,0,1060.0,6.966967138613983
9814_WDR33_P1P2_ENSG00000136709,WDR33,ENSG00000136709,1211,34,11485,2.7843922306110964,2.812912225339543,0.11849021031408076,2.665982192297154,3.0484903236244,0.15152291100639292,25,3.068216931667899,,0,1312.0,7.180069874302796
9820_WDR43_P1P2_ENSG00000163811,WDR43,ENSG00000163811,959,33,11485,3.2998583635652237,3.307215537549876,0.0959348855000627,3.1758646654785965,3.4519528170107066,0.09665920326826827,25,3.549470699014121,,0,1816.0,7.504942068396171
9821_WDR44_P1P2_ENSG00000131725,WDR44,ENSG00000131725,8652,92,11485,1.3619948078381037,1.4474915635099668,0.4101547751843078,0.7058945820934099,2.0445681675505223,0.5184036986327949,25,2.701038227681428,,0,213.0,5.365976015021851
9826_WDR4_P1P2_ENSG00000160193,WDR4,ENSG00000160193,8250,141,11485,1.763960380728841,1.6621181696218548,0.26903083819118884,1.1501232475157166,1.911094056071024,0.1469975753990871,25,3.4172422762037704,,0,79.0,4.382026634673881
9828_WDR54_P1P2_ENSG00000005448,WDR54,ENSG00000005448,1095,246,11485,3.4289010709485503,3.4405656095234383,0.09598764272849153,3.28792728839959,3.5664764830267357,0.1414358653784591,25,5.626032730613521,,0,5.0,1.791759469228055
9831_WDR5_P1P2_ENSG00000196363,WDR5,ENSG00000196363,4264,51,11485,2.130816927845799,2.0373799644917847,0.2207261322570006,1.735689964464071,2.287669764718478,0.35666681270261824,25,2.7396510058858854,,0,778.0,6.658011045870748
9833_WDR61_P1P2_ENSG00000140395,WDR61,ENSG00000140395,6365,60,11485,2.963915716751977,2.9577521328866823,0.09620195424715527,2.8093423640522244,3.093484232459483,0.14389296971061105,25,3.776267927393556,,0,560.0,6.329720905522696
9837_WDR70_P1P2_ENSG00000082068,WDR70,ENSG00000082068,2394,144,11485,0.9631145928563587,1.1022656398331312,0.5701815326867063,0.3291646239325619,1.9450288859557217,0.7609764125751106,25,3.0031243146752296,,0,3510.0,8.163656176168432
9840_WDR74_P2_ENSG00000133316,WDR74,ENSG00000133316,4891,60,11485,0.0,0.20052132659698196,0.40891860985321743,0.0,1.0792799502290191,0.04437779138619091,25,0.0,,0,0.0,0.0
9843_WDR77_P1P2_ENSG00000116455,WDR77,ENSG00000116455,467,111,11485,1.9663201426836683,1.8239861174415324,0.36840308401173505,1.261161914183812,2.3649099459973613,0.5424846531378398,25,3.3700160874651237,,0,747.0,6.617402977974478
9848_WDR83OS_P1P2_ENSG00000105583,WDR83OS,ENSG00000105583,7624,100,11485,4.073946258729735,4.06463073805121,0.09770963367680206,3.921181706238328,4.179246148958201,0.09766073508109141,25,5.4393537065201585,,0,48.0,3.8918202981106265
9855_WDTC1_P1P2_ENSG00000142784,WDTC1,ENSG00000142784,151,71,11485,1.1387595214911832,0.9148380815743624,0.505982108673187,0.03636974391982908,1.4669259506046712,0.9233077439800453,25,2.088003782824629,,0,246.0,5.5093883366279774
9857_WEE1_P1P2_ENSG00000166483,WEE1,ENSG00000166483,4741,73,11485,2.366888286034059,2.235635296124334,0.405980425173454,1.415147938815499,2.597041356252358,0.3548310719917809,25,3.348474606013344,,0,3331.0,8.111328003286733
9867_WNK1_P1P2_ENSG00000060237,WNK1,ENSG00000060237,5186,109,11485,3.6756000599026013,3.647327110730889,0.15592947525310125,3.394406864393973,3.854976736417671,0.2235426003194596,25,5.070269781901675,,0,147.0,4.997212273764115
9875_GET1_P1P2_ENSG00000182093,GET1,ENSG00000182093,8246,113,11485,1.6235679202823252,1.424770176518301,0.699205988974486,0.14046741696135298,2.1930423368865313,1.0028222987389264,25,2.8026976455387573,,0,43.0,3.784189633918261
9881_WTAP_P1P2_ENSG00000146457,WTAP,ENSG00000146457,3204,384,11485,2.887055340746105,2.923707611954277,0.2767502626963881,2.5571350548413387,3.2854349580060505,0.3827158312807297,25,5.662969623593993,1.9681806722993596,12,3464.0,8.150467911624004
9896_XPO1_P1P2_ENSG00000082898,XPO1,ENSG00000082898,1043,46,11485,3.4311005931441496,3.4042556029159976,0.1429750708739501,3.187657530341841,3.6107639595237537,0.14957050812959904,25,3.9731938665696127,,0,1237.0,7.121252453244542
9898_XPO5_P1P2_ENSG00000124571,XPO5,ENSG00000124571,2986,164,11485,2.054106327048297,1.9598870175626877,0.22466804205807558,1.517468196166191,2.1375727605735446,0.12404078046885592,25,3.7904750864267536,,0,354.0,5.872117789475416
9903_XRCC1_P1P2_ENSG00000073050,XRCC1,ENSG00000073050,7826,107,11485,2.076485876232326,1.9970677233807879,0.29614662434580663,1.4686935835182031,2.4062834593663798,0.4656473752617267,25,3.469654258440907,,0,5.0,1.791759469228055
9904_XRCC2_P1P2_ENSG00000196584,XRCC2,ENSG00000196584,3628,93,11485,2.03965476212734,1.9278488755051588,0.22233542120317712,1.5702995601706888,2.1746285162872905,0.39996377840410746,25,3.1458180891044285,,0,7.0,2.0794415416798357
9907_XRCC5_P1P2_ENSG00000079246,XRCC5,ENSG00000079246,1392,56,11485,4.5637846356087035,4.576027023725545,0.06492284509506381,4.482376947225484,4.677069407525037,0.07644665796842709,25,5.500317370247337,,0,1029.0,6.937314081223682
9909_XRCC6_P1P2_ENSG00000196419,XRCC6,ENSG00000196419,8426,74,11485,4.303199355219337,4.3002103450141105,0.09158037765548663,4.146812722698838,4.418519815077283,0.12076732615564545,25,5.435555166428015,,0,1316.0,7.183111701743281
9910_XRN1_P1P2_ENSG00000114127,XRN1,ENSG00000114127,1868,51,11485,2.568238594182203,2.5603431059056687,0.16505043183405188,2.284212081360692,2.7723723531038664,0.24660580539567523,25,3.2511898781834345,,0,533.0,6.280395838960195
9916_YAE1_P1P2_ENSG00000241127,YAE1,ENSG00000241127,3324,40,11485,1.3166552100457825,1.2284224743978944,0.3097626005675603,0.6777771706716463,1.6289765512299696,0.4640641677468511,25,1.6257417930025617,,0,956.0,6.863803391452954
9918_YARS2_P1P2_ENSG00000139131,YARS2,ENSG00000139131,5299,92,11485,2.612991320316332,2.6399737362204423,0.2014487950278783,2.2818851071806536,2.946215963903547,0.25677484100221326,25,3.958906897901132,,0,14.0,2.70805020110221
9919_YARS_P1P2_ENSG00000134684,YARS,ENSG00000134684,198,98,11485,2.9102242674042555,2.860040545611022,0.22955855354427476,2.3929421840518175,3.160173134668515,0.21958485287029106,25,4.273154692358441,,0,1341.0,7.201916317531627
9921_YBX1_P1P2_ENSG00000065978,YBX1,ENSG00000065978,258,29,11485,4.513088075668808,4.516446157102082,0.02204172306927644,4.488273611033198,4.562075334941203,0.021195058589704274,25,5.034722686278536,,0,159.0,5.075173815233827
9923_YBX3_P1P2_ENSG00000060138,YBX3,ENSG00000060138,5237,69,11485,3.6136299322948298,3.67626733705211,0.2270821254076563,3.35362198675819,4.035205904187509,0.3372879400574984,25,4.699607625298649,,0,413.0,6.025865973825314
9925_YEATS2_P1P2_ENSG00000163872,YEATS2,ENSG00000163872,1945,72,11485,1.8236438352588393,1.7894929700431936,0.2920188462530183,1.3594481691885412,2.2494459924588313,0.38405917923637034,25,2.8936087365604015,,0,960.0,6.8679744089702925
9926_YEATS4_P1P2_ENSG00000127337,YEATS4,ENSG00000127337,5463,96,11485,2.6034730251904996,2.6021017512771816,0.14902280031565493,2.4126630640699993,2.793292811029133,0.25418085611037844,25,3.91083784373239,,0,840.0,6.734591659972948
9938_YKT6_P1P2_ENSG00000106636,YKT6,ENSG00000106636,3342,51,11485,2.9035032911827856,2.911264005452364,0.05519751447974562,2.8420390143952603,3.0040310925175393,0.08960160344649104,25,3.5721549637149836,,0,2238.0,7.713784616598755
9944_YPEL5_P1P2_ENSG00000119801,YPEL5,ENSG00000119801,961,75,11485,1.8995010819393532,1.8872486546595453,0.3228827846186439,1.3139929966078114,2.294616428454069,0.4466130699187687,25,2.991438937852192,,0,82.0,4.418840607796598
9945_YRDC_P1P2_ENSG00000196449,YRDC,ENSG00000196449,232,281,11485,2.573968179536803,2.5157769449756024,0.3079826357017134,2.10048430894819,2.8395048378745225,0.3276408464686411,25,4.901684455960588,,2,35.0,3.58351893845611
9946_YTHDC1_P1P2_ENSG00000083896,YTHDC1,ENSG00000083896,2128,205,11485,2.8662602680498086,2.8718399019141803,0.18800330679655416,2.5728872452459512,3.195001886438191,0.1509236718262752,25,4.848239689591255,,0,3573.0,8.181440695719374
9958_YY1_P1P2_ENSG00000100811,YY1,ENSG00000100811,6106,86,11485,3.1047866039911085,3.0975359122250037,0.2325907344146136,2.6621458889797003,3.4325264270319726,0.19231466739527248,25,4.2080319894020155,,0,656.0,6.487684018484611
9973_ZBTB17_P1P2_ENSG00000116809,ZBTB17,ENSG00000116809,85,115,11485,1.0567603197510151,0.7230380891720581,0.5385787180973144,0.0,1.283564169845953,0.9954456087105311,25,2.550894019797159,,0,48.0,3.8918202981106265
9974_ZBTB17_P1P2_ENSG00000116809,ZBTB17,ENSG00000116809,85,96,11485,1.1851527055817213,1.1929713941118456,0.09883999915855374,1.0567603197510151,1.337626803503201,0.14960151157858004,25,2.5598742848705163,,0,194.0,5.272999558563747
9975_ZBTB17_P1P2_ENSG00000116809,ZBTB17,ENSG00000116809,85,74,11485,0.23050786904072218,0.5483838163659313,0.5671165886895789,0.0,1.3322344372562296,1.1851428211172828,25,1.6359120805498195,,0,737.0,6.6039438246004725
9998_ZBTB44_P1P2_ENSG00000196323,ZBTB44,ENSG00000196323,5176,79,11485,1.8648424859280088,1.9117013927084998,0.2636013291812417,1.5206243400534423,2.2448720319294027,0.3915521063132821,25,2.9483186960940007,,0,457.0,6.126869184114185
