cell_id,orig_obs_idx,role,gene_transcript
k562_31,31,nt,NT_POOL
k562_63,63,nt,NT_POOL
k562_111,111,nt,NT_POOL
k562_115,115,perturbed,1032_C1QBP_P1P2_ENSG00000108561
k562_117,117,perturbed,10136_ZMAT2_P1_ENSG00000146007
k562_154,154,perturbed,10040_ZCCHC9_P1P2_ENSG00000131732
k562_157,157,nt,NT_POOL
k562_202,202,nt,NT_POOL
k562_303,303,perturbed,1022_C19orf53_P1P2_ENSG00000104979
k562_354,354,nt,NT_POOL
k562_423,423,nt,NT_POOL
k562_544,544,nt,NT_POOL
k562_644,644,perturbed,1032_C1QBP_P1P2_ENSG00000108561
k562_655,655,nt,NT_POOL
k562_699,699,nt,NT_POOL
k562_803,803,nt,NT_POOL
k562_832,832,nt,NT_POOL
k562_900,900,perturbed,10236_ZNF24_P1P2_ENSG00000172466
k562_976,976,perturbed,10280_ZNF317_P1P2_ENSG00000130803
k562_984,984,nt,NT_POOL
k562_1003,1003,perturbed,10152_ZNF100_P1P2_ENSG00000197020
k562_1040,1040,nt,NT_POOL
k562_1164,1164,nt,NT_POOL
k562_1247,1247,perturbed,1004_C17orf58_P1P2_ENSG00000186665
k562_1381,1381,nt,NT_POOL
k562_1386,1386,perturbed,10297_ZNF335_P1P2_ENSG00000198026
k562_1477,1477,nt,NT_POOL
k562_1512,1512,perturbed,1016_C19orf25_P1P2_ENSG00000119559
k562_1575,1575,nt,NT_POOL
k562_1684,1684,nt,NT_POOL
k562_1739,1739,perturbed,10139_ZMAT5_P1P2_ENSG00000100319
k562_1819,1819,nt,NT_POOL
k562_1899,1899,perturbed,1022_C19orf53_P1P2_ENSG00000104979
k562_1910,1910,nt,NT_POOL
k562_2004,2004,nt,NT_POOL
k562_2044,2044,nt,NT_POOL
k562_2081,2081,nt,NT_POOL
k562_2188,2188,perturbed,10041_ZCRB1_P1P2_ENSG00000139168
k562_2202,2202,nt,NT_POOL
k562_2297,2297,nt,NT_POOL
k562_2328,2328,nt,NT_POOL
k562_2461,2461,nt,NT_POOL
k562_2498,2498,perturbed,1022_C19orf53_P1P2_ENSG00000104979
k562_2535,2535,perturbed,1032_C1QBP_P1P2_ENSG00000108561
k562_2572,2572,nt,NT_POOL
k562_2579,2579,perturbed,10041_ZCRB1_P1P2_ENSG00000139168
k562_2663,2663,perturbed,10139_ZMAT5_P1P2_ENSG00000100319
k562_2664,2664,nt,NT_POOL
k562_2778,2778,perturbed,1029_C1D_P1P2_ENSG00000197223
k562_2815,2815,nt,NT_POOL
k562_2903,2903,nt,NT_POOL
k562_2938,2938,perturbed,1022_C19orf53_P1P2_ENSG00000104979
k562_2958,2958,perturbed,10201_ZNF207_P2_ENSG00000010244
k562_3006,3006,nt,NT_POOL
k562_3033,3033,perturbed,1016_C19orf25_P1P2_ENSG00000119559
k562_3065,3065,nt,NT_POOL
k562_3139,3139,nt,NT_POOL
k562_3171,3171,nt,NT_POOL
k562_3289,3289,perturbed,1022_C19orf53_P1P2_ENSG00000104979
k562_3317,3317,nt,NT_POOL
k562_3325,3325,perturbed,10023_ZC3H18_P1P2_ENSG00000158545
k562_3366,3366,nt,NT_POOL
k562_3394,3394,perturbed,10023_ZC3H18_P1P2_ENSG00000158545
k562_3449,3449,perturbed,1022_C19orf53_P1P2_ENSG00000104979
k562_3457,3457,nt,NT_POOL
k562_3547,3547,perturbed,1036_C1orf109_P2_ENSG00000116922
k562_3562,3562,perturbed,10201_ZNF207_P2_ENSG00000010244
k562_3587,3587,nt,NT_POOL
k562_3663,3663,nt,NT_POOL
k562_3703,3703,nt,NT_POOL
k562_3719,3719,perturbed,1029_C1D_P1P2_ENSG00000197223
k562_3795,3795,nt,NT_POOL
k562_3848,3848,nt,NT_POOL
k562_3883,3883,nt,NT_POOL
k562_3965,3965,perturbed,10152_ZNF100_P1P2_ENSG00000197020
k562_4031,4031,perturbed,10073_ZFC3H1_P1P2_ENSG00000133858
k562_4060,4060,perturbed,10041_ZCRB1_P1P2_ENSG00000139168
k562_4072,4072,nt,NT_POOL
k562_4131,4131,nt,NT_POOL
k562_4203,4203,perturbed,10139_ZMAT5_P1P2_ENSG00000100319
k562_4238,4238,perturbed,1029_C1D_P1P2_ENSG00000197223
k562_4264,4264,nt,NT_POOL
k562_4417,4417,nt,NT_POOL
k562_4438,4438,nt,NT_POOL
k562_4501,4501,nt,NT_POOL
k562_4525,4525,perturbed,10040_ZCCHC9_P1P2_ENSG00000131732
k562_4526,4526,nt,NT_POOL
k562_4547,4547,perturbed,1022_C19orf53_P1P2_ENSG00000104979
k562_4597,4597,perturbed,10201_ZNF207_P2_ENSG00000010244
k562_4672,4672,nt,NT_POOL
k562_4675,4675,perturbed,1022_C19orf53_P1P2_ENSG00000104979
k562_4738,4738,nt,NT_POOL
k562_4776,4776,nt,NT_POOL
k562_4812,4812,perturbed,10297_ZNF335_P1P2_ENSG00000198026
k562_4852,4852,nt,NT_POOL
k562_4987,4987,nt,NT_POOL
k562_4996,4996,perturbed,10136_ZMAT2_P1_ENSG00000146007
k562_5011,5011,perturbed,10201_ZNF207_P2_ENSG00000010244
k562_5121,5121,nt,NT_POOL
k562_5198,5198,perturbed,10236_ZNF24_P1P2_ENSG00000172466
k562_5226,5226,perturbed,1016_C19orf25_P1P2_ENSG00000119559
k562_5243,5243,perturbed,10152_ZNF100_P1P2_ENSG00000197020
k562_5251,5251,nt,NT_POOL
k562_5422,5422,perturbed,10152_ZNF100_P1P2_ENSG00000197020
k562_5423,5423,perturbed,10201_ZNF207_P2_ENSG00000010244
k562_5435,5435,nt,NT_POOL
k562_5532,5532,nt,NT_POOL
k562_5606,5606,nt,NT_POOL
k562_5624,5624,perturbed,10152_ZNF100_P1P2_ENSG00000197020
k562_5719,5719,nt,NT_POOL
k562_5784,5784,nt,NT_POOL
k562_5791,5791,perturbed,1004_C17orf58_P1P2_ENSG00000186665
k562_5800,5800,perturbed,10280_ZNF317_P1P2_ENSG00000130803
k562_5821,5821,perturbed,10041_ZCRB1_P1P2_ENSG00000139168
k562_5846,5846,perturbed,1032_C1QBP_P1P2_ENSG00000108561
k562_5978,5978,nt,NT_POOL
k562_6070,6070,nt,NT_POOL
k562_6084,6084,nt,NT_POOL
k562_6194,6194,perturbed,10041_ZCRB1_P1P2_ENSG00000139168
k562_6215,6215,nt,NT_POOL
k562_6242,6242,perturbed,10280_ZNF317_P1P2_ENSG00000130803
k562_6245,6245,nt,NT_POOL
k562_6291,6291,perturbed,10201_ZNF207_P2_ENSG00000010244
k562_6295,6295,nt,NT_POOL
k562_6316,6316,nt,NT_POOL
k562_6372,6372,perturbed,1035_C1orf109_P1_ENSG00000116922
k562_6396,6396,nt,NT_POOL
k562_6413,6413,nt,NT_POOL
k562_6450,6450,nt,NT_POOL
k562_6514,6514,nt,NT_POOL
k562_6536,6536,perturbed,1022_C19orf53_P1P2_ENSG00000104979
k562_6618,6618,nt,NT_POOL
k562_6658,6658,perturbed,10136_ZMAT2_P1_ENSG00000146007
k562_6664,6664,perturbed,10201_ZNF207_P2_ENSG00000010244
k562_6692,6692,perturbed,10201_ZNF207_P2_ENSG00000010244
k562_6722,6722,nt,NT_POOL
k562_6853,6853,perturbed,10136_ZMAT2_P1_ENSG00000146007
k562_6855,6855,nt,NT_POOL
k562_6899,6899,nt,NT_POOL
k562_6951,6951,perturbed,10073_ZFC3H1_P1P2_ENSG00000133858
k562_6964,6964,nt,NT_POOL
k562_7045,7045,perturbed,10136_ZMAT2_P1_ENSG00000146007
k562_7074,7074,perturbed,10136_ZMAT2_P1_ENSG00000146007
k562_7107,7107,nt,NT_POOL
k562_7248,7248,nt,NT_POOL
k562_7269,7269,perturbed,10135_ZMAT2_P2_ENSG00000146007
k562_7278,7278,perturbed,1032_C1QBP_P1P2_ENSG00000108561
k562_7344,7344,nt,NT_POOL
k562_7505,7505,nt,NT_POOL
k562_7529,7529,nt,NT_POOL
k562_7574,7574,nt,NT_POOL
k562_7620,7620,nt,NT_POOL
k562_7794,7794,nt,NT_POOL
k562_7850,7850,nt,NT_POOL
k562_7881,7881,perturbed,10135_ZMAT2_P2_ENSG00000146007
k562_7970,7970,nt,NT_POOL
k562_8012,8012,nt,NT_POOL
k562_8114,8114,perturbed,10136_ZMAT2_P1_ENSG00000146007
k562_8208,8208,perturbed,10201_ZNF207_P2_ENSG00000010244
k562_8280,8280,perturbed,10280_ZNF317_P1P2_ENSG00000130803
k562_8305,8305,nt,NT_POOL
k562_8319,8319,nt,NT_POOL
k562_8362,8362,nt,NT_POOL
k562_8374,8374,perturbed,10136_ZMAT2_P1_ENSG00000146007
k562_8406,8406,perturbed,1004_C17orf58_P1P2_ENSG00000186665
k562_8440,8440,nt,NT_POOL
k562_8539,8539,nt,NT_POOL
k562_8761,8761,nt,NT_POOL
k562_8796,8796,perturbed,1029_C1D_P1P2_ENSG00000197223
k562_8823,8823,perturbed,10040_ZCCHC9_P1P2_ENSG00000131732
k562_8842,8842,nt,NT_POOL
k562_8875,8875,perturbed,10139_ZMAT5_P1P2_ENSG00000100319
k562_8893,8893,nt,NT_POOL
k562_8981,8981,nt,NT_POOL
k562_8989,8989,perturbed,1036_C1orf109_P2_ENSG00000116922
k562_9020,9020,nt,NT_POOL
k562_9117,9117,nt,NT_POOL
k562_9197,9197,nt,NT_POOL
k562_9212,9212,nt,NT_POOL
k562_9273,9273,nt,NT_POOL
k562_9275,9275,perturbed,1016_C19orf25_P1P2_ENSG00000119559
k562_9394,9394,nt,NT_POOL
k562_9486,9486,nt,NT_POOL
k562_9540,9540,perturbed,1035_C1orf109_P1_ENSG00000116922
k562_9609,9609,perturbed,10073_ZFC3H1_P1P2_ENSG00000133858
k562_9632,9632,perturbed,10201_ZNF207_P2_ENSG00000010244
k562_9709,9709,nt,NT_POOL
k562_9872,9872,nt,NT_POOL
k562_9902,9902,perturbed,1032_C1QBP_P1P2_ENSG00000108561
k562_9922,9922,perturbed,10297_ZNF335_P1P2_ENSG00000198026
k562_10007,10007,nt,NT_POOL
k562_10048,10048,nt,NT_POOL
k562_10082,10082,nt,NT_POOL
k562_10314,10314,nt,NT_POOL
k562_10445,10445,perturbed,10136_ZMAT2_P1_ENSG00000146007
k562_10452,10452,nt,NT_POOL
k562_10464,10464,perturbed,1035_C1orf109_P1_ENSG00000116922
k562_10506,10506,perturbed,1029_C1D_P1P2_ENSG00000197223
k562_10521,10521,nt,NT_POOL
k562_10595,10595,perturbed,1036_C1orf109_P2_ENSG00000116922
k562_10622,10622,perturbed,10041_ZCRB1_P1P2_ENSG00000139168
k562_10710,10710,nt,NT_POOL
k562_10784,10784,perturbed,10041_ZCRB1_P1P2_ENSG00000139168
k562_10796,10796,nt,NT_POOL
k562_10858,10858,nt,NT_POOL
k562_10909,10909,perturbed,10073_ZFC3H1_P1P2_ENSG00000133858
k562_10919,10919,perturbed,10201_ZNF207_P2_ENSG00000010244
k562_10942,10942,nt,NT_POOL
k562_10993,10993,perturbed,1036_C1orf109_P2_ENSG00000116922
k562_11108,11108,nt,NT_POOL
k562_11120,11120,perturbed,10236_ZNF24_P1P2_ENSG00000172466
k562_11164,11164,nt,NT_POOL
k562_11187,11187,perturbed,10201_ZNF207_P2_ENSG00000010244
k562_11238,11238,perturbed,1029_C1D_P1P2_ENSG00000197223
k562_11294,11294,perturbed,1016_C19orf25_P1P2_ENSG00000119559
k562_11327,11327,perturbed,10297_ZNF335_P1P2_ENSG00000198026
k562_11343,11343,nt,NT_POOL
k562_11404,11404,perturbed,1029_C1D_P1P2_ENSG00000197223
k562_11536,11536,perturbed,10041_ZCRB1_P1P2_ENSG00000139168
k562_11544,11544,nt,NT_POOL
k562_11560,11560,perturbed,10135_ZMAT2_P2_ENSG00000146007
k562_11691,11691,nt,NT_POOL
k562_11767,11767,perturbed,1036_C1orf109_P2_ENSG00000116922
k562_11774,11774,nt,NT_POOL
k562_11896,11896,nt,NT_POOL
k562_11917,11917,perturbed,1004_C17orf58_P1P2_ENSG00000186665
k562_12016,12016,nt,NT_POOL
k562_12095,12095,nt,NT_POOL
k562_12153,12153,nt,NT_POOL
k562_12168,12168,nt,NT_POOL
k562_12241,12241,perturbed,10136_ZMAT2_P1_ENSG00000146007
k562_12243,12243,perturbed,10136_ZMAT2_P1_ENSG00000146007
k562_12269,12269,nt,NT_POOL
k562_12306,12306,nt,NT_POOL
k562_12367,12367,perturbed,10139_ZMAT5_P1P2_ENSG00000100319
k562_12388,12388,nt,NT_POOL
k562_12497,12497,nt,NT_POOL
k562_12672,12672,nt,NT_POOL
k562_12725,12725,nt,NT_POOL
k562_12766,12766,perturbed,10136_ZMAT2_P1_ENSG00000146007
k562_12838,12838,nt,NT_POOL
k562_12901,12901,nt,NT_POOL
k562_12907,12907,perturbed,10041_ZCRB1_P1P2_ENSG00000139168
k562_12918,12918,nt,NT_POOL
k562_12944,12944,nt,NT_POOL
k562_12992,12992,nt,NT_POOL
k562_13140,13140,perturbed,1036_C1orf109_P2_ENSG00000116922
k562_13184,13184,perturbed,10136_ZMAT2_P1_ENSG00000146007
k562_13188,13188,nt,NT_POOL
k562_13304,13304,nt,NT_POOL
k562_13385,13385,nt,NT_POOL
k562_13421,13421,nt,NT_POOL
k562_13484,13484,perturbed,10135_ZMAT2_P2_ENSG00000146007
k562_13512,13512,nt,NT_POOL
k562_13625,13625,nt,NT_POOL
k562_13637,13637,nt,NT_POOL
k562_13692,13692,perturbed,1016_C19orf25_P1P2_ENSG00000119559
k562_13713,13713,perturbed,1016_C19orf25_P1P2_ENSG00000119559
k562_13781,13781,nt,NT_POOL
k562_13814,13814,nt,NT_POOL
k562_13834,13834,perturbed,10136_ZMAT2_P1_ENSG00000146007
k562_13894,13894,nt,NT_POOL
k562_13981,13981,nt,NT_POOL
k562_14055,14055,perturbed,1022_C19orf53_P1P2_ENSG00000104979
k562_14079,14079,nt,NT_POOL
k562_14100,14100,nt,NT_POOL
k562_14142,14142,perturbed,10136_ZMAT2_P1_ENSG00000146007
k562_14167,14167,perturbed,10041_ZCRB1_P1P2_ENSG00000139168
k562_14200,14200,perturbed,10136_ZMAT2_P1_ENSG00000146007
k562_14215,14215,nt,NT_POOL
k562_14240,14240,perturbed,1016_C19orf25_P1P2_ENSG00000119559
k562_14292,14292,nt,NT_POOL
k562_14352,14352,perturbed,10201_ZNF207_P2_ENSG00000010244
k562_14388,14388,nt,NT_POOL
k562_14434,14434,nt,NT_POOL
k562_14468,14468,nt,NT_POOL
k562_14494,14494,perturbed,1029_C1D_P1P2_ENSG00000197223
k562_14535,14535,perturbed,1022_C19orf53_P1P2_ENSG00000104979
k562_14546,14546,perturbed,1016_C19orf25_P1P2_ENSG00000119559
k562_14559,14559,nt,NT_POOL
k562_14591,14591,perturbed,10152_ZNF100_P1P2_ENSG00000197020
k562_14598,14598,perturbed,1022_C19orf53_P1P2_ENSG00000104979
k562_14615,14615,perturbed,1036_C1orf109_P2_ENSG00000116922
k562_14643,14643,nt,NT_POOL
k562_14690,14690,perturbed,10135_ZMAT2_P2_ENSG00000146007
k562_14702,14702,perturbed,1036_C1orf109_P2_ENSG00000116922
k562_14724,14724,nt,NT_POOL
k562_14794,14794,nt,NT_POOL
k562_14863,14863,perturbed,10136_ZMAT2_P1_ENSG00000146007
k562_14912,14912,nt,NT_POOL
k562_14971,14971,perturbed,10201_ZNF207_P2_ENSG00000010244
k562_15038,15038,perturbed,1036_C1orf109_P2_ENSG00000116922
k562_15050,15050,nt,NT_POOL
k562_15055,15055,perturbed,10280_ZNF317_P1P2_ENSG00000130803
k562_15086,15086,nt,NT_POOL
k562_15106,15106,perturbed,10236_ZNF24_P1P2_ENSG00000172466
k562_15213,15213,nt,NT_POOL
k562_15265,15265,perturbed,10135_ZMAT2_P2_ENSG00000146007
k562_15273,15273,perturbed,10201_ZNF207_P2_ENSG00000010244
k562_15334,15334,nt,NT_POOL
k562_15413,15413,nt,NT_POOL
k562_15431,15431,nt,NT_POOL
k562_15439,15439,perturbed,1032_C1QBP_P1P2_ENSG00000108561
k562_15463,15463,perturbed,10041_ZCRB1_P1P2_ENSG00000139168
k562_15494,15494,perturbed,10152_ZNF100_P1P2_ENSG00000197020
k562_15537,15537,perturbed,1032_C1QBP_P1P2_ENSG00000108561
k562_15544,15544,nt,NT_POOL
k562_15574,15574,nt,NT_POOL
k562_15650,15650,nt,NT_POOL
k562_15724,15724,nt,NT_POOL
k562_15764,15764,perturbed,1022_C19orf53_P1P2_ENSG00000104979
k562_15783,15783,perturbed,10201_ZNF207_P2_ENSG00000010244
k562_15819,15819,nt,NT_POOL
k562_15857,15857,perturbed,1032_C1QBP_P1P2_ENSG00000108561
k562_15917,15917,nt,NT_POOL
k562_15949,15949,nt,NT_POOL
k562_16021,16021,nt,NT_POOL
k562_16026,16026,perturbed,10201_ZNF207_P2_ENSG00000010244
k562_16075,16075,perturbed,10136_ZMAT2_P1_ENSG00000146007
k562_16159,16159,nt,NT_POOL
k562_16265,16265,nt,NT_POOL
k562_16311,16311,nt,NT_POOL
k562_16358,16358,nt,NT_POOL
k562_16360,16360,perturbed,1022_C19orf53_P1P2_ENSG00000104979
k562_16422,16422,nt,NT_POOL
k562_16525,16525,perturbed,10136_ZMAT2_P1_ENSG00000146007
k562_16650,16650,nt,NT_POOL
k562_16673,16673,perturbed,10297_ZNF335_P1P2_ENSG00000198026
k562_16859,16859,nt,NT_POOL
k562_16861,16861,perturbed,10136_ZMAT2_P1_ENSG00000146007
k562_16941,16941,nt,NT_POOL
k562_16981,16981,nt,NT_POOL
k562_17048,17048,perturbed,1032_C1QBP_P1P2_ENSG00000108561
k562_17049,17049,nt,NT_POOL
k562_17195,17195,nt,NT_POOL
k562_17288,17288,nt,NT_POOL
k562_17394,17394,perturbed,1004_C17orf58_P1P2_ENSG00000186665
k562_17406,17406,perturbed,10236_ZNF24_P1P2_ENSG00000172466
k562_17467,17467,nt,NT_POOL
k562_17498,17498,perturbed,10136_ZMAT2_P1_ENSG00000146007
k562_17506,17506,perturbed,10201_ZNF207_P2_ENSG00000010244
k562_17533,17533,nt,NT_POOL
k562_17581,17581,nt,NT_POOL
k562_17622,17622,nt,NT_POOL
k562_17752,17752,nt,NT_POOL
k562_17868,17868,nt,NT_POOL
k562_17934,17934,nt,NT_POOL
k562_17968,17968,nt,NT_POOL
k562_17994,17994,perturbed,10236_ZNF24_P1P2_ENSG00000172466
k562_18082,18082,nt,NT_POOL
k562_18097,18097,perturbed,10041_ZCRB1_P1P2_ENSG00000139168
k562_18162,18162,nt,NT_POOL
k562_18206,18206,nt,NT_POOL
k562_18222,18222,perturbed,1016_C19orf25_P1P2_ENSG00000119559
k562_18278,18278,nt,NT_POOL
k562_18299,18299,perturbed,10280_ZNF317_P1P2_ENSG00000130803
k562_18336,18336,nt,NT_POOL
k562_18378,18378,nt,NT_POOL
k562_18414,18414,perturbed,1022_C19orf53_P1P2_ENSG00000104979
k562_18457,18457,nt,NT_POOL
k562_18478,18478,perturbed,1036_C1orf109_P2_ENSG00000116922
k562_18487,18487,nt,NT_POOL
k562_18554,18554,nt,NT_POOL
k562_18585,18585,perturbed,10135_ZMAT2_P2_ENSG00000146007
k562_18722,18722,nt,NT_POOL
k562_18734,18734,perturbed,10152_ZNF100_P1P2_ENSG00000197020
k562_18765,18765,nt,NT_POOL
k562_18900,18900,perturbed,10040_ZCCHC9_P1P2_ENSG00000131732
k562_18971,18971,perturbed,10040_ZCCHC9_P1P2_ENSG00000131732
k562_18988,18988,perturbed,10280_ZNF317_P1P2_ENSG00000130803
k562_19035,19035,nt,NT_POOL
k562_19145,19145,nt,NT_POOL
k562_19147,19147,perturbed,10136_ZMAT2_P1_ENSG00000146007
k562_19207,19207,nt,NT_POOL
k562_19302,19302,nt,NT_POOL
k562_19393,19393,nt,NT_POOL
k562_19483,19483,nt,NT_POOL
k562_19500,19500,perturbed,10136_ZMAT2_P1_ENSG00000146007
k562_19522,19522,nt,NT_POOL
k562_19613,19613,perturbed,1016_C19orf25_P1P2_ENSG00000119559
k562_19640,19640,nt,NT_POOL
k562_19665,19665,perturbed,1032_C1QBP_P1P2_ENSG00000108561
k562_19698,19698,perturbed,10236_ZNF24_P1P2_ENSG00000172466
k562_19732,19732,nt,NT_POOL
k562_19816,19816,nt,NT_POOL
k562_19866,19866,perturbed,1032_C1QBP_P1P2_ENSG00000108561
k562_19897,19897,nt,NT_POOL
k562_19918,19918,perturbed,10201_ZNF207_P2_ENSG00000010244
k562_20001,20001,perturbed,10201_ZNF207_P2_ENSG00000010244
k562_20017,20017,nt,NT_POOL
k562_20067,20067,perturbed,10297_ZNF335_P1P2_ENSG00000198026
k562_20122,20122,nt,NT_POOL
k562_20165,20165,nt,NT_POOL
k562_20231,20231,perturbed,1032_C1QBP_P1P2_ENSG00000108561
k562_20282,20282,perturbed,1036_C1orf109_P2_ENSG00000116922
k562_20296,20296,nt,NT_POOL
k562_20340,20340,nt,NT_POOL
k562_20410,20410,nt,NT_POOL
k562_20481,20481,nt,NT_POOL
k562_20487,20487,nt,NT_POOL
k562_20566,20566,perturbed,1016_C19orf25_P1P2_ENSG00000119559
k562_20592,20592,nt,NT_POOL
k562_20653,20653,nt,NT_POOL
k562_20717,20717,nt,NT_POOL
k562_20725,20725,perturbed,1032_C1QBP_P1P2_ENSG00000108561
k562_20758,20758,nt,NT_POOL
k562_20813,20813,perturbed,1029_C1D_P1P2_ENSG00000197223
k562_20899,20899,nt,NT_POOL
k562_20970,20970,nt,NT_POOL
k562_21019,21019,nt,NT_POOL
k562_21081,21081,nt,NT_POOL
k562_21125,21125,perturbed,10201_ZNF207_P2_ENSG00000010244
k562_21154,21154,perturbed,10280_ZNF317_P1P2_ENSG00000130803
k562_21206,21206,nt,NT_POOL
k562_21363,21363,nt,NT_POOL
k562_21457,21457,nt,NT_POOL
k562_21571,21571,nt,NT_POOL
k562_21596,21596,perturbed,1032_C1QBP_P1P2_ENSG00000108561
k562_21598,21598,perturbed,10041_ZCRB1_P1P2_ENSG00000139168
k562_21606,21606,nt,NT_POOL
k562_21649,21649,nt,NT_POOL
k562_21696,21696,nt,NT_POOL
k562_21721,21721,nt,NT_POOL
k562_21764,21764,perturbed,1016_C19orf25_P1P2_ENSG00000119559
k562_21784,21784,nt,NT_POOL
k562_21921,21921,perturbed,10202_ZNF207_P1_ENSG00000010244
k562_21930,21930,nt,NT_POOL
k562_21941,21941,perturbed,10136_ZMAT2_P1_ENSG00000146007
k562_21957,21957,nt,NT_POOL
k562_21984,21984,perturbed,1035_C1orf109_P1_ENSG00000116922
k562_21996,21996,perturbed,10136_ZMAT2_P1_ENSG00000146007
k562_22045,22045,nt,NT_POOL
k562_22149,22149,nt,NT_POOL
k562_22172,22172,perturbed,10040_ZCCHC9_P1P2_ENSG00000131732
k562_22179,22179,perturbed,10136_ZMAT2_P1_ENSG00000146007
k562_22197,22197,perturbed,10073_ZFC3H1_P1P2_ENSG00000133858
k562_22233,22233,perturbed,10201_ZNF207_P2_ENSG00000010244
k562_22247,22247,perturbed,10073_ZFC3H1_P1P2_ENSG00000133858
k562_22308,22308,nt,NT_POOL
k562_22374,22374,perturbed,10152_ZNF100_P1P2_ENSG00000197020
k562_22396,22396,nt,NT_POOL
k562_22451,22451,nt,NT_POOL
k562_22468,22468,nt,NT_POOL
k562_22487,22487,perturbed,10136_ZMAT2_P1_ENSG00000146007
k562_22520,22520,perturbed,10136_ZMAT2_P1_ENSG00000146007
k562_22608,22608,nt,NT_POOL
k562_22673,22673,perturbed,10201_ZNF207_P2_ENSG00000010244
k562_22675,22675,nt,NT_POOL
k562_22774,22774,nt,NT_POOL
k562_22800,22800,nt,NT_POOL
k562_22833,22833,perturbed,1016_C19orf25_P1P2_ENSG00000119559
k562_22859,22859,nt,NT_POOL
k562_22938,22938,perturbed,10297_ZNF335_P1P2_ENSG00000198026
k562_22983,22983,nt,NT_POOL
k562_22989,22989,perturbed,10041_ZCRB1_P1P2_ENSG00000139168
k562_23039,23039,nt,NT_POOL
k562_23124,23124,nt,NT_POOL
k562_23168,23168,nt,NT_POOL
k562_23199,23199,perturbed,10152_ZNF100_P1P2_ENSG00000197020
k562_23297,23297,nt,NT_POOL
k562_23310,23310,perturbed,10297_ZNF335_P1P2_ENSG00000198026
k562_23371,23371,perturbed,10139_ZMAT5_P1P2_ENSG00000100319
k562_23414,23414,perturbed,1022_C19orf53_P1P2_ENSG00000104979
k562_23432,23432,nt,NT_POOL
k562_23565,23565,nt,NT_POOL
k562_23589,23589,nt,NT_POOL
k562_23635,23635,perturbed,1032_C1QBP_P1P2_ENSG00000108561
k562_23644,23644,nt,NT_POOL
k562_23718,23718,nt,NT_POOL
k562_23755,23755,nt,NT_POOL
k562_23786,23786,perturbed,10136_ZMAT2_P1_ENSG00000146007
k562_23811,23811,nt,NT_POOL
k562_23854,23854,perturbed,1022_C19orf53_P1P2_ENSG00000104979
k562_23862,23862,nt,NT_POOL
k562_23964,23964,nt,NT_POOL
k562_24008,24008,nt,NT_POOL
k562_24029,24029,perturbed,10041_ZCRB1_P1P2_ENSG00000139168
k562_24074,24074,perturbed,10202_ZNF207_P1_ENSG00000010244
k562_24084,24084,perturbed,10280_ZNF317_P1P2_ENSG00000130803
k562_24098,24098,nt,NT_POOL
k562_24144,24144,nt,NT_POOL
k562_24295,24295,perturbed,1032_C1QBP_P1P2_ENSG00000108561
k562_24324,24324,nt,NT_POOL
k562_24405,24405,nt,NT_POOL
k562_24427,24427,nt,NT_POOL
k562_24451,24451,perturbed,10202_ZNF207_P1_ENSG00000010244
k562_24471,24471,perturbed,10136_ZMAT2_P1_ENSG00000146007
k562_24497,24497,perturbed,10136_ZMAT2_P1_ENSG00000146007
k562_24607,24607,perturbed,1032_C1QBP_P1P2_ENSG00000108561
k562_24659,24659,nt,NT_POOL
k562_24818,24818,nt,NT_POOL
k562_24903,24903,nt,NT_POOL
k562_25008,25008,nt,NT_POOL
k562_25115,25115,nt,NT_POOL
k562_25156,25156,nt,NT_POOL
k562_25173,25173,perturbed,10201_ZNF207_P2_ENSG00000010244
k562_25244,25244,perturbed,10280_ZNF317_P1P2_ENSG00000130803
k562_25353,25353,nt,NT_POOL
k562_25440,25440,perturbed,10201_ZNF207_P2_ENSG00000010244
k562_25444,25444,nt,NT_POOL
k562_25491,25491,perturbed,1016_C19orf25_P1P2_ENSG00000119559
k562_25496,25496,perturbed,1029_C1D_P1P2_ENSG00000197223
k562_25516,25516,perturbed,1036_C1orf109_P2_ENSG00000116922
k562_25600,25600,nt,NT_POOL
k562_25675,25675,nt,NT_POOL
k562_25690,25690,perturbed,10136_ZMAT2_P1_ENSG00000146007
k562_25767,25767,nt,NT_POOL
k562_25818,25818,nt,NT_POOL
k562_25823,25823,perturbed,10201_ZNF207_P2_ENSG00000010244
k562_25876,25876,nt,NT_POOL
k562_25928,25928,nt,NT_POOL
k562_25991,25991,perturbed,10280_ZNF317_P1P2_ENSG00000130803
k562_26021,26021,perturbed,10136_ZMAT2_P1_ENSG00000146007
k562_26022,26022,nt,NT_POOL
k562_26113,26113,perturbed,10136_ZMAT2_P1_ENSG00000146007
k562_26133,26133,nt,NT_POOL
k562_26176,26176,perturbed,10136_ZMAT2_P1_ENSG00000146007
k562_26210,26210,perturbed,10152_ZNF100_P1P2_ENSG00000197020
k562_26215,26215,perturbed,10040_ZCCHC9_P1P2_ENSG00000131732
k562_26219,26219,nt,NT_POOL
k562_26266,26266,nt,NT_POOL
k562_26340,26340,nt,NT_POOL
k562_26354,26354,perturbed,10202_ZNF207_P1_ENSG00000010244
k562_26445,26445,nt,NT_POOL
k562_26518,26518,nt,NT_POOL
k562_26568,26568,nt,NT_POOL
k562_26622,26622,nt,NT_POOL
k562_26640,26640,perturbed,10297_ZNF335_P1P2_ENSG00000198026
k562_26684,26684,perturbed,10023_ZC3H18_P1P2_ENSG00000158545
k562_26703,26703,nt,NT_POOL
k562_26856,26856,perturbed,10297_ZNF335_P1P2_ENSG00000198026
k562_26884,26884,perturbed,10201_ZNF207_P2_ENSG00000010244
k562_27030,27030,nt,NT_POOL
k562_27146,27146,nt,NT_POOL
k562_27202,27202,perturbed,10280_ZNF317_P1P2_ENSG00000130803
k562_27204,27204,nt,NT_POOL
k562_27254,27254,nt,NT_POOL
k562_27285,27285,nt,NT_POOL
k562_27381,27381,nt,NT_POOL
k562_27434,27434,perturbed,10297_ZNF335_P1P2_ENSG00000198026
k562_27503,27503,perturbed,1036_C1orf109_P2_ENSG00000116922
k562_27606,27606,perturbed,1036_C1orf109_P2_ENSG00000116922
k562_27636,27636,perturbed,10297_ZNF335_P1P2_ENSG00000198026
k562_27638,27638,nt,NT_POOL
k562_27680,27680,perturbed,10201_ZNF207_P2_ENSG00000010244
k562_27722,27722,nt,NT_POOL
k562_27816,27816,perturbed,10135_ZMAT2_P2_ENSG00000146007
k562_27836,27836,nt,NT_POOL
k562_27868,27868,perturbed,1022_C19orf53_P1P2_ENSG00000104979
k562_27970,27970,nt,NT_POOL
k562_28030,28030,nt,NT_POOL
k562_28117,28117,nt,NT_POOL
k562_28164,28164,perturbed,10201_ZNF207_P2_ENSG00000010244
k562_28175,28175,nt,NT_POOL
k562_28243,28243,perturbed,10135_ZMAT2_P2_ENSG00000146007
k562_28267,28267,nt,NT_POOL
k562_28347,28347,nt,NT_POOL
k562_28392,28392,perturbed,1016_C19orf25_P1P2_ENSG00000119559
k562_28393,28393,nt,NT_POOL
k562_28412,28412,nt,NT_POOL
k562_28501,28501,perturbed,10073_ZFC3H1_P1P2_ENSG00000133858
k562_28502,28502,perturbed,1029_C1D_P1P2_ENSG00000197223
k562_28568,28568,nt,NT_POOL
k562_28626,28626,nt,NT_POOL
k562_28673,28673,perturbed,1032_C1QBP_P1P2_ENSG00000108561
k562_28674,28674,nt,NT_POOL
k562_28766,28766,perturbed,1029_C1D_P1P2_ENSG00000197223
k562_28780,28780,nt,NT_POOL
k562_28835,28835,perturbed,10202_ZNF207_P1_ENSG00000010244
k562_28837,28837,perturbed,10297_ZNF335_P1P2_ENSG00000198026
k562_28858,28858,nt,NT_POOL
k562_28879,28879,nt,NT_POOL
k562_28888,28888,perturbed,1036_C1orf109_P2_ENSG00000116922
k562_28993,28993,nt,NT_POOL
k562_29026,29026,nt,NT_POOL
k562_29097,29097,perturbed,10152_ZNF100_P1P2_ENSG00000197020
k562_29159,29159,nt,NT_POOL
k562_29204,29204,nt,NT_POOL
k562_29290,29290,nt,NT_POOL
k562_29299,29299,perturbed,10139_ZMAT5_P1P2_ENSG00000100319
k562_29361,29361,nt,NT_POOL
k562_29434,29434,nt,NT_POOL
k562_29473,29473,perturbed,10280_ZNF317_P1P2_ENSG00000130803
k562_29482,29482,perturbed,1022_C19orf53_P1P2_ENSG00000104979
k562_29553,29553,nt,NT_POOL
k562_29578,29578,nt,NT_POOL
k562_29715,29715,perturbed,10152_ZNF100_P1P2_ENSG00000197020
k562_29737,29737,nt,NT_POOL
k562_29769,29769,nt,NT_POOL
k562_29831,29831,perturbed,10041_ZCRB1_P1P2_ENSG00000139168
k562_29851,29851,perturbed,1016_C19orf25_P1P2_ENSG00000119559
k562_29913,29913,nt,NT_POOL
k562_30025,30025,nt,NT_POOL
k562_30048,30048,perturbed,1016_C19orf25_P1P2_ENSG00000119559
k562_30085,30085,nt,NT_POOL
k562_30094,30094,nt,NT_POOL
k562_30119,30119,nt,NT_POOL
k562_30186,30186,nt,NT_POOL
k562_30297,30297,nt,NT_POOL
k562_30437,30437,perturbed,1022_C19orf53_P1P2_ENSG00000104979
k562_30455,30455,nt,NT_POOL
k562_30468,30468,perturbed,10135_ZMAT2_P2_ENSG00000146007
k562_30476,30476,perturbed,10297_ZNF335_P1P2_ENSG00000198026
k562_30498,30498,perturbed,10136_ZMAT2_P1_ENSG00000146007
k562_30511,30511,nt,NT_POOL
k562_30578,30578,nt,NT_POOL
k562_30641,30641,nt,NT_POOL
k562_30667,30667,nt,NT_POOL
k562_30760,30760,nt,NT_POOL
k562_30841,30841,nt,NT_POOL
k562_30869,30869,nt,NT_POOL
k562_30921,30921,nt,NT_POOL
k562_30961,30961,nt,NT_POOL
k562_30982,30982,perturbed,10280_ZNF317_P1P2_ENSG00000130803
k562_31004,31004,nt,NT_POOL
k562_31055,31055,perturbed,10041_ZCRB1_P1P2_ENSG00000139168
k562_31089,31089,nt,NT_POOL
k562_31154,31154,nt,NT_POOL
k562_31158,31158,perturbed,1029_C1D_P1P2_ENSG00000197223
k562_31182,31182,perturbed,1036_C1orf109_P2_ENSG00000116922
k562_31189,31189,perturbed,10136_ZMAT2_P1_ENSG00000146007
k562_31208,31208,nt,NT_POOL
k562_31215,31215,perturbed,1036_C1orf109_P2_ENSG00000116922
k562_31297,31297,perturbed,10297_ZNF335_P1P2_ENSG00000198026
k562_31313,31313,nt,NT_POOL
k562_31368,31368,perturbed,1022_C19orf53_P1P2_ENSG00000104979
k562_31509,31509,nt,NT_POOL
k562_31590,31590,nt,NT_POOL
k562_31678,31678,nt,NT_POOL
k562_31829,31829,perturbed,1036_C1orf109_P2_ENSG00000116922
k562_31851,31851,nt,NT_POOL
k562_31877,31877,perturbed,10297_ZNF335_P1P2_ENSG00000198026
k562_31890,31890,perturbed,1032_C1QBP_P1P2_ENSG00000108561
k562_31895,31895,nt,NT_POOL
k562_31926,31926,nt,NT_POOL
k562_31974,31974,nt,NT_POOL
k562_31995,31995,perturbed,10136_ZMAT2_P1_ENSG00000146007
k562_32105,32105,nt,NT_POOL
k562_32135,32135,nt,NT_POOL
k562_32171,32171,perturbed,1016_C19orf25_P1P2_ENSG00000119559
k562_32245,32245,nt,NT_POOL
k562_32263,32263,perturbed,10135_ZMAT2_P2_ENSG00000146007
k562_32311,32311,nt,NT_POOL
k562_32330,32330,nt,NT_POOL
k562_32344,32344,perturbed,1036_C1orf109_P2_ENSG00000116922
k562_32363,32363,nt,NT_POOL
k562_32434,32434,nt,NT_POOL
k562_32570,32570,nt,NT_POOL
k562_32607,32607,perturbed,10201_ZNF207_P2_ENSG00000010244
k562_32630,32630,perturbed,1035_C1orf109_P1_ENSG00000116922
k562_32732,32732,nt,NT_POOL
k562_32865,32865,perturbed,10041_ZCRB1_P1P2_ENSG00000139168
k562_32878,32878,perturbed,1036_C1orf109_P2_ENSG00000116922
k562_32883,32883,nt,NT_POOL
k562_32936,32936,nt,NT_POOL
k562_32997,32997,perturbed,10201_ZNF207_P2_ENSG00000010244
k562_33019,33019,perturbed,10201_ZNF207_P2_ENSG00000010244
k562_33083,33083,nt,NT_POOL
k562_33129,33129,nt,NT_POOL
k562_33196,33196,nt,NT_POOL
k562_33244,33244,perturbed,10280_ZNF317_P1P2_ENSG00000130803
k562_33278,33278,nt,NT_POOL
k562_33311,33311,nt,NT_POOL
k562_33360,33360,nt,NT_POOL
k562_33364,33364,perturbed,10202_ZNF207_P1_ENSG00000010244
k562_33375,33375,perturbed,1029_C1D_P1P2_ENSG00000197223
k562_33426,33426,nt,NT_POOL
k562_33465,33465,perturbed,1035_C1orf109_P1_ENSG00000116922
k562_33620,33620,nt,NT_POOL
k562_33702,33702,nt,NT_POOL
k562_33716,33716,perturbed,10136_ZMAT2_P1_ENSG00000146007
k562_33723,33723,nt,NT_POOL
k562_33784,33784,nt,NT_POOL
k562_33852,33852,perturbed,10139_ZMAT5_P1P2_ENSG00000100319
k562_33859,33859,nt,NT_POOL
k562_34045,34045,nt,NT_POOL
k562_34179,34179,perturbed,10041_ZCRB1_P1P2_ENSG00000139168
k562_34189,34189,nt,NT_POOL
k562_34250,34250,nt,NT_POOL
k562_34345,34345,nt,NT_POOL
k562_34413,34413,nt,NT_POOL
k562_34460,34460,perturbed,10136_ZMAT2_P1_ENSG00000146007
k562_34527,34527,nt,NT_POOL
k562_34591,34591,perturbed,10041_ZCRB1_P1P2_ENSG00000139168
k562_34615,34615,nt,NT_POOL
k562_34621,34621,perturbed,10073_ZFC3H1_P1P2_ENSG00000133858
k562_34767,34767,nt,NT_POOL
k562_34870,34870,nt,NT_POOL
k562_34918,34918,perturbed,10202_ZNF207_P1_ENSG00000010244
k562_34940,34940,nt,NT_POOL
k562_34996,34996,nt,NT_POOL
k562_35026,35026,nt,NT_POOL
k562_35192,35192,nt,NT_POOL
k562_35222,35222,perturbed,10136_ZMAT2_P1_ENSG00000146007
k562_35299,35299,perturbed,10202_ZNF207_P1_ENSG00000010244
k562_35307,35307,perturbed,10135_ZMAT2_P2_ENSG00000146007
k562_35340,35340,nt,NT_POOL
k562_35369,35369,perturbed,10297_ZNF335_P1P2_ENSG00000198026
k562_35379,35379,perturbed,1022_C19orf53_P1P2_ENSG00000104979
k562_35436,35436,perturbed,1029_C1D_P1P2_ENSG00000197223
k562_35445,35445,perturbed,10202_ZNF207_P1_ENSG00000010244
k562_35494,35494,nt,NT_POOL
k562_35654,35654,nt,NT_POOL
k562_35673,35673,nt,NT_POOL
k562_35728,35728,nt,NT_POOL
k562_35743,35743,perturbed,10041_ZCRB1_P1P2_ENSG00000139168
k562_35750,35750,perturbed,1022_C19orf53_P1P2_ENSG00000104979
k562_35787,35787,perturbed,10073_ZFC3H1_P1P2_ENSG00000133858
k562_35826,35826,nt,NT_POOL
k562_35878,35878,nt,NT_POOL
k562_35884,35884,perturbed,10297_ZNF335_P1P2_ENSG00000198026
k562_35913,35913,perturbed,1029_C1D_P1P2_ENSG00000197223
k562_35915,35915,perturbed,10136_ZMAT2_P1_ENSG00000146007
k562_35929,35929,perturbed,10236_ZNF24_P1P2_ENSG00000172466
k562_35944,35944,nt,NT_POOL
k562_35962,35962,nt,NT_POOL
k562_36022,36022,nt,NT_POOL
k562_36134,36134,nt,NT_POOL
k562_36201,36201,perturbed,1032_C1QBP_P1P2_ENSG00000108561
k562_36328,36328,perturbed,10201_ZNF207_P2_ENSG00000010244
k562_36338,36338,nt,NT_POOL
k562_36356,36356,nt,NT_POOL
k562_36397,36397,perturbed,1036_C1orf109_P2_ENSG00000116922
k562_36427,36427,perturbed,1032_C1QBP_P1P2_ENSG00000108561
k562_36569,36569,nt,NT_POOL
k562_36608,36608,perturbed,10073_ZFC3H1_P1P2_ENSG00000133858
k562_36642,36642,perturbed,1022_C19orf53_P1P2_ENSG00000104979
k562_36670,36670,nt,NT_POOL
k562_36748,36748,nt,NT_POOL
k562_36790,36790,nt,NT_POOL
k562_36862,36862,perturbed,10152_ZNF100_P1P2_ENSG00000197020
k562_36872,36872,nt,NT_POOL
k562_36882,36882,perturbed,10280_ZNF317_P1P2_ENSG00000130803
k562_36915,36915,nt,NT_POOL
k562_36952,36952,perturbed,10201_ZNF207_P2_ENSG00000010244
k562_37051,37051,perturbed,10280_ZNF317_P1P2_ENSG00000130803
k562_37053,37053,nt,NT_POOL
k562_37098,37098,perturbed,10041_ZCRB1_P1P2_ENSG00000139168
k562_37112,37112,nt,NT_POOL
k562_37129,37129,perturbed,10040_ZCCHC9_P1P2_ENSG00000131732
k562_37163,37163,perturbed,10236_ZNF24_P1P2_ENSG00000172466
k562_37218,37218,nt,NT_POOL
k562_37264,37264,perturbed,10041_ZCRB1_P1P2_ENSG00000139168
k562_37289,37289,nt,NT_POOL
k562_37372,37372,nt,NT_POOL
k562_37431,37431,perturbed,10136_ZMAT2_P1_ENSG00000146007
k562_37465,37465,perturbed,1022_C19orf53_P1P2_ENSG00000104979
k562_37471,37471,perturbed,1032_C1QBP_P1P2_ENSG00000108561
k562_37480,37480,nt,NT_POOL
k562_37486,37486,perturbed,1032_C1QBP_P1P2_ENSG00000108561
k562_37517,37517,perturbed,10041_ZCRB1_P1P2_ENSG00000139168
k562_37531,37531,nt,NT_POOL
k562_37594,37594,perturbed,1036_C1orf109_P2_ENSG00000116922
k562_37616,37616,nt,NT_POOL
k562_37644,37644,perturbed,1032_C1QBP_P1P2_ENSG00000108561
k562_37648,37648,perturbed,10201_ZNF207_P2_ENSG00000010244
k562_37735,37735,nt,NT_POOL
k562_37864,37864,perturbed,1036_C1orf109_P2_ENSG00000116922
k562_38034,38034,perturbed,10201_ZNF207_P2_ENSG00000010244
k562_38067,38067,nt,NT_POOL
k562_38116,38116,nt,NT_POOL
k562_38122,38122,perturbed,1029_C1D_P1P2_ENSG00000197223
k562_38189,38189,nt,NT_POOL
k562_38296,38296,nt,NT_POOL
k562_38353,38353,nt,NT_POOL
k562_38471,38471,nt,NT_POOL
k562_38504,38504,nt,NT_POOL
k562_38548,38548,perturbed,1036_C1orf109_P2_ENSG00000116922
k562_38571,38571,nt,NT_POOL
k562_38668,38668,nt,NT_POOL
k562_38778,38778,nt,NT_POOL
k562_38798,38798,perturbed,1022_C19orf53_P1P2_ENSG00000104979
k562_38808,38808,nt,NT_POOL
k562_38819,38819,perturbed,10236_ZNF24_P1P2_ENSG00000172466
k562_38852,38852,perturbed,10236_ZNF24_P1P2_ENSG00000172466
k562_38927,38927,perturbed,10073_ZFC3H1_P1P2_ENSG00000133858
k562_38982,38982,nt,NT_POOL
k562_39036,39036,nt,NT_POOL
k562_39041,39041,perturbed,1032_C1QBP_P1P2_ENSG00000108561
k562_39120,39120,perturbed,10135_ZMAT2_P2_ENSG00000146007
k562_39194,39194,perturbed,10041_ZCRB1_P1P2_ENSG00000139168
k562_39197,39197,nt,NT_POOL
k562_39241,39241,nt,NT_POOL
k562_39314,39314,nt,NT_POOL
k562_39350,39350,nt,NT_POOL
k562_39384,39384,perturbed,10236_ZNF24_P1P2_ENSG00000172466
k562_39402,39402,perturbed,1032_C1QBP_P1P2_ENSG00000108561
k562_39454,39454,perturbed,10139_ZMAT5_P1P2_ENSG00000100319
k562_39491,39491,nt,NT_POOL
k562_39529,39529,nt,NT_POOL
k562_39540,39540,perturbed,10041_ZCRB1_P1P2_ENSG00000139168
k562_39561,39561,perturbed,10136_ZMAT2_P1_ENSG00000146007
k562_39631,39631,perturbed,1032_C1QBP_P1P2_ENSG00000108561
k562_39672,39672,nt,NT_POOL
k562_39729,39729,perturbed,1036_C1orf109_P2_ENSG00000116922
k562_39758,39758,perturbed,1016_C19orf25_P1P2_ENSG00000119559
k562_39798,39798,nt,NT_POOL
k562_39840,39840,perturbed,1032_C1QBP_P1P2_ENSG00000108561
k562_39870,39870,nt,NT_POOL
k562_39972,39972,nt,NT_POOL
k562_40041,40041,nt,NT_POOL
k562_40046,40046,perturbed,10297_ZNF335_P1P2_ENSG00000198026
k562_40107,40107,nt,NT_POOL
k562_40117,40117,perturbed,1032_C1QBP_P1P2_ENSG00000108561
k562_40119,40119,nt,NT_POOL
k562_40244,40244,perturbed,10280_ZNF317_P1P2_ENSG00000130803
k562_40263,40263,perturbed,10280_ZNF317_P1P2_ENSG00000130803
k562_40304,40304,nt,NT_POOL
k562_40324,40324,nt,NT_POOL
k562_40425,40425,perturbed,10073_ZFC3H1_P1P2_ENSG00000133858
k562_40453,40453,nt,NT_POOL
k562_40510,40510,perturbed,10073_ZFC3H1_P1P2_ENSG00000133858
k562_40528,40528,nt,NT_POOL
k562_40591,40591,nt,NT_POOL
k562_40709,40709,nt,NT_POOL
k562_40875,40875,nt,NT_POOL
k562_40932,40932,perturbed,10201_ZNF207_P2_ENSG00000010244
k562_40933,40933,nt,NT_POOL
k562_40982,40982,nt,NT_POOL
k562_41092,41092,nt,NT_POOL
k562_41133,41133,perturbed,10152_ZNF100_P1P2_ENSG00000197020
k562_41204,41204,nt,NT_POOL
k562_41238,41238,perturbed,10073_ZFC3H1_P1P2_ENSG00000133858
k562_41253,41253,perturbed,1022_C19orf53_P1P2_ENSG00000104979
k562_41285,41285,nt,NT_POOL
k562_41430,41430,perturbed,10236_ZNF24_P1P2_ENSG00000172466
k562_41461,41461,nt,NT_POOL
k562_41499,41499,perturbed,10280_ZNF317_P1P2_ENSG00000130803
k562_41502,41502,nt,NT_POOL
k562_41582,41582,perturbed,1032_C1QBP_P1P2_ENSG00000108561
k562_41592,41592,nt,NT_POOL
k562_41630,41630,perturbed,1022_C19orf53_P1P2_ENSG00000104979
k562_41745,41745,nt,NT_POOL
k562_41811,41811,nt,NT_POOL
k562_41880,41880,perturbed,10040_ZCCHC9_P1P2_ENSG00000131732
k562_41988,41988,perturbed,10236_ZNF24_P1P2_ENSG00000172466
k562_42049,42049,perturbed,10136_ZMAT2_P1_ENSG00000146007
k562_42066,42066,nt,NT_POOL
k562_42091,42091,perturbed,1032_C1QBP_P1P2_ENSG00000108561
k562_42134,42134,nt,NT_POOL
k562_42162,42162,perturbed,10136_ZMAT2_P1_ENSG00000146007
k562_42164,42164,perturbed,1032_C1QBP_P1P2_ENSG00000108561
k562_42220,42220,nt,NT_POOL
k562_42312,42312,nt,NT_POOL
k562_42424,42424,nt,NT_POOL
k562_42483,42483,nt,NT_POOL
k562_42530,42530,perturbed,1004_C17orf58_P1P2_ENSG00000186665
k562_42541,42541,nt,NT_POOL
k562_42609,42609,nt,NT_POOL
k562_42658,42658,nt,NT_POOL
k562_42706,42706,nt,NT_POOL
k562_42744,42744,perturbed,1035_C1orf109_P1_ENSG00000116922
k562_42789,42789,nt,NT_POOL
k562_42875,42875,nt,NT_POOL
k562_42902,42902,perturbed,10136_ZMAT2_P1_ENSG00000146007
k562_42953,42953,nt,NT_POOL
k562_43019,43019,perturbed,1022_C19orf53_P1P2_ENSG00000104979
k562_43060,43060,nt,NT_POOL
k562_43121,43121,nt,NT_POOL
k562_43163,43163,perturbed,1029_C1D_P1P2_ENSG00000197223
k562_43174,43174,perturbed,1016_C19orf25_P1P2_ENSG00000119559
k562_43204,43204,perturbed,1016_C19orf25_P1P2_ENSG00000119559
k562_43246,43246,perturbed,10136_ZMAT2_P1_ENSG00000146007
k562_43288,43288,nt,NT_POOL
k562_43391,43391,nt,NT_POOL
k562_43460,43460,perturbed,10136_ZMAT2_P1_ENSG00000146007
k562_43497,43497,nt,NT_POOL
k562_43523,43523,perturbed,10073_ZFC3H1_P1P2_ENSG00000133858
k562_43568,43568,perturbed,10202_ZNF207_P1_ENSG00000010244
k562_43690,43690,perturbed,10136_ZMAT2_P1_ENSG00000146007
k562_43691,43691,nt,NT_POOL
k562_43697,43697,perturbed,10041_ZCRB1_P1P2_ENSG00000139168
k562_43747,43747,nt,NT_POOL
k562_43820,43820,perturbed,10136_ZMAT2_P1_ENSG00000146007
k562_43835,43835,nt,NT_POOL
k562_43877,43877,perturbed,10202_ZNF207_P1_ENSG00000010244
k562_43959,43959,nt,NT_POOL
k562_44005,44005,nt,NT_POOL
k562_44147,44147,perturbed,10297_ZNF335_P1P2_ENSG00000198026
k562_44199,44199,nt,NT_POOL
k562_44253,44253,nt,NT_POOL
k562_44309,44309,nt,NT_POOL
k562_44385,44385,nt,NT_POOL
k562_44490,44490,perturbed,1035_C1orf109_P1_ENSG00000116922
k562_44497,44497,perturbed,1036_C1orf109_P2_ENSG00000116922
k562_44503,44503,nt,NT_POOL
k562_44512,44512,perturbed,10073_ZFC3H1_P1P2_ENSG00000133858
k562_44543,44543,perturbed,10202_ZNF207_P1_ENSG00000010244
k562_44557,44557,nt,NT_POOL
k562_44592,44592,perturbed,10280_ZNF317_P1P2_ENSG00000130803
k562_44645,44645,nt,NT_POOL
k562_44665,44665,nt,NT_POOL
k562_44834,44834,nt,NT_POOL
k562_44855,44855,perturbed,10152_ZNF100_P1P2_ENSG00000197020
k562_44898,44898,nt,NT_POOL
k562_44931,44931,perturbed,1036_C1orf109_P2_ENSG00000116922
k562_45078,45078,nt,NT_POOL
k562_45144,45144,nt,NT_POOL
k562_45168,45168,perturbed,1036_C1orf109_P2_ENSG00000116922
k562_45248,45248,nt,NT_POOL
k562_45276,45276,perturbed,10136_ZMAT2_P1_ENSG00000146007
k562_45309,45309,perturbed,1016_C19orf25_P1P2_ENSG00000119559
k562_45312,45312,nt,NT_POOL
k562_45456,45456,nt,NT_POOL
k562_45508,45508,nt,NT_POOL
k562_45535,45535,perturbed,10297_ZNF335_P1P2_ENSG00000198026
k562_45544,45544,nt,NT_POOL
k562_45585,45585,nt,NT_POOL
k562_45621,45621,perturbed,10041_ZCRB1_P1P2_ENSG00000139168
k562_45639,45639,nt,NT_POOL
k562_45772,45772,nt,NT_POOL
k562_45789,45789,perturbed,10297_ZNF335_P1P2_ENSG00000198026
k562_45888,45888,perturbed,10023_ZC3H18_P1P2_ENSG00000158545
k562_45899,45899,perturbed,1032_C1QBP_P1P2_ENSG00000108561
k562_45915,45915,nt,NT_POOL
k562_45986,45986,nt,NT_POOL
k562_46079,46079,perturbed,10136_ZMAT2_P1_ENSG00000146007
k562_46080,46080,perturbed,10201_ZNF207_P2_ENSG00000010244
k562_46100,46100,perturbed,10297_ZNF335_P1P2_ENSG00000198026
k562_46168,46168,nt,NT_POOL
k562_46182,46182,perturbed,10041_ZCRB1_P1P2_ENSG00000139168
k562_46216,46216,perturbed,10136_ZMAT2_P1_ENSG00000146007
k562_46236,46236,nt,NT_POOL
k562_46329,46329,nt,NT_POOL
k562_46472,46472,perturbed,10202_ZNF207_P1_ENSG00000010244
k562_46493,46493,nt,NT_POOL
k562_46531,46531,perturbed,1036_C1orf109_P2_ENSG00000116922
k562_46550,46550,perturbed,10152_ZNF100_P1P2_ENSG00000197020
k562_46635,46635,perturbed,10136_ZMAT2_P1_ENSG00000146007
k562_46640,46640,nt,NT_POOL
k562_46678,46678,nt,NT_POOL
k562_46679,46679,perturbed,10023_ZC3H18_P1P2_ENSG00000158545
k562_46728,46728,perturbed,10136_ZMAT2_P1_ENSG00000146007
k562_46801,46801,perturbed,10280_ZNF317_P1P2_ENSG00000130803
k562_46815,46815,nt,NT_POOL
k562_46869,46869,nt,NT_POOL
k562_46976,46976,perturbed,1035_C1orf109_P1_ENSG00000116922
k562_46983,46983,nt,NT_POOL
k562_47003,47003,perturbed,10136_ZMAT2_P1_ENSG00000146007
k562_47085,47085,perturbed,10152_ZNF100_P1P2_ENSG00000197020
k562_47120,47120,perturbed,10280_ZNF317_P1P2_ENSG00000130803
k562_47167,47167,nt,NT_POOL
k562_47176,47176,perturbed,10236_ZNF24_P1P2_ENSG00000172466
k562_47187,47187,nt,NT_POOL
k562_47216,47216,nt,NT_POOL
k562_47252,47252,perturbed,1032_C1QBP_P1P2_ENSG00000108561
k562_47284,47284,nt,NT_POOL
k562_47360,47360,nt,NT_POOL
k562_47403,47403,nt,NT_POOL
k562_47481,47481,nt,NT_POOL
k562_47506,47506,nt,NT_POOL
k562_47594,47594,nt,NT_POOL
k562_47731,47731,perturbed,1036_C1orf109_P2_ENSG00000116922
k562_47737,47737,nt,NT_POOL
k562_47810,47810,nt,NT_POOL
k562_47882,47882,nt,NT_POOL
k562_47923,47923,perturbed,10297_ZNF335_P1P2_ENSG00000198026
k562_47983,47983,perturbed,10040_ZCCHC9_P1P2_ENSG00000131732
k562_48059,48059,nt,NT_POOL
k562_48106,48106,nt,NT_POOL
k562_48139,48139,nt,NT_POOL
k562_48175,48175,nt,NT_POOL
k562_48272,48272,nt,NT_POOL
k562_48279,48279,perturbed,10136_ZMAT2_P1_ENSG00000146007
k562_48287,48287,nt,NT_POOL
k562_48367,48367,nt,NT_POOL
k562_48427,48427,perturbed,1032_C1QBP_P1P2_ENSG00000108561
k562_48434,48434,nt,NT_POOL
k562_48478,48478,nt,NT_POOL
k562_48575,48575,perturbed,10136_ZMAT2_P1_ENSG00000146007
k562_48602,48602,nt,NT_POOL
k562_48651,48651,perturbed,10136_ZMAT2_P1_ENSG00000146007
k562_48703,48703,perturbed,1022_C19orf53_P1P2_ENSG00000104979
k562_48734,48734,nt,NT_POOL
k562_48790,48790,perturbed,10201_ZNF207_P2_ENSG00000010244
k562_48861,48861,nt,NT_POOL
k562_48929,48929,nt,NT_POOL
k562_49011,49011,perturbed,10136_ZMAT2_P1_ENSG00000146007
k562_49031,49031,nt,NT_POOL
k562_49078,49078,perturbed,10297_ZNF335_P1P2_ENSG00000198026
k562_49083,49083,nt,NT_POOL
k562_49137,49137,perturbed,10280_ZNF317_P1P2_ENSG00000130803
k562_49171,49171,perturbed,1029_C1D_P1P2_ENSG00000197223
k562_49224,49224,nt,NT_POOL
k562_49237,49237,perturbed,1022_C19orf53_P1P2_ENSG00000104979
k562_49329,49329,perturbed,10139_ZMAT5_P1P2_ENSG00000100319
k562_49444,49444,nt,NT_POOL
k562_49452,49452,perturbed,10201_ZNF207_P2_ENSG00000010244
k562_49493,49493,nt,NT_POOL
k562_49681,49681,nt,NT_POOL
k562_49725,49725,nt,NT_POOL
k562_49744,49744,nt,NT_POOL
k562_49807,49807,nt,NT_POOL
k562_49837,49837,perturbed,10280_ZNF317_P1P2_ENSG00000130803
k562_49844,49844,perturbed,1035_C1orf109_P1_ENSG00000116922
k562_49952,49952,nt,NT_POOL
k562_49995,49995,nt,NT_POOL
k562_50062,50062,perturbed,10136_ZMAT2_P1_ENSG00000146007
k562_50109,50109,nt,NT_POOL
k562_50132,50132,perturbed,1029_C1D_P1P2_ENSG00000197223
k562_50172,50172,nt,NT_POOL
k562_50204,50204,nt,NT_POOL
k562_50332,50332,nt,NT_POOL
k562_50509,50509,nt,NT_POOL
k562_50620,50620,nt,NT_POOL
k562_50621,50621,perturbed,10280_ZNF317_P1P2_ENSG00000130803
k562_50757,50757,perturbed,10041_ZCRB1_P1P2_ENSG00000139168
k562_50774,50774,perturbed,1029_C1D_P1P2_ENSG00000197223
k562_50815,50815,nt,NT_POOL
k562_50893,50893,nt,NT_POOL
k562_50972,50972,nt,NT_POOL
k562_50973,50973,perturbed,1036_C1orf109_P2_ENSG00000116922
k562_51033,51033,nt,NT_POOL
k562_51061,51061,nt,NT_POOL
k562_51146,51146,perturbed,1022_C19orf53_P1P2_ENSG00000104979
k562_51214,51214,perturbed,10023_ZC3H18_P1P2_ENSG00000158545
k562_51249,51249,perturbed,1032_C1QBP_P1P2_ENSG00000108561
k562_51302,51302,nt,NT_POOL
k562_51314,51314,nt,NT_POOL
k562_51367,51367,nt,NT_POOL
k562_51473,51473,perturbed,1004_C17orf58_P1P2_ENSG00000186665
k562_51477,51477,nt,NT_POOL
k562_51495,51495,nt,NT_POOL
k562_51545,51545,nt,NT_POOL
k562_51584,51584,perturbed,1035_C1orf109_P1_ENSG00000116922
k562_51600,51600,perturbed,1029_C1D_P1P2_ENSG00000197223
k562_51695,51695,nt,NT_POOL
k562_51874,51874,nt,NT_POOL
k562_51890,51890,perturbed,10073_ZFC3H1_P1P2_ENSG00000133858
k562_51957,51957,perturbed,10136_ZMAT2_P1_ENSG00000146007
k562_51984,51984,nt,NT_POOL
k562_52105,52105,perturbed,1035_C1orf109_P1_ENSG00000116922
k562_52154,52154,nt,NT_POOL
k562_52163,52163,perturbed,10041_ZCRB1_P1P2_ENSG00000139168
k562_52234,52234,nt,NT_POOL
k562_52299,52299,nt,NT_POOL
k562_52379,52379,perturbed,1016_C19orf25_P1P2_ENSG00000119559
k562_52409,52409,nt,NT_POOL
k562_52416,52416,perturbed,10201_ZNF207_P2_ENSG00000010244
k562_52438,52438,perturbed,10139_ZMAT5_P1P2_ENSG00000100319
k562_52458,52458,perturbed,10136_ZMAT2_P1_ENSG00000146007
k562_52476,52476,perturbed,1029_C1D_P1P2_ENSG00000197223
k562_52527,52527,nt,NT_POOL
k562_52676,52676,nt,NT_POOL
k562_52689,52689,perturbed,1016_C19orf25_P1P2_ENSG00000119559
k562_52723,52723,nt,NT_POOL
k562_52909,52909,perturbed,10136_ZMAT2_P1_ENSG00000146007
k562_52913,52913,nt,NT_POOL
k562_53086,53086,nt,NT_POOL
k562_53165,53165,nt,NT_POOL
k562_53274,53274,nt,NT_POOL
k562_53321,53321,perturbed,10201_ZNF207_P2_ENSG00000010244
k562_53410,53410,perturbed,10135_ZMAT2_P2_ENSG00000146007
k562_53423,53423,perturbed,10136_ZMAT2_P1_ENSG00000146007
k562_53437,53437,perturbed,1022_C19orf53_P1P2_ENSG00000104979
k562_53485,53485,perturbed,10041_ZCRB1_P1P2_ENSG00000139168
k562_53504,53504,perturbed,10136_ZMAT2_P1_ENSG00000146007
k562_53514,53514,perturbed,10139_ZMAT5_P1P2_ENSG00000100319
k562_53526,53526,nt,NT_POOL
k562_53594,53594,nt,NT_POOL
k562_53651,53651,nt,NT_POOL
k562_53708,53708,nt,NT_POOL
k562_53769,53769,nt,NT_POOL
k562_53795,53795,nt,NT_POOL
k562_53822,53822,nt,NT_POOL
k562_53826,53826,perturbed,10201_ZNF207_P2_ENSG00000010244
k562_53857,53857,nt,NT_POOL
k562_53952,53952,nt,NT_POOL
k562_53978,53978,perturbed,10236_ZNF24_P1P2_ENSG00000172466
k562_54073,54073,nt,NT_POOL
k562_54110,54110,perturbed,1029_C1D_P1P2_ENSG00000197223
k562_54122,54122,perturbed,10041_ZCRB1_P1P2_ENSG00000139168
k562_54158,54158,perturbed,1029_C1D_P1P2_ENSG00000197223
k562_54165,54165,perturbed,10041_ZCRB1_P1P2_ENSG00000139168
k562_54219,54219,perturbed,1029_C1D_P1P2_ENSG00000197223
k562_54258,54258,nt,NT_POOL
k562_54318,54318,nt,NT_POOL
k562_54379,54379,perturbed,1004_C17orf58_P1P2_ENSG00000186665
k562_54409,54409,nt,NT_POOL
k562_54418,54418,perturbed,10201_ZNF207_P2_ENSG00000010244
k562_54533,54533,nt,NT_POOL
k562_54604,54604,nt,NT_POOL
k562_54635,54635,perturbed,1004_C17orf58_P1P2_ENSG00000186665
k562_54728,54728,nt,NT_POOL
k562_54806,54806,perturbed,1022_C19orf53_P1P2_ENSG00000104979
k562_54842,54842,nt,NT_POOL
k562_54858,54858,nt,NT_POOL
k562_54879,54879,perturbed,10073_ZFC3H1_P1P2_ENSG00000133858
k562_54894,54894,perturbed,1032_C1QBP_P1P2_ENSG00000108561
k562_54941,54941,nt,NT_POOL
k562_54962,54962,perturbed,1032_C1QBP_P1P2_ENSG00000108561
k562_54972,54972,nt,NT_POOL
k562_55022,55022,nt,NT_POOL
k562_55025,55025,perturbed,10136_ZMAT2_P1_ENSG00000146007
k562_55224,55224,perturbed,10040_ZCCHC9_P1P2_ENSG00000131732
k562_55291,55291,perturbed,1032_C1QBP_P1P2_ENSG00000108561
k562_55302,55302,nt,NT_POOL
k562_55371,55371,perturbed,1004_C17orf58_P1P2_ENSG00000186665
k562_55408,55408,nt,NT_POOL
k562_55412,55412,perturbed,10073_ZFC3H1_P1P2_ENSG00000133858
k562_55443,55443,nt,NT_POOL
k562_55497,55497,nt,NT_POOL
k562_55581,55581,nt,NT_POOL
k562_55645,55645,nt,NT_POOL
k562_55766,55766,perturbed,1036_C1orf109_P2_ENSG00000116922
k562_55822,55822,perturbed,10139_ZMAT5_P1P2_ENSG00000100319
k562_55878,55878,nt,NT_POOL
k562_55898,55898,perturbed,10297_ZNF335_P1P2_ENSG00000198026
k562_55946,55946,perturbed,10139_ZMAT5_P1P2_ENSG00000100319
k562_55979,55979,nt,NT_POOL
k562_56084,56084,perturbed,10135_ZMAT2_P2_ENSG00000146007
k562_56103,56103,nt,NT_POOL
k562_56179,56179,nt,NT_POOL
k562_56255,56255,nt,NT_POOL
k562_56275,56275,perturbed,10136_ZMAT2_P1_ENSG00000146007
k562_56318,56318,nt,NT_POOL
k562_56377,56377,nt,NT_POOL
k562_56456,56456,perturbed,10135_ZMAT2_P2_ENSG00000146007
k562_56463,56463,perturbed,10041_ZCRB1_P1P2_ENSG00000139168
k562_56494,56494,perturbed,10202_ZNF207_P1_ENSG00000010244
k562_56525,56525,nt,NT_POOL
k562_56542,56542,perturbed,10202_ZNF207_P1_ENSG00000010244
k562_56629,56629,nt,NT_POOL
k562_56724,56724,perturbed,1004_C17orf58_P1P2_ENSG00000186665
k562_56753,56753,nt,NT_POOL
k562_56766,56766,perturbed,10152_ZNF100_P1P2_ENSG00000197020
k562_56806,56806,nt,NT_POOL
k562_56938,56938,perturbed,1022_C19orf53_P1P2_ENSG00000104979
k562_56941,56941,nt,NT_POOL
k562_57004,57004,nt,NT_POOL
k562_57126,57126,nt,NT_POOL
k562_57164,57164,perturbed,10201_ZNF207_P2_ENSG00000010244
k562_57211,57211,perturbed,1016_C19orf25_P1P2_ENSG00000119559
k562_57238,57238,nt,NT_POOL
k562_57345,57345,perturbed,1004_C17orf58_P1P2_ENSG00000186665
k562_57353,57353,perturbed,1035_C1orf109_P1_ENSG00000116922
k562_57414,57414,nt,NT_POOL
k562_57434,57434,perturbed,1035_C1orf109_P1_ENSG00000116922
k562_57462,57462,perturbed,10201_ZNF207_P2_ENSG00000010244
k562_57501,57501,perturbed,10202_ZNF207_P1_ENSG00000010244
k562_57524,57524,nt,NT_POOL
k562_57553,57553,perturbed,10041_ZCRB1_P1P2_ENSG00000139168
k562_57580,57580,nt,NT_POOL
k562_57676,57676,perturbed,1022_C19orf53_P1P2_ENSG00000104979
k562_57681,57681,nt,NT_POOL
k562_57742,57742,nt,NT_POOL
k562_57834,57834,nt,NT_POOL
k562_57868,57868,perturbed,1029_C1D_P1P2_ENSG00000197223
k562_57891,57891,perturbed,10136_ZMAT2_P1_ENSG00000146007
k562_57919,57919,perturbed,1036_C1orf109_P2_ENSG00000116922
k562_57951,57951,perturbed,1032_C1QBP_P1P2_ENSG00000108561
k562_57982,57982,nt,NT_POOL
k562_58035,58035,perturbed,10136_ZMAT2_P1_ENSG00000146007
k562_58064,58064,perturbed,1036_C1orf109_P2_ENSG00000116922
k562_58117,58117,nt,NT_POOL
k562_58171,58171,perturbed,10135_ZMAT2_P2_ENSG00000146007
k562_58203,58203,perturbed,1036_C1orf109_P2_ENSG00000116922
k562_58282,58282,nt,NT_POOL
k562_58370,58370,nt,NT_POOL
k562_58393,58393,perturbed,1016_C19orf25_P1P2_ENSG00000119559
k562_58461,58461,nt,NT_POOL
k562_58477,58477,perturbed,1032_C1QBP_P1P2_ENSG00000108561
k562_58560,58560,perturbed,10201_ZNF207_P2_ENSG00000010244
k562_58584,58584,nt,NT_POOL
k562_58642,58642,nt,NT_POOL
k562_58670,58670,perturbed,10136_ZMAT2_P1_ENSG00000146007
k562_58761,58761,nt,NT_POOL
k562_58784,58784,nt,NT_POOL
k562_58833,58833,perturbed,10202_ZNF207_P1_ENSG00000010244
k562_58877,58877,nt,NT_POOL
k562_58935,58935,nt,NT_POOL
k562_58949,58949,perturbed,10236_ZNF24_P1P2_ENSG00000172466
k562_58969,58969,nt,NT_POOL
k562_59029,59029,perturbed,10136_ZMAT2_P1_ENSG00000146007
k562_59051,59051,perturbed,1032_C1QBP_P1P2_ENSG00000108561
k562_59087,59087,nt,NT_POOL
k562_59106,59106,perturbed,1036_C1orf109_P2_ENSG00000116922
k562_59207,59207,nt,NT_POOL
k562_59263,59263,perturbed,10136_ZMAT2_P1_ENSG00000146007
k562_59290,59290,nt,NT_POOL
k562_59319,59319,nt,NT_POOL
k562_59395,59395,nt,NT_POOL
k562_59442,59442,perturbed,1022_C19orf53_P1P2_ENSG00000104979
k562_59472,59472,nt,NT_POOL
k562_59563,59563,nt,NT_POOL
k562_59599,59599,perturbed,10202_ZNF207_P1_ENSG00000010244
k562_59613,59613,perturbed,10073_ZFC3H1_P1P2_ENSG00000133858
k562_59621,59621,perturbed,1022_C19orf53_P1P2_ENSG00000104979
k562_59678,59678,perturbed,10041_ZCRB1_P1P2_ENSG00000139168
k562_59738,59738,nt,NT_POOL
k562_59836,59836,perturbed,10041_ZCRB1_P1P2_ENSG00000139168
k562_59842,59842,nt,NT_POOL
k562_59919,59919,perturbed,1016_C19orf25_P1P2_ENSG00000119559
k562_59927,59927,nt,NT_POOL
k562_60051,60051,nt,NT_POOL
k562_60151,60151,nt,NT_POOL
k562_60270,60270,nt,NT_POOL
k562_60296,60296,perturbed,10041_ZCRB1_P1P2_ENSG00000139168
k562_60347,60347,perturbed,10040_ZCCHC9_P1P2_ENSG00000131732
k562_60411,60411,nt,NT_POOL
k562_60426,60426,perturbed,10201_ZNF207_P2_ENSG00000010244
k562_60474,60474,nt,NT_POOL
k562_60508,60508,nt,NT_POOL
k562_60540,60540,perturbed,1029_C1D_P1P2_ENSG00000197223
k562_60545,60545,perturbed,10202_ZNF207_P1_ENSG00000010244
k562_60559,60559,nt,NT_POOL
k562_60607,60607,perturbed,10136_ZMAT2_P1_ENSG00000146007
k562_60776,60776,nt,NT_POOL
k562_60848,60848,perturbed,1032_C1QBP_P1P2_ENSG00000108561
k562_60852,60852,nt,NT_POOL
k562_60928,60928,perturbed,10236_ZNF24_P1P2_ENSG00000172466
k562_60937,60937,perturbed,10136_ZMAT2_P1_ENSG00000146007
k562_61047,61047,perturbed,1004_C17orf58_P1P2_ENSG00000186665
k562_61063,61063,perturbed,10139_ZMAT5_P1P2_ENSG00000100319
k562_61077,61077,nt,NT_POOL
k562_61102,61102,nt,NT_POOL
k562_61171,61171,perturbed,10202_ZNF207_P1_ENSG00000010244
k562_61258,61258,perturbed,1016_C19orf25_P1P2_ENSG00000119559
k562_61272,61272,nt,NT_POOL
k562_61279,61279,perturbed,10073_ZFC3H1_P1P2_ENSG00000133858
k562_61322,61322,nt,NT_POOL
k562_61430,61430,nt,NT_POOL
k562_61514,61514,nt,NT_POOL
k562_61519,61519,perturbed,10073_ZFC3H1_P1P2_ENSG00000133858
k562_61544,61544,nt,NT_POOL
k562_61602,61602,nt,NT_POOL
k562_61610,61610,perturbed,10202_ZNF207_P1_ENSG00000010244
k562_61646,61646,perturbed,1036_C1orf109_P2_ENSG00000116922
k562_61655,61655,nt,NT_POOL
k562_61657,61657,perturbed,1032_C1QBP_P1P2_ENSG00000108561
k562_61730,61730,nt,NT_POOL
k562_61804,61804,nt,NT_POOL
k562_61874,61874,perturbed,10135_ZMAT2_P2_ENSG00000146007
k562_61898,61898,nt,NT_POOL
k562_62090,62090,nt,NT_POOL
k562_62114,62114,perturbed,1032_C1QBP_P1P2_ENSG00000108561
k562_62123,62123,perturbed,1032_C1QBP_P1P2_ENSG00000108561
k562_62157,62157,perturbed,1032_C1QBP_P1P2_ENSG00000108561
k562_62198,62198,nt,NT_POOL
k562_62304,62304,nt,NT_POOL
k562_62384,62384,nt,NT_POOL
k562_62403,62403,perturbed,1022_C19orf53_P1P2_ENSG00000104979
k562_62442,62442,perturbed,1004_C17orf58_P1P2_ENSG00000186665
k562_62444,62444,perturbed,1022_C19orf53_P1P2_ENSG00000104979
k562_62492,62492,perturbed,1016_C19orf25_P1P2_ENSG00000119559
k562_62496,62496,nt,NT_POOL
k562_62512,62512,perturbed,1029_C1D_P1P2_ENSG00000197223
k562_62543,62543,perturbed,1016_C19orf25_P1P2_ENSG00000119559
k562_62581,62581,nt,NT_POOL
k562_62656,62656,nt,NT_POOL
k562_62711,62711,nt,NT_POOL
k562_62714,62714,perturbed,10073_ZFC3H1_P1P2_ENSG00000133858
k562_62781,62781,nt,NT_POOL
k562_62841,62841,nt,NT_POOL
k562_62867,62867,perturbed,10152_ZNF100_P1P2_ENSG00000197020
k562_62868,62868,nt,NT_POOL
k562_62952,62952,nt,NT_POOL
k562_63021,63021,nt,NT_POOL
k562_63062,63062,perturbed,10236_ZNF24_P1P2_ENSG00000172466
k562_63123,63123,nt,NT_POOL
k562_63250,63250,perturbed,10152_ZNF100_P1P2_ENSG00000197020
k562_63269,63269,nt,NT_POOL
k562_63339,63339,perturbed,10136_ZMAT2_P1_ENSG00000146007
k562_63429,63429,perturbed,10152_ZNF100_P1P2_ENSG00000197020
k562_63464,63464,nt,NT_POOL
k562_63530,63530,nt,NT_POOL
k562_63551,63551,nt,NT_POOL
k562_63575,63575,nt,NT_POOL
k562_63609,63609,perturbed,10073_ZFC3H1_P1P2_ENSG00000133858
k562_63666,63666,nt,NT_POOL
k562_63687,63687,perturbed,1032_C1QBP_P1P2_ENSG00000108561
k562_63747,63747,nt,NT_POOL
k562_63771,63771,perturbed,10202_ZNF207_P1_ENSG00000010244
k562_63802,63802,nt,NT_POOL
k562_63811,63811,perturbed,10280_ZNF317_P1P2_ENSG00000130803
k562_63848,63848,nt,NT_POOL
k562_64004,64004,perturbed,10136_ZMAT2_P1_ENSG00000146007
k562_64063,64063,nt,NT_POOL
k562_64133,64133,nt,NT_POOL
k562_64141,64141,perturbed,1016_C19orf25_P1P2_ENSG00000119559
k562_64186,64186,perturbed,10041_ZCRB1_P1P2_ENSG00000139168
k562_64220,64220,nt,NT_POOL
k562_64277,64277,nt,NT_POOL
k562_64281,64281,perturbed,10202_ZNF207_P1_ENSG00000010244
k562_64349,64349,nt,NT_POOL
k562_64372,64372,perturbed,1029_C1D_P1P2_ENSG00000197223
k562_64407,64407,nt,NT_POOL
k562_64440,64440,nt,NT_POOL
k562_64441,64441,perturbed,1036_C1orf109_P2_ENSG00000116922
k562_64447,64447,perturbed,1004_C17orf58_P1P2_ENSG00000186665
k562_64470,64470,nt,NT_POOL
k562_64537,64537,nt,NT_POOL
k562_64611,64611,nt,NT_POOL
k562_64662,64662,nt,NT_POOL
k562_64777,64777,nt,NT_POOL
k562_64813,64813,perturbed,10136_ZMAT2_P1_ENSG00000146007
k562_64877,64877,perturbed,10297_ZNF335_P1P2_ENSG00000198026
k562_64895,64895,perturbed,10040_ZCCHC9_P1P2_ENSG00000131732
k562_64912,64912,perturbed,1032_C1QBP_P1P2_ENSG00000108561
k562_64930,64930,nt,NT_POOL
k562_64948,64948,nt,NT_POOL
k562_65030,65030,perturbed,10136_ZMAT2_P1_ENSG00000146007
k562_65075,65075,nt,NT_POOL
k562_65112,65112,nt,NT_POOL
k562_65152,65152,nt,NT_POOL
k562_65193,65193,nt,NT_POOL
k562_65277,65277,nt,NT_POOL
k562_65381,65381,nt,NT_POOL
k562_65395,65395,nt,NT_POOL
k562_65467,65467,nt,NT_POOL
k562_65631,65631,nt,NT_POOL
k562_65653,65653,perturbed,1016_C19orf25_P1P2_ENSG00000119559
k562_65669,65669,nt,NT_POOL
k562_65729,65729,nt,NT_POOL
k562_65771,65771,perturbed,1016_C19orf25_P1P2_ENSG00000119559
k562_65785,65785,perturbed,1029_C1D_P1P2_ENSG00000197223
k562_65797,65797,perturbed,10201_ZNF207_P2_ENSG00000010244
k562_65819,65819,nt,NT_POOL
k562_65837,65837,perturbed,10041_ZCRB1_P1P2_ENSG00000139168
k562_65848,65848,nt,NT_POOL
k562_65918,65918,nt,NT_POOL
k562_65947,65947,nt,NT_POOL
k562_66039,66039,nt,NT_POOL
k562_66094,66094,perturbed,10135_ZMAT2_P2_ENSG00000146007
k562_66105,66105,perturbed,10152_ZNF100_P1P2_ENSG00000197020
k562_66109,66109,nt,NT_POOL
k562_66119,66119,perturbed,10136_ZMAT2_P1_ENSG00000146007
k562_66139,66139,perturbed,10041_ZCRB1_P1P2_ENSG00000139168
k562_66155,66155,nt,NT_POOL
k562_66158,66158,perturbed,10136_ZMAT2_P1_ENSG00000146007
k562_66258,66258,nt,NT_POOL
k562_66315,66315,nt,NT_POOL
k562_66347,66347,perturbed,10297_ZNF335_P1P2_ENSG00000198026
k562_66403,66403,perturbed,10139_ZMAT5_P1P2_ENSG00000100319
k562_66515,66515,perturbed,1032_C1QBP_P1P2_ENSG00000108561
k562_66556,66556,nt,NT_POOL
k562_66568,66568,nt,NT_POOL
k562_66593,66593,perturbed,1029_C1D_P1P2_ENSG00000197223
k562_66612,66612,perturbed,10041_ZCRB1_P1P2_ENSG00000139168
k562_66686,66686,perturbed,10136_ZMAT2_P1_ENSG00000146007
k562_66691,66691,nt,NT_POOL
k562_66711,66711,perturbed,10136_ZMAT2_P1_ENSG00000146007
k562_66784,66784,nt,NT_POOL
k562_66870,66870,perturbed,1029_C1D_P1P2_ENSG00000197223
k562_66938,66938,nt,NT_POOL
k562_66975,66975,nt,NT_POOL
k562_67029,67029,perturbed,1022_C19orf53_P1P2_ENSG00000104979
k562_67079,67079,perturbed,10136_ZMAT2_P1_ENSG00000146007
k562_67137,67137,nt,NT_POOL
k562_67229,67229,nt,NT_POOL
k562_67332,67332,nt,NT_POOL
k562_67429,67429,nt,NT_POOL
k562_67460,67460,perturbed,1016_C19orf25_P1P2_ENSG00000119559
k562_67523,67523,perturbed,1029_C1D_P1P2_ENSG00000197223
k562_67578,67578,nt,NT_POOL
k562_67655,67655,nt,NT_POOL
k562_67692,67692,nt,NT_POOL
k562_67743,67743,nt,NT_POOL
k562_67870,67870,nt,NT_POOL
k562_68009,68009,nt,NT_POOL
k562_68036,68036,perturbed,1016_C19orf25_P1P2_ENSG00000119559
k562_68102,68102,perturbed,10201_ZNF207_P2_ENSG00000010244
k562_68160,68160,nt,NT_POOL
k562_68186,68186,perturbed,1016_C19orf25_P1P2_ENSG00000119559
k562_68284,68284,nt,NT_POOL
k562_68329,68329,perturbed,1036_C1orf109_P2_ENSG00000116922
k562_68367,68367,perturbed,1022_C19orf53_P1P2_ENSG00000104979
k562_68395,68395,nt,NT_POOL
k562_68433,68433,nt,NT_POOL
k562_68455,68455,perturbed,10297_ZNF335_P1P2_ENSG00000198026
k562_68511,68511,perturbed,10297_ZNF335_P1P2_ENSG00000198026
k562_68594,68594,perturbed,10297_ZNF335_P1P2_ENSG00000198026
k562_68599,68599,nt,NT_POOL
k562_68739,68739,perturbed,10201_ZNF207_P2_ENSG00000010244
k562_68795,68795,perturbed,10136_ZMAT2_P1_ENSG00000146007
k562_68827,68827,nt,NT_POOL
k562_69038,69038,nt,NT_POOL
k562_69082,69082,nt,NT_POOL
k562_69118,69118,nt,NT_POOL
k562_69137,69137,nt,NT_POOL
k562_69161,69161,perturbed,10041_ZCRB1_P1P2_ENSG00000139168
k562_69206,69206,nt,NT_POOL
k562_69214,69214,perturbed,10073_ZFC3H1_P1P2_ENSG00000133858
k562_69215,69215,perturbed,1016_C19orf25_P1P2_ENSG00000119559
k562_69356,69356,nt,NT_POOL
k562_69431,69431,nt,NT_POOL
k562_69438,69438,nt,NT_POOL
k562_69534,69534,nt,NT_POOL
k562_69596,69596,nt,NT_POOL
k562_69700,69700,nt,NT_POOL
k562_69763,69763,perturbed,10073_ZFC3H1_P1P2_ENSG00000133858
k562_69833,69833,nt,NT_POOL
k562_70008,70008,nt,NT_POOL
k562_70016,70016,perturbed,10136_ZMAT2_P1_ENSG00000146007
k562_70054,70054,nt,NT_POOL
k562_70117,70117,perturbed,1036_C1orf109_P2_ENSG00000116922
k562_70128,70128,nt,NT_POOL
k562_70199,70199,perturbed,1022_C19orf53_P1P2_ENSG00000104979
k562_70223,70223,nt,NT_POOL
k562_70254,70254,perturbed,10297_ZNF335_P1P2_ENSG00000198026
k562_70378,70378,nt,NT_POOL
k562_70382,70382,perturbed,10202_ZNF207_P1_ENSG00000010244
k562_70418,70418,perturbed,10152_ZNF100_P1P2_ENSG00000197020
k562_70425,70425,nt,NT_POOL
k562_70541,70541,nt,NT_POOL
k562_70586,70586,perturbed,10136_ZMAT2_P1_ENSG00000146007
k562_70593,70593,perturbed,10280_ZNF317_P1P2_ENSG00000130803
k562_70601,70601,nt,NT_POOL
k562_70627,70627,perturbed,1016_C19orf25_P1P2_ENSG00000119559
k562_70671,70671,nt,NT_POOL
k562_70690,70690,perturbed,1035_C1orf109_P1_ENSG00000116922
k562_70770,70770,perturbed,1036_C1orf109_P2_ENSG00000116922
k562_70775,70775,nt,NT_POOL
k562_70814,70814,nt,NT_POOL
k562_70825,70825,perturbed,10040_ZCCHC9_P1P2_ENSG00000131732
k562_70888,70888,perturbed,10041_ZCRB1_P1P2_ENSG00000139168
k562_70906,70906,perturbed,1022_C19orf53_P1P2_ENSG00000104979
k562_70925,70925,perturbed,1032_C1QBP_P1P2_ENSG00000108561
k562_70952,70952,perturbed,1004_C17orf58_P1P2_ENSG00000186665
k562_70963,70963,nt,NT_POOL
k562_71045,71045,nt,NT_POOL
k562_71082,71082,perturbed,1004_C17orf58_P1P2_ENSG00000186665
k562_71142,71142,nt,NT_POOL
k562_71167,71167,perturbed,10136_ZMAT2_P1_ENSG00000146007
k562_71193,71193,nt,NT_POOL
k562_71282,71282,perturbed,10152_ZNF100_P1P2_ENSG00000197020
k562_71300,71300,nt,NT_POOL
k562_71325,71325,perturbed,1029_C1D_P1P2_ENSG00000197223
k562_71407,71407,nt,NT_POOL
k562_71456,71456,perturbed,1022_C19orf53_P1P2_ENSG00000104979
k562_71548,71548,nt,NT_POOL
k562_71697,71697,nt,NT_POOL
k562_71738,71738,nt,NT_POOL
k562_71779,71779,perturbed,10236_ZNF24_P1P2_ENSG00000172466
k562_71882,71882,nt,NT_POOL
k562_72034,72034,nt,NT_POOL
k562_72178,72178,perturbed,1016_C19orf25_P1P2_ENSG00000119559
k562_72234,72234,nt,NT_POOL
k562_72276,72276,perturbed,10236_ZNF24_P1P2_ENSG00000172466
k562_72385,72385,nt,NT_POOL
k562_72418,72418,nt,NT_POOL
k562_72573,72573,perturbed,10136_ZMAT2_P1_ENSG00000146007
k562_72621,72621,perturbed,1022_C19orf53_P1P2_ENSG00000104979
k562_72672,72672,nt,NT_POOL
k562_72747,72747,nt,NT_POOL
k562_72820,72820,perturbed,1032_C1QBP_P1P2_ENSG00000108561
k562_72856,72856,nt,NT_POOL
k562_72937,72937,nt,NT_POOL
k562_73034,73034,perturbed,10136_ZMAT2_P1_ENSG00000146007
k562_73040,73040,perturbed,10202_ZNF207_P1_ENSG00000010244
k562_73062,73062,nt,NT_POOL
k562_73076,73076,perturbed,10073_ZFC3H1_P1P2_ENSG00000133858
k562_73102,73102,perturbed,10136_ZMAT2_P1_ENSG00000146007
k562_73153,73153,nt,NT_POOL
k562_73194,73194,perturbed,10202_ZNF207_P1_ENSG00000010244
k562_73239,73239,nt,NT_POOL
k562_73343,73343,nt,NT_POOL
k562_73360,73360,nt,NT_POOL
k562_73486,73486,nt,NT_POOL
k562_73514,73514,perturbed,1029_C1D_P1P2_ENSG00000197223
k562_73531,73531,nt,NT_POOL
k562_73605,73605,nt,NT_POOL
k562_73662,73662,nt,NT_POOL
k562_73712,73712,nt,NT_POOL
k562_73756,73756,nt,NT_POOL
k562_73893,73893,perturbed,1035_C1orf109_P1_ENSG00000116922
k562_73914,73914,nt,NT_POOL
k562_74016,74016,nt,NT_POOL
k562_74018,74018,perturbed,10280_ZNF317_P1P2_ENSG00000130803
k562_74134,74134,nt,NT_POOL
k562_74345,74345,perturbed,10297_ZNF335_P1P2_ENSG00000198026
k562_74389,74389,nt,NT_POOL
k562_74431,74431,perturbed,10136_ZMAT2_P1_ENSG00000146007
k562_74435,74435,perturbed,1022_C19orf53_P1P2_ENSG00000104979
k562_74519,74519,perturbed,1022_C19orf53_P1P2_ENSG00000104979
k562_74579,74579,nt,NT_POOL
k562_74626,74626,nt,NT_POOL
k562_74679,74679,nt,NT_POOL
k562_74734,74734,nt,NT_POOL
k562_74782,74782,nt,NT_POOL
k562_74795,74795,nt,NT_POOL
k562_74893,74893,perturbed,10201_ZNF207_P2_ENSG00000010244
k562_74953,74953,perturbed,1035_C1orf109_P1_ENSG00000116922
k562_74955,74955,nt,NT_POOL
k562_75004,75004,nt,NT_POOL
k562_75013,75013,perturbed,10136_ZMAT2_P1_ENSG00000146007
k562_75058,75058,perturbed,10136_ZMAT2_P1_ENSG00000146007
k562_75107,75107,perturbed,10152_ZNF100_P1P2_ENSG00000197020
k562_75202,75202,nt,NT_POOL
k562_75334,75334,perturbed,10201_ZNF207_P2_ENSG00000010244
k562_75375,75375,nt,NT_POOL
k562_75388,75388,perturbed,10201_ZNF207_P2_ENSG00000010244
k562_75406,75406,perturbed,10136_ZMAT2_P1_ENSG00000146007
k562_75409,75409,perturbed,1022_C19orf53_P1P2_ENSG00000104979
k562_75483,75483,nt,NT_POOL
k562_75519,75519,nt,NT_POOL
k562_75602,75602,nt,NT_POOL
k562_75760,75760,perturbed,1036_C1orf109_P2_ENSG00000116922
k562_75778,75778,nt,NT_POOL
k562_75861,75861,perturbed,1036_C1orf109_P2_ENSG00000116922
k562_75869,75869,nt,NT_POOL
k562_75883,75883,perturbed,10280_ZNF317_P1P2_ENSG00000130803
k562_75946,75946,perturbed,10139_ZMAT5_P1P2_ENSG00000100319
k562_75956,75956,nt,NT_POOL
k562_75964,75964,perturbed,10041_ZCRB1_P1P2_ENSG00000139168
k562_76012,76012,perturbed,10202_ZNF207_P1_ENSG00000010244
k562_76027,76027,nt,NT_POOL
k562_76029,76029,perturbed,1029_C1D_P1P2_ENSG00000197223
k562_76088,76088,nt,NT_POOL
k562_76175,76175,nt,NT_POOL
k562_76218,76218,perturbed,10041_ZCRB1_P1P2_ENSG00000139168
k562_76253,76253,perturbed,10135_ZMAT2_P2_ENSG00000146007
k562_76275,76275,nt,NT_POOL
k562_76294,76294,perturbed,10297_ZNF335_P1P2_ENSG00000198026
k562_76475,76475,nt,NT_POOL
k562_76629,76629,nt,NT_POOL
k562_76647,76647,perturbed,10297_ZNF335_P1P2_ENSG00000198026
k562_76666,76666,nt,NT_POOL
k562_76734,76734,perturbed,1022_C19orf53_P1P2_ENSG00000104979
k562_76765,76765,nt,NT_POOL
k562_76814,76814,perturbed,10041_ZCRB1_P1P2_ENSG00000139168
k562_76836,76836,perturbed,10041_ZCRB1_P1P2_ENSG00000139168
k562_76863,76863,nt,NT_POOL
k562_76897,76897,nt,NT_POOL
k562_76990,76990,nt,NT_POOL
k562_77051,77051,nt,NT_POOL
k562_77186,77186,nt,NT_POOL
k562_77246,77246,perturbed,10280_ZNF317_P1P2_ENSG00000130803
k562_77254,77254,nt,NT_POOL
k562_77296,77296,nt,NT_POOL
k562_77366,77366,nt,NT_POOL
k562_77459,77459,nt,NT_POOL
k562_77492,77492,perturbed,10139_ZMAT5_P1P2_ENSG00000100319
k562_77610,77610,nt,NT_POOL
k562_77639,77639,perturbed,1004_C17orf58_P1P2_ENSG00000186665
k562_77671,77671,nt,NT_POOL
k562_77682,77682,perturbed,10136_ZMAT2_P1_ENSG00000146007
k562_77703,77703,perturbed,10202_ZNF207_P1_ENSG00000010244
k562_77712,77712,nt,NT_POOL
k562_77752,77752,nt,NT_POOL
k562_77890,77890,perturbed,10136_ZMAT2_P1_ENSG00000146007
k562_77929,77929,perturbed,1004_C17orf58_P1P2_ENSG00000186665
k562_78019,78019,perturbed,1032_C1QBP_P1P2_ENSG00000108561
k562_78047,78047,perturbed,10135_ZMAT2_P2_ENSG00000146007
k562_78104,78104,perturbed,1029_C1D_P1P2_ENSG00000197223
k562_78122,78122,nt,NT_POOL
k562_78155,78155,perturbed,10201_ZNF207_P2_ENSG00000010244
k562_78202,78202,nt,NT_POOL
k562_78245,78245,nt,NT_POOL
k562_78314,78314,nt,NT_POOL
k562_78338,78338,perturbed,1004_C17orf58_P1P2_ENSG00000186665
k562_78346,78346,nt,NT_POOL
k562_78452,78452,nt,NT_POOL
k562_78477,78477,perturbed,1036_C1orf109_P2_ENSG00000116922
k562_78491,78491,nt,NT_POOL
k562_78543,78543,nt,NT_POOL
k562_78565,78565,perturbed,10041_ZCRB1_P1P2_ENSG00000139168
k562_78582,78582,nt,NT_POOL
k562_78603,78603,perturbed,1029_C1D_P1P2_ENSG00000197223
k562_78720,78720,nt,NT_POOL
k562_78745,78745,nt,NT_POOL
k562_78761,78761,perturbed,10073_ZFC3H1_P1P2_ENSG00000133858
k562_78805,78805,nt,NT_POOL
k562_78860,78860,perturbed,1029_C1D_P1P2_ENSG00000197223
k562_78897,78897,perturbed,10152_ZNF100_P1P2_ENSG00000197020
k562_78931,78931,perturbed,10201_ZNF207_P2_ENSG00000010244
k562_78971,78971,perturbed,1036_C1orf109_P2_ENSG00000116922
k562_78974,78974,nt,NT_POOL
k562_79054,79054,nt,NT_POOL
k562_79071,79071,nt,NT_POOL
k562_79133,79133,nt,NT_POOL
k562_79200,79200,nt,NT_POOL
k562_79258,79258,perturbed,10136_ZMAT2_P1_ENSG00000146007
k562_79328,79328,nt,NT_POOL
k562_79381,79381,perturbed,1032_C1QBP_P1P2_ENSG00000108561
k562_79384,79384,nt,NT_POOL
k562_79431,79431,perturbed,10280_ZNF317_P1P2_ENSG00000130803
k562_79445,79445,nt,NT_POOL
k562_79590,79590,nt,NT_POOL
k562_79765,79765,nt,NT_POOL
k562_79851,79851,nt,NT_POOL
k562_79853,79853,perturbed,1032_C1QBP_P1P2_ENSG00000108561
k562_79898,79898,nt,NT_POOL
k562_80054,80054,nt,NT_POOL
k562_80100,80100,perturbed,10073_ZFC3H1_P1P2_ENSG00000133858
k562_80122,80122,nt,NT_POOL
k562_80189,80189,nt,NT_POOL
k562_80252,80252,nt,NT_POOL
k562_80370,80370,nt,NT_POOL
k562_80447,80447,nt,NT_POOL
k562_80560,80560,nt,NT_POOL
k562_80747,80747,nt,NT_POOL
k562_80816,80816,nt,NT_POOL
k562_80898,80898,nt,NT_POOL
k562_80910,80910,perturbed,1036_C1orf109_P2_ENSG00000116922
k562_81019,81019,nt,NT_POOL
k562_81048,81048,nt,NT_POOL
k562_81081,81081,nt,NT_POOL
k562_81175,81175,nt,NT_POOL
k562_81309,81309,perturbed,10136_ZMAT2_P1_ENSG00000146007
k562_81323,81323,perturbed,1036_C1orf109_P2_ENSG00000116922
k562_81334,81334,nt,NT_POOL
k562_81385,81385,nt,NT_POOL
k562_81452,81452,perturbed,1032_C1QBP_P1P2_ENSG00000108561
k562_81534,81534,nt,NT_POOL
k562_81581,81581,perturbed,1022_C19orf53_P1P2_ENSG00000104979
k562_81599,81599,nt,NT_POOL
k562_81696,81696,perturbed,10073_ZFC3H1_P1P2_ENSG00000133858
k562_81716,81716,nt,NT_POOL
k562_81760,81760,perturbed,10073_ZFC3H1_P1P2_ENSG00000133858
k562_81889,81889,nt,NT_POOL
k562_81940,81940,nt,NT_POOL
k562_81943,81943,perturbed,1032_C1QBP_P1P2_ENSG00000108561
k562_81958,81958,nt,NT_POOL
k562_81990,81990,perturbed,10280_ZNF317_P1P2_ENSG00000130803
k562_82082,82082,perturbed,10280_ZNF317_P1P2_ENSG00000130803
k562_82093,82093,perturbed,10073_ZFC3H1_P1P2_ENSG00000133858
k562_82130,82130,nt,NT_POOL
k562_82152,82152,nt,NT_POOL
k562_82157,82157,perturbed,1004_C17orf58_P1P2_ENSG00000186665
k562_82172,82172,perturbed,10139_ZMAT5_P1P2_ENSG00000100319
k562_82216,82216,perturbed,10136_ZMAT2_P1_ENSG00000146007
k562_82238,82238,nt,NT_POOL
k562_82283,82283,nt,NT_POOL
k562_82298,82298,nt,NT_POOL
k562_82392,82392,nt,NT_POOL
k562_82395,82395,perturbed,1032_C1QBP_P1P2_ENSG00000108561
k562_82472,82472,perturbed,10202_ZNF207_P1_ENSG00000010244
k562_82483,82483,nt,NT_POOL
k562_82547,82547,nt,NT_POOL
k562_82622,82622,perturbed,10201_ZNF207_P2_ENSG00000010244
k562_82628,82628,nt,NT_POOL
k562_82707,82707,nt,NT_POOL
k562_82757,82757,nt,NT_POOL
k562_82832,82832,perturbed,10073_ZFC3H1_P1P2_ENSG00000133858
k562_82837,82837,perturbed,10136_ZMAT2_P1_ENSG00000146007
k562_82923,82923,nt,NT_POOL
k562_83035,83035,perturbed,1032_C1QBP_P1P2_ENSG00000108561
k562_83048,83048,nt,NT_POOL
k562_83087,83087,nt,NT_POOL
k562_83113,83113,perturbed,10201_ZNF207_P2_ENSG00000010244
k562_83345,83345,nt,NT_POOL
k562_83377,83377,nt,NT_POOL
k562_83439,83439,perturbed,1016_C19orf25_P1P2_ENSG00000119559
k562_83532,83532,nt,NT_POOL
k562_83641,83641,nt,NT_POOL
k562_83644,83644,perturbed,10236_ZNF24_P1P2_ENSG00000172466
k562_83690,83690,perturbed,1016_C19orf25_P1P2_ENSG00000119559
k562_83844,83844,nt,NT_POOL
k562_83879,83879,perturbed,10135_ZMAT2_P2_ENSG00000146007
k562_83891,83891,perturbed,10135_ZMAT2_P2_ENSG00000146007
k562_83936,83936,nt,NT_POOL
k562_83938,83938,perturbed,10073_ZFC3H1_P1P2_ENSG00000133858
k562_84172,84172,nt,NT_POOL
k562_84194,84194,perturbed,10041_ZCRB1_P1P2_ENSG00000139168
k562_84333,84333,nt,NT_POOL
k562_84375,84375,nt,NT_POOL
k562_84416,84416,perturbed,10201_ZNF207_P2_ENSG00000010244
k562_84493,84493,nt,NT_POOL
k562_84594,84594,perturbed,1016_C19orf25_P1P2_ENSG00000119559
k562_84621,84621,nt,NT_POOL
k562_84670,84670,perturbed,1036_C1orf109_P2_ENSG00000116922
k562_84673,84673,perturbed,10297_ZNF335_P1P2_ENSG00000198026
k562_84714,84714,nt,NT_POOL
k562_84815,84815,perturbed,1036_C1orf109_P2_ENSG00000116922
k562_84844,84844,nt,NT_POOL
k562_84880,84880,perturbed,10041_ZCRB1_P1P2_ENSG00000139168
k562_84941,84941,nt,NT_POOL
k562_84959,84959,perturbed,1032_C1QBP_P1P2_ENSG00000108561
k562_85018,85018,nt,NT_POOL
k562_85047,85047,nt,NT_POOL
k562_85195,85195,nt,NT_POOL
k562_85235,85235,perturbed,1016_C19orf25_P1P2_ENSG00000119559
k562_85291,85291,nt,NT_POOL
k562_85424,85424,nt,NT_POOL
k562_85455,85455,perturbed,1022_C19orf53_P1P2_ENSG00000104979
k562_85482,85482,perturbed,10041_ZCRB1_P1P2_ENSG00000139168
k562_85555,85555,nt,NT_POOL
k562_85569,85569,perturbed,10135_ZMAT2_P2_ENSG00000146007
k562_85636,85636,perturbed,10041_ZCRB1_P1P2_ENSG00000139168
k562_85664,85664,nt,NT_POOL
k562_85702,85702,nt,NT_POOL
k562_85745,85745,perturbed,1016_C19orf25_P1P2_ENSG00000119559
k562_85782,85782,perturbed,1004_C17orf58_P1P2_ENSG00000186665
k562_85789,85789,nt,NT_POOL
k562_85813,85813,nt,NT_POOL
k562_85889,85889,nt,NT_POOL
k562_85897,85897,perturbed,1036_C1orf109_P2_ENSG00000116922
k562_85989,85989,perturbed,1032_C1QBP_P1P2_ENSG00000108561
k562_86025,86025,nt,NT_POOL
k562_86078,86078,nt,NT_POOL
k562_86085,86085,perturbed,1016_C19orf25_P1P2_ENSG00000119559
k562_86107,86107,perturbed,1016_C19orf25_P1P2_ENSG00000119559
k562_86144,86144,nt,NT_POOL
k562_86154,86154,perturbed,10152_ZNF100_P1P2_ENSG00000197020
k562_86207,86207,perturbed,10135_ZMAT2_P2_ENSG00000146007
k562_86215,86215,perturbed,10073_ZFC3H1_P1P2_ENSG00000133858
k562_86236,86236,perturbed,1036_C1orf109_P2_ENSG00000116922
k562_86245,86245,nt,NT_POOL
k562_86328,86328,perturbed,10073_ZFC3H1_P1P2_ENSG00000133858
k562_86371,86371,nt,NT_POOL
k562_86420,86420,perturbed,10136_ZMAT2_P1_ENSG00000146007
k562_86544,86544,nt,NT_POOL
k562_86617,86617,perturbed,10073_ZFC3H1_P1P2_ENSG00000133858
k562_86645,86645,nt,NT_POOL
k562_86661,86661,perturbed,1036_C1orf109_P2_ENSG00000116922
k562_86675,86675,perturbed,1016_C19orf25_P1P2_ENSG00000119559
k562_86709,86709,nt,NT_POOL
k562_86746,86746,nt,NT_POOL
k562_86807,86807,nt,NT_POOL
k562_86873,86873,nt,NT_POOL
k562_86924,86924,nt,NT_POOL
k562_87064,87064,nt,NT_POOL
k562_87125,87125,perturbed,1016_C19orf25_P1P2_ENSG00000119559
k562_87140,87140,nt,NT_POOL
k562_87234,87234,nt,NT_POOL
k562_87259,87259,perturbed,10201_ZNF207_P2_ENSG00000010244
k562_87343,87343,perturbed,1032_C1QBP_P1P2_ENSG00000108561
k562_87354,87354,nt,NT_POOL
k562_87389,87389,perturbed,10136_ZMAT2_P1_ENSG00000146007
k562_87412,87412,perturbed,10152_ZNF100_P1P2_ENSG00000197020
k562_87507,87507,nt,NT_POOL
k562_87557,87557,nt,NT_POOL
k562_87585,87585,nt,NT_POOL
k562_87621,87621,nt,NT_POOL
k562_87720,87720,nt,NT_POOL
k562_87775,87775,nt,NT_POOL
k562_87860,87860,perturbed,10280_ZNF317_P1P2_ENSG00000130803
k562_87879,87879,nt,NT_POOL
k562_87937,87937,nt,NT_POOL
k562_87966,87966,perturbed,1016_C19orf25_P1P2_ENSG00000119559
k562_88014,88014,nt,NT_POOL
k562_88047,88047,perturbed,10297_ZNF335_P1P2_ENSG00000198026
k562_88054,88054,nt,NT_POOL
k562_88109,88109,perturbed,10136_ZMAT2_P1_ENSG00000146007
k562_88116,88116,nt,NT_POOL
k562_88215,88215,perturbed,10040_ZCCHC9_P1P2_ENSG00000131732
k562_88377,88377,nt,NT_POOL
k562_88419,88419,perturbed,10073_ZFC3H1_P1P2_ENSG00000133858
k562_88456,88456,nt,NT_POOL
k562_88511,88511,nt,NT_POOL
k562_88550,88550,nt,NT_POOL
k562_88579,88579,nt,NT_POOL
k562_88605,88605,perturbed,1029_C1D_P1P2_ENSG00000197223
k562_88618,88618,perturbed,10023_ZC3H18_P1P2_ENSG00000158545
k562_88660,88660,perturbed,10136_ZMAT2_P1_ENSG00000146007
k562_88706,88706,nt,NT_POOL
k562_88727,88727,nt,NT_POOL
k562_88744,88744,perturbed,10136_ZMAT2_P1_ENSG00000146007
k562_88747,88747,perturbed,1035_C1orf109_P1_ENSG00000116922
k562_88793,88793,nt,NT_POOL
k562_88880,88880,perturbed,10136_ZMAT2_P1_ENSG00000146007
k562_88971,88971,nt,NT_POOL
k562_89015,89015,perturbed,10297_ZNF335_P1P2_ENSG00000198026
k562_89032,89032,nt,NT_POOL
k562_89061,89061,nt,NT_POOL
k562_89106,89106,perturbed,10136_ZMAT2_P1_ENSG00000146007
k562_89123,89123,nt,NT_POOL
k562_89163,89163,nt,NT_POOL
k562_89201,89201,nt,NT_POOL
k562_89254,89254,nt,NT_POOL
k562_89286,89286,perturbed,10073_ZFC3H1_P1P2_ENSG00000133858
k562_89306,89306,perturbed,10136_ZMAT2_P1_ENSG00000146007
k562_89367,89367,nt,NT_POOL
k562_89460,89460,perturbed,10152_ZNF100_P1P2_ENSG00000197020
k562_89475,89475,nt,NT_POOL
k562_89531,89531,nt,NT_POOL
k562_89597,89597,perturbed,10073_ZFC3H1_P1P2_ENSG00000133858
k562_89607,89607,nt,NT_POOL
k562_89728,89728,perturbed,1032_C1QBP_P1P2_ENSG00000108561
k562_89730,89730,nt,NT_POOL
k562_89784,89784,perturbed,1022_C19orf53_P1P2_ENSG00000104979
k562_89797,89797,nt,NT_POOL
k562_89820,89820,perturbed,1036_C1orf109_P2_ENSG00000116922
k562_89825,89825,nt,NT_POOL
k562_89831,89831,perturbed,1016_C19orf25_P1P2_ENSG00000119559
k562_89869,89869,nt,NT_POOL
k562_89896,89896,nt,NT_POOL
k562_90011,90011,nt,NT_POOL
k562_90161,90161,nt,NT_POOL
k562_90228,90228,nt,NT_POOL
k562_90306,90306,nt,NT_POOL
k562_90401,90401,nt,NT_POOL
k562_90412,90412,perturbed,10280_ZNF317_P1P2_ENSG00000130803
k562_90491,90491,perturbed,10139_ZMAT5_P1P2_ENSG00000100319
k562_90528,90528,nt,NT_POOL
k562_90646,90646,perturbed,1016_C19orf25_P1P2_ENSG00000119559
k562_90713,90713,nt,NT_POOL
k562_90749,90749,perturbed,10297_ZNF335_P1P2_ENSG00000198026
k562_90765,90765,nt,NT_POOL
k562_90851,90851,nt,NT_POOL
k562_90883,90883,perturbed,10136_ZMAT2_P1_ENSG00000146007
k562_90945,90945,nt,NT_POOL
k562_90978,90978,nt,NT_POOL
k562_91016,91016,perturbed,10152_ZNF100_P1P2_ENSG00000197020
k562_91085,91085,perturbed,10135_ZMAT2_P2_ENSG00000146007
k562_91105,91105,nt,NT_POOL
k562_91127,91127,nt,NT_POOL
k562_91128,91128,perturbed,1016_C19orf25_P1P2_ENSG00000119559
k562_91314,91314,nt,NT_POOL
k562_91347,91347,perturbed,1022_C19orf53_P1P2_ENSG00000104979
k562_91366,91366,nt,NT_POOL
k562_91400,91400,nt,NT_POOL
k562_91444,91444,nt,NT_POOL
k562_91470,91470,nt,NT_POOL
k562_91544,91544,nt,NT_POOL
k562_91610,91610,nt,NT_POOL
k562_91640,91640,perturbed,10201_ZNF207_P2_ENSG00000010244
k562_91661,91661,perturbed,1032_C1QBP_P1P2_ENSG00000108561
k562_91721,91721,nt,NT_POOL
k562_91732,91732,perturbed,10073_ZFC3H1_P1P2_ENSG00000133858
k562_91787,91787,nt,NT_POOL
k562_91982,91982,nt,NT_POOL
k562_92093,92093,nt,NT_POOL
k562_92104,92104,perturbed,10297_ZNF335_P1P2_ENSG00000198026
k562_92140,92140,nt,NT_POOL
k562_92200,92200,perturbed,1016_C19orf25_P1P2_ENSG00000119559
k562_92282,92282,nt,NT_POOL
k562_92365,92365,nt,NT_POOL
k562_92415,92415,perturbed,10152_ZNF100_P1P2_ENSG00000197020
k562_92420,92420,perturbed,10136_ZMAT2_P1_ENSG00000146007
k562_92435,92435,nt,NT_POOL
k562_92567,92567,perturbed,10040_ZCCHC9_P1P2_ENSG00000131732
k562_92579,92579,perturbed,10139_ZMAT5_P1P2_ENSG00000100319
k562_92583,92583,nt,NT_POOL
k562_92610,92610,nt,NT_POOL
k562_92629,92629,perturbed,1036_C1orf109_P2_ENSG00000116922
k562_92736,92736,nt,NT_POOL
k562_92807,92807,nt,NT_POOL
k562_92842,92842,perturbed,10201_ZNF207_P2_ENSG00000010244
k562_92843,92843,perturbed,1032_C1QBP_P1P2_ENSG00000108561
k562_92929,92929,perturbed,10040_ZCCHC9_P1P2_ENSG00000131732
k562_92947,92947,nt,NT_POOL
k562_93051,93051,nt,NT_POOL
k562_93069,93069,nt,NT_POOL
k562_93089,93089,perturbed,10280_ZNF317_P1P2_ENSG00000130803
k562_93134,93134,nt,NT_POOL
k562_93152,93152,perturbed,10201_ZNF207_P2_ENSG00000010244
k562_93176,93176,perturbed,1016_C19orf25_P1P2_ENSG00000119559
k562_93213,93213,perturbed,1016_C19orf25_P1P2_ENSG00000119559
k562_93262,93262,nt,NT_POOL
k562_93313,93313,nt,NT_POOL
k562_93328,93328,perturbed,1029_C1D_P1P2_ENSG00000197223
k562_93346,93346,perturbed,1032_C1QBP_P1P2_ENSG00000108561
k562_93379,93379,nt,NT_POOL
k562_93394,93394,perturbed,1016_C19orf25_P1P2_ENSG00000119559
k562_93566,93566,nt,NT_POOL
k562_93620,93620,perturbed,1016_C19orf25_P1P2_ENSG00000119559
k562_93625,93625,perturbed,1016_C19orf25_P1P2_ENSG00000119559
k562_93665,93665,perturbed,10201_ZNF207_P2_ENSG00000010244
k562_93727,93727,nt,NT_POOL
k562_93778,93778,nt,NT_POOL
k562_93994,93994,nt,NT_POOL
k562_94042,94042,perturbed,10152_ZNF100_P1P2_ENSG00000197020
k562_94087,94087,perturbed,10139_ZMAT5_P1P2_ENSG00000100319
k562_94106,94106,nt,NT_POOL
k562_94133,94133,nt,NT_POOL
k562_94191,94191,nt,NT_POOL
k562_94214,94214,perturbed,1029_C1D_P1P2_ENSG00000197223
k562_94231,94231,nt,NT_POOL
k562_94239,94239,perturbed,1016_C19orf25_P1P2_ENSG00000119559
k562_94299,94299,nt,NT_POOL
k562_94330,94330,perturbed,10073_ZFC3H1_P1P2_ENSG00000133858
k562_94434,94434,nt,NT_POOL
k562_94455,94455,nt,NT_POOL
k562_94474,94474,nt,NT_POOL
k562_94520,94520,perturbed,10152_ZNF100_P1P2_ENSG00000197020
k562_94531,94531,nt,NT_POOL
k562_94554,94554,perturbed,10297_ZNF335_P1P2_ENSG00000198026
k562_94574,94574,nt,NT_POOL
k562_94586,94586,perturbed,1022_C19orf53_P1P2_ENSG00000104979
k562_94617,94617,nt,NT_POOL
k562_94686,94686,perturbed,1029_C1D_P1P2_ENSG00000197223
k562_94730,94730,nt,NT_POOL
k562_94805,94805,perturbed,1029_C1D_P1P2_ENSG00000197223
k562_94820,94820,nt,NT_POOL
k562_94869,94869,perturbed,10280_ZNF317_P1P2_ENSG00000130803
k562_94876,94876,perturbed,1016_C19orf25_P1P2_ENSG00000119559
k562_94934,94934,nt,NT_POOL
k562_94958,94958,perturbed,1035_C1orf109_P1_ENSG00000116922
k562_95001,95001,nt,NT_POOL
k562_95070,95070,nt,NT_POOL
k562_95193,95193,nt,NT_POOL
k562_95212,95212,perturbed,10040_ZCCHC9_P1P2_ENSG00000131732
k562_95309,95309,perturbed,1022_C19orf53_P1P2_ENSG00000104979
k562_95376,95376,perturbed,10041_ZCRB1_P1P2_ENSG00000139168
k562_95385,95385,perturbed,1029_C1D_P1P2_ENSG00000197223
k562_95421,95421,perturbed,10201_ZNF207_P2_ENSG00000010244
k562_95425,95425,nt,NT_POOL
k562_95426,95426,perturbed,1032_C1QBP_P1P2_ENSG00000108561
k562_95446,95446,perturbed,1036_C1orf109_P2_ENSG00000116922
k562_95470,95470,nt,NT_POOL
k562_95506,95506,nt,NT_POOL
k562_95551,95551,perturbed,10041_ZCRB1_P1P2_ENSG00000139168
k562_95739,95739,nt,NT_POOL
k562_95777,95777,nt,NT_POOL
k562_95819,95819,nt,NT_POOL
k562_95885,95885,nt,NT_POOL
k562_95993,95993,nt,NT_POOL
k562_96140,96140,perturbed,1032_C1QBP_P1P2_ENSG00000108561
k562_96142,96142,perturbed,10136_ZMAT2_P1_ENSG00000146007
k562_96152,96152,nt,NT_POOL
k562_96158,96158,perturbed,10280_ZNF317_P1P2_ENSG00000130803
k562_96251,96251,perturbed,1035_C1orf109_P1_ENSG00000116922
k562_96378,96378,nt,NT_POOL
k562_96423,96423,perturbed,1022_C19orf53_P1P2_ENSG00000104979
k562_96559,96559,nt,NT_POOL
k562_96568,96568,perturbed,1029_C1D_P1P2_ENSG00000197223
k562_96657,96657,nt,NT_POOL
k562_96755,96755,nt,NT_POOL
k562_96819,96819,perturbed,10280_ZNF317_P1P2_ENSG00000130803
k562_96861,96861,perturbed,10136_ZMAT2_P1_ENSG00000146007
k562_96863,96863,nt,NT_POOL
k562_96947,96947,nt,NT_POOL
k562_97006,97006,perturbed,1036_C1orf109_P2_ENSG00000116922
k562_97011,97011,nt,NT_POOL
k562_97049,97049,perturbed,10139_ZMAT5_P1P2_ENSG00000100319
k562_97110,97110,perturbed,10136_ZMAT2_P1_ENSG00000146007
k562_97111,97111,nt,NT_POOL
k562_97242,97242,nt,NT_POOL
k562_97324,97324,perturbed,10136_ZMAT2_P1_ENSG00000146007
k562_97326,97326,nt,NT_POOL
k562_97414,97414,nt,NT_POOL
k562_97437,97437,perturbed,1016_C19orf25_P1P2_ENSG00000119559
k562_97498,97498,perturbed,10202_ZNF207_P1_ENSG00000010244
k562_97539,97539,nt,NT_POOL
k562_97584,97584,perturbed,10040_ZCCHC9_P1P2_ENSG00000131732
k562_97651,97651,nt,NT_POOL
k562_97678,97678,perturbed,1029_C1D_P1P2_ENSG00000197223
k562_97708,97708,nt,NT_POOL
k562_97717,97717,nt,NT_POOL
k562_97734,97734,perturbed,1016_C19orf25_P1P2_ENSG00000119559
k562_97874,97874,nt,NT_POOL
k562_97951,97951,perturbed,1016_C19orf25_P1P2_ENSG00000119559
k562_97972,97972,nt,NT_POOL
k562_98018,98018,nt,NT_POOL
k562_98055,98055,nt,NT_POOL
k562_98178,98178,nt,NT_POOL
k562_98230,98230,nt,NT_POOL
k562_98285,98285,nt,NT_POOL
k562_98416,98416,nt,NT_POOL
k562_98463,98463,nt,NT_POOL
k562_98515,98515,perturbed,10136_ZMAT2_P1_ENSG00000146007
k562_98552,98552,nt,NT_POOL
k562_98603,98603,perturbed,10135_ZMAT2_P2_ENSG00000146007
k562_98609,98609,perturbed,10136_ZMAT2_P1_ENSG00000146007
k562_98701,98701,perturbed,10139_ZMAT5_P1P2_ENSG00000100319
k562_98713,98713,nt,NT_POOL
k562_98814,98814,nt,NT_POOL
k562_98893,98893,nt,NT_POOL
k562_98964,98964,nt,NT_POOL
k562_98999,98999,perturbed,10136_ZMAT2_P1_ENSG00000146007
k562_99112,99112,nt,NT_POOL
k562_99176,99176,nt,NT_POOL
k562_99182,99182,perturbed,1022_C19orf53_P1P2_ENSG00000104979
k562_99344,99344,nt,NT_POOL
k562_99527,99527,nt,NT_POOL
k562_99567,99567,nt,NT_POOL
k562_99664,99664,perturbed,10073_ZFC3H1_P1P2_ENSG00000133858
k562_99748,99748,nt,NT_POOL
k562_99867,99867,perturbed,10073_ZFC3H1_P1P2_ENSG00000133858
k562_99875,99875,nt,NT_POOL
k562_99886,99886,nt,NT_POOL
k562_99935,99935,perturbed,10139_ZMAT5_P1P2_ENSG00000100319
k562_99970,99970,nt,NT_POOL
k562_100006,100006,perturbed,1029_C1D_P1P2_ENSG00000197223
k562_100012,100012,nt,NT_POOL
k562_100087,100087,perturbed,1029_C1D_P1P2_ENSG00000197223
k562_100098,100098,nt,NT_POOL
k562_100310,100310,nt,NT_POOL
k562_100364,100364,perturbed,1029_C1D_P1P2_ENSG00000197223
k562_100402,100402,nt,NT_POOL
k562_100456,100456,perturbed,10073_ZFC3H1_P1P2_ENSG00000133858
k562_100460,100460,nt,NT_POOL
k562_100507,100507,perturbed,1032_C1QBP_P1P2_ENSG00000108561
k562_100514,100514,nt,NT_POOL
k562_100580,100580,nt,NT_POOL
k562_100604,100604,nt,NT_POOL
k562_100783,100783,nt,NT_POOL
k562_100903,100903,nt,NT_POOL
k562_100918,100918,perturbed,10152_ZNF100_P1P2_ENSG00000197020
k562_100941,100941,nt,NT_POOL
k562_100995,100995,nt,NT_POOL
k562_101060,101060,perturbed,10136_ZMAT2_P1_ENSG00000146007
k562_101153,101153,nt,NT_POOL
k562_101222,101222,nt,NT_POOL
k562_101285,101285,nt,NT_POOL
k562_101377,101377,perturbed,10152_ZNF100_P1P2_ENSG00000197020
k562_101401,101401,nt,NT_POOL
k562_101526,101526,perturbed,10139_ZMAT5_P1P2_ENSG00000100319
k562_101551,101551,perturbed,10136_ZMAT2_P1_ENSG00000146007
k562_101585,101585,nt,NT_POOL
k562_101705,101705,nt,NT_POOL
k562_101709,101709,perturbed,1022_C19orf53_P1P2_ENSG00000104979
k562_101804,101804,nt,NT_POOL
k562_101908,101908,nt,NT_POOL
k562_101921,101921,perturbed,10201_ZNF207_P2_ENSG00000010244
k562_101989,101989,nt,NT_POOL
k562_102019,102019,perturbed,1029_C1D_P1P2_ENSG00000197223
k562_102125,102125,nt,NT_POOL
k562_102327,102327,nt,NT_POOL
k562_102450,102450,nt,NT_POOL
k562_102462,102462,perturbed,10136_ZMAT2_P1_ENSG00000146007
k562_102488,102488,nt,NT_POOL
k562_102549,102549,perturbed,1036_C1orf109_P2_ENSG00000116922
k562_102557,102557,perturbed,10297_ZNF335_P1P2_ENSG00000198026
k562_102569,102569,nt,NT_POOL
k562_102614,102614,perturbed,10023_ZC3H18_P1P2_ENSG00000158545
k562_102709,102709,nt,NT_POOL
k562_102802,102802,nt,NT_POOL
k562_102869,102869,nt,NT_POOL
k562_102937,102937,perturbed,10297_ZNF335_P1P2_ENSG00000198026
k562_102987,102987,nt,NT_POOL
k562_103014,103014,perturbed,10297_ZNF335_P1P2_ENSG00000198026
k562_103130,103130,nt,NT_POOL
k562_103136,103136,nt,NT_POOL
k562_103169,103169,nt,NT_POOL
k562_103226,103226,perturbed,10135_ZMAT2_P2_ENSG00000146007
k562_103230,103230,nt,NT_POOL
k562_103373,103373,nt,NT_POOL
k562_103403,103403,nt,NT_POOL
k562_103439,103439,perturbed,10139_ZMAT5_P1P2_ENSG00000100319
k562_103509,103509,nt,NT_POOL
k562_103603,103603,perturbed,1032_C1QBP_P1P2_ENSG00000108561
k562_103688,103688,nt,NT_POOL
k562_103694,103694,perturbed,10073_ZFC3H1_P1P2_ENSG00000133858
k562_103754,103754,nt,NT_POOL
k562_103774,103774,perturbed,10136_ZMAT2_P1_ENSG00000146007
k562_103836,103836,nt,NT_POOL
k562_103842,103842,perturbed,1036_C1orf109_P2_ENSG00000116922
k562_103903,103903,nt,NT_POOL
k562_103913,103913,perturbed,1032_C1QBP_P1P2_ENSG00000108561
k562_103945,103945,nt,NT_POOL
k562_104072,104072,nt,NT_POOL
k562_104127,104127,perturbed,10280_ZNF317_P1P2_ENSG00000130803
k562_104241,104241,nt,NT_POOL
k562_104282,104282,perturbed,1022_C19orf53_P1P2_ENSG00000104979
k562_104286,104286,nt,NT_POOL
k562_104341,104341,nt,NT_POOL
k562_104401,104401,nt,NT_POOL
k562_104486,104486,perturbed,10135_ZMAT2_P2_ENSG00000146007
k562_104495,104495,perturbed,10201_ZNF207_P2_ENSG00000010244
k562_104508,104508,perturbed,10280_ZNF317_P1P2_ENSG00000130803
k562_104517,104517,nt,NT_POOL
k562_104544,104544,nt,NT_POOL
k562_104595,104595,perturbed,1016_C19orf25_P1P2_ENSG00000119559
k562_104634,104634,perturbed,10136_ZMAT2_P1_ENSG00000146007
k562_104643,104643,nt,NT_POOL
k562_104686,104686,nt,NT_POOL
k562_104723,104723,nt,NT_POOL
k562_104774,104774,nt,NT_POOL
k562_104863,104863,perturbed,1029_C1D_P1P2_ENSG00000197223
k562_104957,104957,nt,NT_POOL
k562_105063,105063,nt,NT_POOL
k562_105136,105136,nt,NT_POOL
k562_105174,105174,perturbed,1029_C1D_P1P2_ENSG00000197223
k562_105180,105180,perturbed,10201_ZNF207_P2_ENSG00000010244
k562_105233,105233,nt,NT_POOL
k562_105358,105358,nt,NT_POOL
k562_105439,105439,nt,NT_POOL
k562_105454,105454,perturbed,10236_ZNF24_P1P2_ENSG00000172466
k562_105487,105487,perturbed,1022_C19orf53_P1P2_ENSG00000104979
k562_105492,105492,perturbed,10236_ZNF24_P1P2_ENSG00000172466
k562_105501,105501,perturbed,1036_C1orf109_P2_ENSG00000116922
k562_105537,105537,nt,NT_POOL
k562_105582,105582,perturbed,10152_ZNF100_P1P2_ENSG00000197020
k562_105616,105616,perturbed,1029_C1D_P1P2_ENSG00000197223
k562_105707,105707,nt,NT_POOL
k562_105790,105790,nt,NT_POOL
k562_105850,105850,nt,NT_POOL
k562_105851,105851,perturbed,1016_C19orf25_P1P2_ENSG00000119559
k562_105881,105881,nt,NT_POOL
k562_105975,105975,perturbed,1029_C1D_P1P2_ENSG00000197223
k562_106007,106007,perturbed,1032_C1QBP_P1P2_ENSG00000108561
k562_106041,106041,perturbed,10135_ZMAT2_P2_ENSG00000146007
k562_106203,106203,nt,NT_POOL
k562_106378,106378,nt,NT_POOL
k562_106414,106414,nt,NT_POOL
k562_106489,106489,nt,NT_POOL
k562_106530,106530,nt,NT_POOL
k562_106538,106538,perturbed,1036_C1orf109_P2_ENSG00000116922
k562_106577,106577,nt,NT_POOL
k562_106651,106651,nt,NT_POOL
k562_106806,106806,nt,NT_POOL
k562_106817,106817,perturbed,10297_ZNF335_P1P2_ENSG00000198026
k562_106934,106934,perturbed,10040_ZCCHC9_P1P2_ENSG00000131732
k562_106936,106936,nt,NT_POOL
k562_106963,106963,perturbed,10201_ZNF207_P2_ENSG00000010244
k562_107014,107014,perturbed,10280_ZNF317_P1P2_ENSG00000130803
k562_107105,107105,perturbed,10135_ZMAT2_P2_ENSG00000146007
k562_107111,107111,perturbed,10139_ZMAT5_P1P2_ENSG00000100319
k562_107113,107113,perturbed,10040_ZCCHC9_P1P2_ENSG00000131732
k562_107180,107180,nt,NT_POOL
k562_107201,107201,perturbed,10201_ZNF207_P2_ENSG00000010244
k562_107208,107208,nt,NT_POOL
k562_107220,107220,perturbed,10136_ZMAT2_P1_ENSG00000146007
k562_107249,107249,perturbed,10236_ZNF24_P1P2_ENSG00000172466
k562_107271,107271,nt,NT_POOL
k562_107296,107296,perturbed,10297_ZNF335_P1P2_ENSG00000198026
k562_107323,107323,nt,NT_POOL
k562_107328,107328,perturbed,10297_ZNF335_P1P2_ENSG00000198026
k562_107487,107487,nt,NT_POOL
k562_107527,107527,nt,NT_POOL
k562_107563,107563,perturbed,10297_ZNF335_P1P2_ENSG00000198026
k562_107574,107574,nt,NT_POOL
k562_107596,107596,perturbed,10041_ZCRB1_P1P2_ENSG00000139168
k562_107624,107624,nt,NT_POOL
k562_107697,107697,perturbed,1004_C17orf58_P1P2_ENSG00000186665
k562_107727,107727,nt,NT_POOL
k562_107856,107856,nt,NT_POOL
k562_107947,107947,perturbed,10136_ZMAT2_P1_ENSG00000146007
k562_107961,107961,perturbed,10136_ZMAT2_P1_ENSG00000146007
k562_108011,108011,nt,NT_POOL
k562_108145,108145,nt,NT_POOL
k562_108238,108238,nt,NT_POOL
k562_108318,108318,perturbed,1035_C1orf109_P1_ENSG00000116922
k562_108385,108385,nt,NT_POOL
k562_108414,108414,nt,NT_POOL
k562_108506,108506,nt,NT_POOL
k562_108539,108539,perturbed,1029_C1D_P1P2_ENSG00000197223
k562_108601,108601,nt,NT_POOL
k562_108668,108668,perturbed,10201_ZNF207_P2_ENSG00000010244
k562_108725,108725,perturbed,10202_ZNF207_P1_ENSG00000010244
k562_108806,108806,nt,NT_POOL
k562_108871,108871,nt,NT_POOL
k562_108957,108957,nt,NT_POOL
k562_109066,109066,nt,NT_POOL
k562_109101,109101,nt,NT_POOL
k562_109177,109177,nt,NT_POOL
k562_109269,109269,perturbed,10136_ZMAT2_P1_ENSG00000146007
k562_109342,109342,nt,NT_POOL
k562_109412,109412,nt,NT_POOL
k562_109482,109482,nt,NT_POOL
k562_109546,109546,nt,NT_POOL
k562_109587,109587,perturbed,1032_C1QBP_P1P2_ENSG00000108561
k562_109616,109616,nt,NT_POOL
k562_109638,109638,perturbed,1029_C1D_P1P2_ENSG00000197223
k562_109663,109663,nt,NT_POOL
k562_109678,109678,perturbed,10297_ZNF335_P1P2_ENSG00000198026
k562_109698,109698,perturbed,1022_C19orf53_P1P2_ENSG00000104979
k562_109821,109821,nt,NT_POOL
k562_109849,109849,perturbed,10202_ZNF207_P1_ENSG00000010244
k562_109913,109913,perturbed,10236_ZNF24_P1P2_ENSG00000172466
k562_109944,109944,nt,NT_POOL
k562_110014,110014,nt,NT_POOL
k562_110083,110083,perturbed,10236_ZNF24_P1P2_ENSG00000172466
k562_110122,110122,perturbed,10136_ZMAT2_P1_ENSG00000146007
k562_110156,110156,nt,NT_POOL
k562_110215,110215,nt,NT_POOL
k562_110315,110315,perturbed,10139_ZMAT5_P1P2_ENSG00000100319
k562_110332,110332,nt,NT_POOL
k562_110405,110405,nt,NT_POOL
k562_110429,110429,nt,NT_POOL
k562_110510,110510,nt,NT_POOL
k562_110573,110573,nt,NT_POOL
k562_110597,110597,perturbed,10201_ZNF207_P2_ENSG00000010244
k562_110722,110722,nt,NT_POOL
k562_110784,110784,perturbed,10201_ZNF207_P2_ENSG00000010244
k562_110848,110848,perturbed,10023_ZC3H18_P1P2_ENSG00000158545
k562_110867,110867,nt,NT_POOL
k562_110930,110930,nt,NT_POOL
k562_110935,110935,perturbed,1035_C1orf109_P1_ENSG00000116922
k562_111036,111036,nt,NT_POOL
k562_111071,111071,nt,NT_POOL
k562_111165,111165,nt,NT_POOL
k562_111205,111205,perturbed,1032_C1QBP_P1P2_ENSG00000108561
k562_111254,111254,perturbed,10152_ZNF100_P1P2_ENSG00000197020
k562_111259,111259,perturbed,1029_C1D_P1P2_ENSG00000197223
k562_111261,111261,perturbed,10297_ZNF335_P1P2_ENSG00000198026
k562_111331,111331,perturbed,10073_ZFC3H1_P1P2_ENSG00000133858
k562_111342,111342,nt,NT_POOL
k562_111363,111363,perturbed,1016_C19orf25_P1P2_ENSG00000119559
k562_111465,111465,nt,NT_POOL
k562_111526,111526,nt,NT_POOL
k562_111650,111650,perturbed,1004_C17orf58_P1P2_ENSG00000186665
k562_111651,111651,perturbed,10136_ZMAT2_P1_ENSG00000146007
k562_111667,111667,nt,NT_POOL
k562_111692,111692,perturbed,10136_ZMAT2_P1_ENSG00000146007
k562_111711,111711,perturbed,10041_ZCRB1_P1P2_ENSG00000139168
k562_111740,111740,nt,NT_POOL
k562_111801,111801,nt,NT_POOL
k562_111866,111866,perturbed,1035_C1orf109_P1_ENSG00000116922
k562_111975,111975,perturbed,10201_ZNF207_P2_ENSG00000010244
k562_111992,111992,nt,NT_POOL
k562_112100,112100,nt,NT_POOL
k562_112204,112204,nt,NT_POOL
k562_112233,112233,perturbed,10073_ZFC3H1_P1P2_ENSG00000133858
k562_112316,112316,nt,NT_POOL
k562_112324,112324,perturbed,10136_ZMAT2_P1_ENSG00000146007
k562_112366,112366,perturbed,10073_ZFC3H1_P1P2_ENSG00000133858
k562_112376,112376,nt,NT_POOL
k562_112397,112397,perturbed,10073_ZFC3H1_P1P2_ENSG00000133858
k562_112435,112435,nt,NT_POOL
k562_112575,112575,nt,NT_POOL
k562_112703,112703,perturbed,10073_ZFC3H1_P1P2_ENSG00000133858
k562_112753,112753,perturbed,1029_C1D_P1P2_ENSG00000197223
k562_112801,112801,nt,NT_POOL
k562_112845,112845,nt,NT_POOL
k562_112893,112893,perturbed,10236_ZNF24_P1P2_ENSG00000172466
k562_112909,112909,nt,NT_POOL
k562_113004,113004,nt,NT_POOL
k562_113030,113030,nt,NT_POOL
k562_113126,113126,nt,NT_POOL
k562_113276,113276,nt,NT_POOL
k562_113339,113339,nt,NT_POOL
k562_113426,113426,perturbed,1032_C1QBP_P1P2_ENSG00000108561
k562_113502,113502,perturbed,1032_C1QBP_P1P2_ENSG00000108561
k562_113529,113529,nt,NT_POOL
k562_113553,113553,perturbed,1032_C1QBP_P1P2_ENSG00000108561
k562_113565,113565,nt,NT_POOL
k562_113645,113645,nt,NT_POOL
k562_113743,113743,perturbed,10297_ZNF335_P1P2_ENSG00000198026
k562_113818,113818,perturbed,10136_ZMAT2_P1_ENSG00000146007
k562_113825,113825,nt,NT_POOL
k562_113863,113863,perturbed,1032_C1QBP_P1P2_ENSG00000108561
k562_113877,113877,nt,NT_POOL
k562_113918,113918,perturbed,1032_C1QBP_P1P2_ENSG00000108561
k562_113991,113991,nt,NT_POOL
k562_114030,114030,perturbed,1029_C1D_P1P2_ENSG00000197223
k562_114032,114032,perturbed,1022_C19orf53_P1P2_ENSG00000104979
k562_114040,114040,perturbed,10139_ZMAT5_P1P2_ENSG00000100319
k562_114095,114095,nt,NT_POOL
k562_114128,114128,nt,NT_POOL
k562_114189,114189,nt,NT_POOL
k562_114348,114348,perturbed,1022_C19orf53_P1P2_ENSG00000104979
k562_114473,114473,nt,NT_POOL
k562_114542,114542,nt,NT_POOL
k562_114595,114595,nt,NT_POOL
k562_114671,114671,perturbed,10297_ZNF335_P1P2_ENSG00000198026
k562_114678,114678,perturbed,10023_ZC3H18_P1P2_ENSG00000158545
k562_114763,114763,nt,NT_POOL
k562_114860,114860,nt,NT_POOL
k562_114902,114902,nt,NT_POOL
k562_114931,114931,perturbed,10136_ZMAT2_P1_ENSG00000146007
k562_114991,114991,perturbed,1029_C1D_P1P2_ENSG00000197223
k562_115043,115043,nt,NT_POOL
k562_115059,115059,perturbed,10023_ZC3H18_P1P2_ENSG00000158545
k562_115131,115131,nt,NT_POOL
k562_115174,115174,nt,NT_POOL
k562_115253,115253,perturbed,10073_ZFC3H1_P1P2_ENSG00000133858
k562_115262,115262,perturbed,10136_ZMAT2_P1_ENSG00000146007
k562_115363,115363,nt,NT_POOL
k562_115479,115479,nt,NT_POOL
k562_115522,115522,nt,NT_POOL
k562_115599,115599,perturbed,1022_C19orf53_P1P2_ENSG00000104979
k562_115665,115665,nt,NT_POOL
k562_115698,115698,perturbed,1032_C1QBP_P1P2_ENSG00000108561
k562_115808,115808,nt,NT_POOL
k562_115826,115826,nt,NT_POOL
k562_115844,115844,perturbed,1022_C19orf53_P1P2_ENSG00000104979
k562_115894,115894,perturbed,10136_ZMAT2_P1_ENSG00000146007
k562_115920,115920,nt,NT_POOL
k562_115935,115935,perturbed,1004_C17orf58_P1P2_ENSG00000186665
k562_115961,115961,perturbed,10139_ZMAT5_P1P2_ENSG00000100319
k562_116039,116039,nt,NT_POOL
k562_116218,116218,nt,NT_POOL
k562_116365,116365,perturbed,10280_ZNF317_P1P2_ENSG00000130803
k562_116409,116409,nt,NT_POOL
k562_116441,116441,perturbed,1036_C1orf109_P2_ENSG00000116922
k562_116510,116510,nt,NT_POOL
k562_116722,116722,nt,NT_POOL
k562_116812,116812,nt,NT_POOL
k562_116835,116835,nt,NT_POOL
k562_116926,116926,nt,NT_POOL
k562_117001,117001,perturbed,10139_ZMAT5_P1P2_ENSG00000100319
k562_117068,117068,nt,NT_POOL
k562_117116,117116,perturbed,1029_C1D_P1P2_ENSG00000197223
k562_117184,117184,nt,NT_POOL
k562_117217,117217,nt,NT_POOL
k562_117302,117302,nt,NT_POOL
k562_117348,117348,nt,NT_POOL
k562_117430,117430,nt,NT_POOL
k562_117440,117440,perturbed,10152_ZNF100_P1P2_ENSG00000197020
k562_117488,117488,perturbed,10202_ZNF207_P1_ENSG00000010244
k562_117511,117511,nt,NT_POOL
k562_117574,117574,nt,NT_POOL
k562_117607,117607,perturbed,10201_ZNF207_P2_ENSG00000010244
k562_117683,117683,nt,NT_POOL
k562_117703,117703,perturbed,1032_C1QBP_P1P2_ENSG00000108561
k562_117786,117786,nt,NT_POOL
k562_117861,117861,perturbed,1036_C1orf109_P2_ENSG00000116922
k562_117910,117910,nt,NT_POOL
k562_117971,117971,perturbed,10201_ZNF207_P2_ENSG00000010244
k562_117972,117972,nt,NT_POOL
k562_118004,118004,nt,NT_POOL
k562_118028,118028,perturbed,10139_ZMAT5_P1P2_ENSG00000100319
k562_118116,118116,nt,NT_POOL
k562_118137,118137,perturbed,10201_ZNF207_P2_ENSG00000010244
k562_118139,118139,nt,NT_POOL
k562_118209,118209,nt,NT_POOL
k562_118299,118299,perturbed,10041_ZCRB1_P1P2_ENSG00000139168
k562_118306,118306,nt,NT_POOL
k562_118348,118348,perturbed,10297_ZNF335_P1P2_ENSG00000198026
k562_118384,118384,nt,NT_POOL
k562_118461,118461,nt,NT_POOL
k562_118499,118499,nt,NT_POOL
k562_118560,118560,nt,NT_POOL
k562_118603,118603,nt,NT_POOL
k562_118680,118680,perturbed,10280_ZNF317_P1P2_ENSG00000130803
k562_118763,118763,nt,NT_POOL
k562_118896,118896,perturbed,1032_C1QBP_P1P2_ENSG00000108561
k562_118940,118940,perturbed,1016_C19orf25_P1P2_ENSG00000119559
k562_118951,118951,nt,NT_POOL
k562_119033,119033,nt,NT_POOL
k562_119060,119060,perturbed,10136_ZMAT2_P1_ENSG00000146007
k562_119072,119072,perturbed,10136_ZMAT2_P1_ENSG00000146007
k562_119078,119078,nt,NT_POOL
k562_119147,119147,nt,NT_POOL
k562_119168,119168,perturbed,1022_C19orf53_P1P2_ENSG00000104979
k562_119264,119264,perturbed,10202_ZNF207_P1_ENSG00000010244
k562_119283,119283,nt,NT_POOL
k562_119302,119302,perturbed,10073_ZFC3H1_P1P2_ENSG00000133858
k562_119422,119422,perturbed,10297_ZNF335_P1P2_ENSG00000198026
k562_119450,119450,perturbed,1036_C1orf109_P2_ENSG00000116922
k562_119485,119485,nt,NT_POOL
k562_119509,119509,perturbed,10152_ZNF100_P1P2_ENSG00000197020
k562_119526,119526,perturbed,10297_ZNF335_P1P2_ENSG00000198026
k562_119588,119588,perturbed,10136_ZMAT2_P1_ENSG00000146007
k562_119690,119690,nt,NT_POOL
k562_119704,119704,perturbed,1029_C1D_P1P2_ENSG00000197223
k562_119745,119745,perturbed,1022_C19orf53_P1P2_ENSG00000104979
k562_119813,119813,perturbed,10139_ZMAT5_P1P2_ENSG00000100319
k562_119834,119834,nt,NT_POOL
k562_119873,119873,nt,NT_POOL
k562_119942,119942,perturbed,10280_ZNF317_P1P2_ENSG00000130803
k562_119984,119984,nt,NT_POOL
k562_120033,120033,perturbed,1004_C17orf58_P1P2_ENSG00000186665
k562_120049,120049,nt,NT_POOL
k562_120092,120092,nt,NT_POOL
k562_120205,120205,nt,NT_POOL
k562_120285,120285,nt,NT_POOL
k562_120291,120291,perturbed,10136_ZMAT2_P1_ENSG00000146007
k562_120337,120337,nt,NT_POOL
k562_120439,120439,nt,NT_POOL
k562_120481,120481,perturbed,1029_C1D_P1P2_ENSG00000197223
k562_120485,120485,nt,NT_POOL
k562_120493,120493,nt,NT_POOL
k562_120598,120598,perturbed,10297_ZNF335_P1P2_ENSG00000198026
k562_120621,120621,perturbed,10135_ZMAT2_P2_ENSG00000146007
k562_120698,120698,nt,NT_POOL
k562_120797,120797,perturbed,10280_ZNF317_P1P2_ENSG00000130803
k562_120806,120806,nt,NT_POOL
k562_120832,120832,nt,NT_POOL
k562_120876,120876,perturbed,10041_ZCRB1_P1P2_ENSG00000139168
k562_120896,120896,nt,NT_POOL
k562_120964,120964,perturbed,10297_ZNF335_P1P2_ENSG00000198026
k562_120973,120973,nt,NT_POOL
k562_121019,121019,perturbed,1029_C1D_P1P2_ENSG00000197223
k562_121033,121033,perturbed,10073_ZFC3H1_P1P2_ENSG00000133858
k562_121039,121039,nt,NT_POOL
k562_121073,121073,perturbed,1029_C1D_P1P2_ENSG00000197223
k562_121113,121113,perturbed,10135_ZMAT2_P2_ENSG00000146007
k562_121162,121162,nt,NT_POOL
k562_121226,121226,nt,NT_POOL
k562_121237,121237,perturbed,1036_C1orf109_P2_ENSG00000116922
k562_121267,121267,perturbed,10201_ZNF207_P2_ENSG00000010244
k562_121357,121357,perturbed,10297_ZNF335_P1P2_ENSG00000198026
k562_121366,121366,nt,NT_POOL
k562_121418,121418,perturbed,1032_C1QBP_P1P2_ENSG00000108561
k562_121455,121455,nt,NT_POOL
k562_121598,121598,nt,NT_POOL
k562_121708,121708,perturbed,1029_C1D_P1P2_ENSG00000197223
k562_121711,121711,nt,NT_POOL
k562_121722,121722,perturbed,10280_ZNF317_P1P2_ENSG00000130803
k562_121938,121938,nt,NT_POOL
k562_122001,122001,nt,NT_POOL
k562_122024,122024,perturbed,1029_C1D_P1P2_ENSG00000197223
k562_122104,122104,nt,NT_POOL
k562_122181,122181,nt,NT_POOL
k562_122316,122316,nt,NT_POOL
k562_122429,122429,nt,NT_POOL
k562_122581,122581,nt,NT_POOL
k562_122686,122686,nt,NT_POOL
k562_122864,122864,nt,NT_POOL
k562_122934,122934,nt,NT_POOL
k562_123050,123050,nt,NT_POOL
k562_123101,123101,nt,NT_POOL
k562_123124,123124,perturbed,10136_ZMAT2_P1_ENSG00000146007
k562_123200,123200,perturbed,1036_C1orf109_P2_ENSG00000116922
k562_123276,123276,nt,NT_POOL
k562_123298,123298,perturbed,1032_C1QBP_P1P2_ENSG00000108561
k562_123327,123327,perturbed,1022_C19orf53_P1P2_ENSG00000104979
k562_123359,123359,perturbed,10202_ZNF207_P1_ENSG00000010244
k562_123397,123397,nt,NT_POOL
k562_123495,123495,nt,NT_POOL
k562_123561,123561,nt,NT_POOL
k562_123608,123608,nt,NT_POOL
k562_123648,123648,perturbed,1029_C1D_P1P2_ENSG00000197223
k562_123727,123727,nt,NT_POOL
k562_123776,123776,perturbed,10297_ZNF335_P1P2_ENSG00000198026
k562_123800,123800,nt,NT_POOL
k562_123901,123901,perturbed,1036_C1orf109_P2_ENSG00000116922
k562_123906,123906,nt,NT_POOL
k562_123928,123928,perturbed,10040_ZCCHC9_P1P2_ENSG00000131732
k562_123940,123940,perturbed,1029_C1D_P1P2_ENSG00000197223
k562_123951,123951,nt,NT_POOL
k562_124103,124103,nt,NT_POOL
k562_124196,124196,nt,NT_POOL
k562_124238,124238,nt,NT_POOL
k562_124299,124299,nt,NT_POOL
k562_124332,124332,nt,NT_POOL
k562_124373,124373,nt,NT_POOL
k562_124468,124468,nt,NT_POOL
k562_124532,124532,nt,NT_POOL
k562_124581,124581,nt,NT_POOL
k562_124642,124642,nt,NT_POOL
k562_124708,124708,perturbed,10040_ZCCHC9_P1P2_ENSG00000131732
k562_124717,124717,nt,NT_POOL
k562_124727,124727,perturbed,10236_ZNF24_P1P2_ENSG00000172466
k562_124738,124738,nt,NT_POOL
k562_124765,124765,nt,NT_POOL
k562_124778,124778,nt,NT_POOL
k562_124841,124841,perturbed,1036_C1orf109_P2_ENSG00000116922
k562_124849,124849,perturbed,10136_ZMAT2_P1_ENSG00000146007
k562_124882,124882,perturbed,1036_C1orf109_P2_ENSG00000116922
k562_124905,124905,perturbed,1036_C1orf109_P2_ENSG00000116922
k562_124940,124940,perturbed,1035_C1orf109_P1_ENSG00000116922
k562_124990,124990,perturbed,10023_ZC3H18_P1P2_ENSG00000158545
k562_125003,125003,nt,NT_POOL
k562_125027,125027,nt,NT_POOL
k562_125122,125122,nt,NT_POOL
k562_125199,125199,perturbed,10136_ZMAT2_P1_ENSG00000146007
k562_125220,125220,nt,NT_POOL
k562_125257,125257,nt,NT_POOL
k562_125385,125385,nt,NT_POOL
k562_125433,125433,perturbed,1036_C1orf109_P2_ENSG00000116922
k562_125476,125476,nt,NT_POOL
k562_125525,125525,perturbed,1016_C19orf25_P1P2_ENSG00000119559
k562_125549,125549,perturbed,10280_ZNF317_P1P2_ENSG00000130803
k562_125561,125561,perturbed,1016_C19orf25_P1P2_ENSG00000119559
k562_125575,125575,nt,NT_POOL
k562_125612,125612,nt,NT_POOL
k562_125696,125696,perturbed,10139_ZMAT5_P1P2_ENSG00000100319
k562_125714,125714,perturbed,10280_ZNF317_P1P2_ENSG00000130803
k562_125730,125730,nt,NT_POOL
k562_125756,125756,nt,NT_POOL
k562_125837,125837,nt,NT_POOL
k562_126014,126014,perturbed,10152_ZNF100_P1P2_ENSG00000197020
k562_126049,126049,nt,NT_POOL
k562_126083,126083,perturbed,1036_C1orf109_P2_ENSG00000116922
k562_126113,126113,nt,NT_POOL
k562_126147,126147,perturbed,10073_ZFC3H1_P1P2_ENSG00000133858
k562_126157,126157,perturbed,10201_ZNF207_P2_ENSG00000010244
k562_126190,126190,perturbed,1032_C1QBP_P1P2_ENSG00000108561
k562_126260,126260,nt,NT_POOL
k562_126262,126262,perturbed,1016_C19orf25_P1P2_ENSG00000119559
k562_126286,126286,nt,NT_POOL
k562_126425,126425,nt,NT_POOL
k562_126505,126505,nt,NT_POOL
k562_126546,126546,perturbed,1022_C19orf53_P1P2_ENSG00000104979
k562_126606,126606,nt,NT_POOL
k562_126619,126619,perturbed,10041_ZCRB1_P1P2_ENSG00000139168
k562_126643,126643,perturbed,1029_C1D_P1P2_ENSG00000197223
k562_126754,126754,nt,NT_POOL
k562_126769,126769,perturbed,10202_ZNF207_P1_ENSG00000010244
k562_126800,126800,nt,NT_POOL
k562_126839,126839,perturbed,10202_ZNF207_P1_ENSG00000010244
k562_126859,126859,perturbed,1029_C1D_P1P2_ENSG00000197223
k562_126958,126958,perturbed,10201_ZNF207_P2_ENSG00000010244
k562_126999,126999,nt,NT_POOL
k562_127055,127055,nt,NT_POOL
k562_127122,127122,perturbed,10041_ZCRB1_P1P2_ENSG00000139168
k562_127130,127130,perturbed,10041_ZCRB1_P1P2_ENSG00000139168
k562_127169,127169,perturbed,10202_ZNF207_P1_ENSG00000010244
k562_127198,127198,nt,NT_POOL
k562_127334,127334,nt,NT_POOL
k562_127339,127339,perturbed,1036_C1orf109_P2_ENSG00000116922
k562_127527,127527,perturbed,1036_C1orf109_P2_ENSG00000116922
k562_127558,127558,nt,NT_POOL
k562_127570,127570,nt,NT_POOL
k562_127598,127598,perturbed,10136_ZMAT2_P1_ENSG00000146007
k562_127610,127610,nt,NT_POOL
k562_127624,127624,perturbed,10297_ZNF335_P1P2_ENSG00000198026
k562_127642,127642,nt,NT_POOL
k562_127701,127701,perturbed,10040_ZCCHC9_P1P2_ENSG00000131732
k562_127716,127716,perturbed,10136_ZMAT2_P1_ENSG00000146007
k562_127801,127801,nt,NT_POOL
k562_127863,127863,nt,NT_POOL
k562_127900,127900,nt,NT_POOL
k562_127958,127958,perturbed,1036_C1orf109_P2_ENSG00000116922
k562_127967,127967,perturbed,1016_C19orf25_P1P2_ENSG00000119559
k562_128040,128040,perturbed,10152_ZNF100_P1P2_ENSG00000197020
k562_128068,128068,nt,NT_POOL
k562_128078,128078,perturbed,10073_ZFC3H1_P1P2_ENSG00000133858
k562_128129,128129,nt,NT_POOL
k562_128151,128151,perturbed,10280_ZNF317_P1P2_ENSG00000130803
k562_128216,128216,perturbed,10136_ZMAT2_P1_ENSG00000146007
k562_128302,128302,nt,NT_POOL
k562_128377,128377,nt,NT_POOL
k562_128572,128572,nt,NT_POOL
k562_128673,128673,perturbed,10040_ZCCHC9_P1P2_ENSG00000131732
k562_128686,128686,perturbed,10073_ZFC3H1_P1P2_ENSG00000133858
k562_128696,128696,nt,NT_POOL
k562_128739,128739,nt,NT_POOL
k562_128769,128769,nt,NT_POOL
k562_128802,128802,perturbed,1016_C19orf25_P1P2_ENSG00000119559
k562_128815,128815,nt,NT_POOL
k562_128918,128918,perturbed,1022_C19orf53_P1P2_ENSG00000104979
k562_128947,128947,nt,NT_POOL
k562_129040,129040,nt,NT_POOL
k562_129152,129152,perturbed,10139_ZMAT5_P1P2_ENSG00000100319
k562_129182,129182,nt,NT_POOL
k562_129222,129222,perturbed,1036_C1orf109_P2_ENSG00000116922
k562_129230,129230,nt,NT_POOL
k562_129232,129232,perturbed,1004_C17orf58_P1P2_ENSG00000186665
k562_129310,129310,nt,NT_POOL
k562_129324,129324,perturbed,10136_ZMAT2_P1_ENSG00000146007
k562_129355,129355,perturbed,1022_C19orf53_P1P2_ENSG00000104979
k562_129391,129391,nt,NT_POOL
k562_129479,129479,nt,NT_POOL
k562_129491,129491,nt,NT_POOL
k562_129665,129665,nt,NT_POOL
k562_129699,129699,nt,NT_POOL
k562_129838,129838,nt,NT_POOL
k562_129951,129951,nt,NT_POOL
k562_130006,130006,nt,NT_POOL
k562_130128,130128,perturbed,1032_C1QBP_P1P2_ENSG00000108561
k562_130129,130129,nt,NT_POOL
k562_130171,130171,nt,NT_POOL
k562_130257,130257,nt,NT_POOL
k562_130299,130299,perturbed,10201_ZNF207_P2_ENSG00000010244
k562_130352,130352,nt,NT_POOL
k562_130381,130381,perturbed,10041_ZCRB1_P1P2_ENSG00000139168
k562_130397,130397,nt,NT_POOL
k562_130447,130447,perturbed,1016_C19orf25_P1P2_ENSG00000119559
k562_130586,130586,nt,NT_POOL
k562_130691,130691,perturbed,1032_C1QBP_P1P2_ENSG00000108561
k562_130734,130734,perturbed,10135_ZMAT2_P2_ENSG00000146007
k562_130781,130781,perturbed,1022_C19orf53_P1P2_ENSG00000104979
k562_130787,130787,nt,NT_POOL
k562_130839,130839,nt,NT_POOL
k562_130911,130911,perturbed,1032_C1QBP_P1P2_ENSG00000108561
k562_130988,130988,perturbed,10236_ZNF24_P1P2_ENSG00000172466
k562_131028,131028,nt,NT_POOL
k562_131076,131076,nt,NT_POOL
k562_131080,131080,perturbed,10201_ZNF207_P2_ENSG00000010244
k562_131092,131092,perturbed,1022_C19orf53_P1P2_ENSG00000104979
k562_131143,131143,perturbed,1029_C1D_P1P2_ENSG00000197223
k562_131187,131187,perturbed,1032_C1QBP_P1P2_ENSG00000108561
k562_131246,131246,perturbed,1036_C1orf109_P2_ENSG00000116922
k562_131256,131256,nt,NT_POOL
k562_131377,131377,nt,NT_POOL
k562_131511,131511,nt,NT_POOL
k562_131517,131517,perturbed,1029_C1D_P1P2_ENSG00000197223
k562_131574,131574,nt,NT_POOL
k562_131604,131604,perturbed,1035_C1orf109_P1_ENSG00000116922
k562_131640,131640,perturbed,1032_C1QBP_P1P2_ENSG00000108561
k562_131720,131720,nt,NT_POOL
k562_131858,131858,nt,NT_POOL
k562_131980,131980,nt,NT_POOL
k562_132157,132157,perturbed,10297_ZNF335_P1P2_ENSG00000198026
k562_132161,132161,perturbed,1032_C1QBP_P1P2_ENSG00000108561
k562_132175,132175,nt,NT_POOL
k562_132223,132223,perturbed,10136_ZMAT2_P1_ENSG00000146007
k562_132238,132238,nt,NT_POOL
k562_132303,132303,perturbed,10297_ZNF335_P1P2_ENSG00000198026
k562_132314,132314,nt,NT_POOL
k562_132340,132340,perturbed,10135_ZMAT2_P2_ENSG00000146007
k562_132342,132342,perturbed,1022_C19orf53_P1P2_ENSG00000104979
k562_132384,132384,nt,NT_POOL
k562_132438,132438,nt,NT_POOL
k562_132468,132468,nt,NT_POOL
k562_132509,132509,perturbed,10041_ZCRB1_P1P2_ENSG00000139168
k562_132573,132573,perturbed,10073_ZFC3H1_P1P2_ENSG00000133858
k562_132581,132581,nt,NT_POOL
k562_132651,132651,nt,NT_POOL
k562_132672,132672,perturbed,1016_C19orf25_P1P2_ENSG00000119559
k562_132684,132684,perturbed,10041_ZCRB1_P1P2_ENSG00000139168
k562_132746,132746,perturbed,1029_C1D_P1P2_ENSG00000197223
k562_132767,132767,perturbed,10201_ZNF207_P2_ENSG00000010244
k562_132780,132780,nt,NT_POOL
k562_132858,132858,nt,NT_POOL
k562_132903,132903,nt,NT_POOL
k562_133042,133042,nt,NT_POOL
k562_133091,133091,perturbed,10073_ZFC3H1_P1P2_ENSG00000133858
k562_133272,133272,perturbed,10139_ZMAT5_P1P2_ENSG00000100319
k562_133275,133275,nt,NT_POOL
k562_133314,133314,nt,NT_POOL
k562_133347,133347,perturbed,10202_ZNF207_P1_ENSG00000010244
k562_133463,133463,nt,NT_POOL
k562_133547,133547,nt,NT_POOL
k562_133710,133710,nt,NT_POOL
k562_133857,133857,perturbed,10152_ZNF100_P1P2_ENSG00000197020
k562_133859,133859,nt,NT_POOL
k562_133891,133891,perturbed,10073_ZFC3H1_P1P2_ENSG00000133858
k562_133925,133925,nt,NT_POOL
k562_133946,133946,nt,NT_POOL
k562_134042,134042,nt,NT_POOL
k562_134143,134143,nt,NT_POOL
k562_134196,134196,perturbed,10280_ZNF317_P1P2_ENSG00000130803
k562_134305,134305,nt,NT_POOL
k562_134324,134324,perturbed,10201_ZNF207_P2_ENSG00000010244
k562_134333,134333,nt,NT_POOL
k562_134336,134336,perturbed,1036_C1orf109_P2_ENSG00000116922
k562_134350,134350,perturbed,10139_ZMAT5_P1P2_ENSG00000100319
k562_134408,134408,nt,NT_POOL
k562_134533,134533,nt,NT_POOL
k562_134536,134536,perturbed,1035_C1orf109_P1_ENSG00000116922
k562_134555,134555,nt,NT_POOL
k562_134640,134640,nt,NT_POOL
k562_134690,134690,nt,NT_POOL
k562_134757,134757,perturbed,10280_ZNF317_P1P2_ENSG00000130803
k562_134877,134877,perturbed,10139_ZMAT5_P1P2_ENSG00000100319
k562_134913,134913,nt,NT_POOL
k562_134968,134968,nt,NT_POOL
k562_134987,134987,perturbed,1032_C1QBP_P1P2_ENSG00000108561
k562_135031,135031,perturbed,10040_ZCCHC9_P1P2_ENSG00000131732
k562_135081,135081,perturbed,10136_ZMAT2_P1_ENSG00000146007
k562_135101,135101,nt,NT_POOL
k562_135103,135103,perturbed,1036_C1orf109_P2_ENSG00000116922
k562_135117,135117,perturbed,10297_ZNF335_P1P2_ENSG00000198026
k562_135153,135153,perturbed,1016_C19orf25_P1P2_ENSG00000119559
k562_135167,135167,perturbed,1016_C19orf25_P1P2_ENSG00000119559
k562_135168,135168,nt,NT_POOL
k562_135241,135241,nt,NT_POOL
k562_135318,135318,nt,NT_POOL
k562_135360,135360,perturbed,10201_ZNF207_P2_ENSG00000010244
k562_135365,135365,perturbed,1035_C1orf109_P1_ENSG00000116922
k562_135372,135372,perturbed,10201_ZNF207_P2_ENSG00000010244
k562_135402,135402,perturbed,10202_ZNF207_P1_ENSG00000010244
k562_135548,135548,perturbed,1029_C1D_P1P2_ENSG00000197223
k562_135585,135585,perturbed,10297_ZNF335_P1P2_ENSG00000198026
k562_135592,135592,perturbed,1029_C1D_P1P2_ENSG00000197223
k562_135660,135660,nt,NT_POOL
k562_135752,135752,nt,NT_POOL
k562_135794,135794,perturbed,1016_C19orf25_P1P2_ENSG00000119559
k562_135804,135804,perturbed,10023_ZC3H18_P1P2_ENSG00000158545
k562_135812,135812,nt,NT_POOL
k562_135838,135838,perturbed,10136_ZMAT2_P1_ENSG00000146007
k562_135928,135928,nt,NT_POOL
k562_136001,136001,perturbed,10073_ZFC3H1_P1P2_ENSG00000133858
k562_136115,136115,nt,NT_POOL
k562_136158,136158,perturbed,10136_ZMAT2_P1_ENSG00000146007
k562_136253,136253,nt,NT_POOL
k562_136292,136292,nt,NT_POOL
k562_136376,136376,nt,NT_POOL
k562_136476,136476,nt,NT_POOL
k562_136477,136477,perturbed,10136_ZMAT2_P1_ENSG00000146007
k562_136493,136493,perturbed,10297_ZNF335_P1P2_ENSG00000198026
k562_136624,136624,perturbed,10136_ZMAT2_P1_ENSG00000146007
k562_136640,136640,nt,NT_POOL
k562_136683,136683,nt,NT_POOL
k562_136752,136752,nt,NT_POOL
k562_136766,136766,perturbed,10139_ZMAT5_P1P2_ENSG00000100319
k562_136797,136797,perturbed,1016_C19orf25_P1P2_ENSG00000119559
k562_136835,136835,nt,NT_POOL
k562_136887,136887,perturbed,10280_ZNF317_P1P2_ENSG00000130803
k562_136927,136927,perturbed,10297_ZNF335_P1P2_ENSG00000198026
k562_136990,136990,nt,NT_POOL
k562_137000,137000,perturbed,10280_ZNF317_P1P2_ENSG00000130803
k562_137083,137083,nt,NT_POOL
k562_137098,137098,perturbed,10135_ZMAT2_P2_ENSG00000146007
k562_137142,137142,nt,NT_POOL
k562_137257,137257,nt,NT_POOL
k562_137349,137349,perturbed,10136_ZMAT2_P1_ENSG00000146007
k562_137382,137382,perturbed,10201_ZNF207_P2_ENSG00000010244
k562_137448,137448,nt,NT_POOL
k562_137461,137461,perturbed,10201_ZNF207_P2_ENSG00000010244
k562_137466,137466,perturbed,1016_C19orf25_P1P2_ENSG00000119559
k562_137501,137501,nt,NT_POOL
k562_137571,137571,nt,NT_POOL
k562_137700,137700,nt,NT_POOL
k562_137775,137775,nt,NT_POOL
k562_137801,137801,perturbed,10073_ZFC3H1_P1P2_ENSG00000133858
k562_137843,137843,nt,NT_POOL
k562_137857,137857,nt,NT_POOL
k562_137899,137899,perturbed,10041_ZCRB1_P1P2_ENSG00000139168
k562_138020,138020,nt,NT_POOL
k562_138047,138047,perturbed,1029_C1D_P1P2_ENSG00000197223
k562_138115,138115,nt,NT_POOL
k562_138175,138175,nt,NT_POOL
k562_138232,138232,perturbed,10041_ZCRB1_P1P2_ENSG00000139168
k562_138248,138248,nt,NT_POOL
k562_138259,138259,perturbed,1016_C19orf25_P1P2_ENSG00000119559
k562_138306,138306,nt,NT_POOL
k562_138316,138316,nt,NT_POOL
k562_138372,138372,nt,NT_POOL
k562_138454,138454,nt,NT_POOL
k562_138543,138543,nt,NT_POOL
k562_138585,138585,nt,NT_POOL
k562_138749,138749,nt,NT_POOL
k562_138759,138759,perturbed,10297_ZNF335_P1P2_ENSG00000198026
k562_138895,138895,perturbed,10136_ZMAT2_P1_ENSG00000146007
k562_138919,138919,nt,NT_POOL
k562_139058,139058,perturbed,10139_ZMAT5_P1P2_ENSG00000100319
k562_139097,139097,nt,NT_POOL
k562_139123,139123,nt,NT_POOL
k562_139150,139150,perturbed,10041_ZCRB1_P1P2_ENSG00000139168
k562_139177,139177,perturbed,10041_ZCRB1_P1P2_ENSG00000139168
k562_139206,139206,perturbed,1036_C1orf109_P2_ENSG00000116922
k562_139246,139246,nt,NT_POOL
k562_139258,139258,perturbed,1022_C19orf53_P1P2_ENSG00000104979
k562_139296,139296,nt,NT_POOL
k562_139342,139342,perturbed,10041_ZCRB1_P1P2_ENSG00000139168
k562_139353,139353,perturbed,1036_C1orf109_P2_ENSG00000116922
k562_139388,139388,nt,NT_POOL
k562_139455,139455,perturbed,10236_ZNF24_P1P2_ENSG00000172466
k562_139472,139472,perturbed,10135_ZMAT2_P2_ENSG00000146007
k562_139476,139476,perturbed,10202_ZNF207_P1_ENSG00000010244
k562_139477,139477,nt,NT_POOL
k562_139509,139509,perturbed,10297_ZNF335_P1P2_ENSG00000198026
k562_139535,139535,nt,NT_POOL
k562_139653,139653,nt,NT_POOL
k562_139678,139678,nt,NT_POOL
k562_139738,139738,nt,NT_POOL
k562_139780,139780,perturbed,10136_ZMAT2_P1_ENSG00000146007
k562_139782,139782,perturbed,10135_ZMAT2_P2_ENSG00000146007
k562_139843,139843,nt,NT_POOL
k562_139906,139906,nt,NT_POOL
k562_140012,140012,nt,NT_POOL
k562_140103,140103,perturbed,10201_ZNF207_P2_ENSG00000010244
k562_140109,140109,nt,NT_POOL
k562_140204,140204,nt,NT_POOL
k562_140281,140281,nt,NT_POOL
k562_140383,140383,nt,NT_POOL
k562_140385,140385,perturbed,10201_ZNF207_P2_ENSG00000010244
k562_140460,140460,perturbed,1022_C19orf53_P1P2_ENSG00000104979
k562_140502,140502,perturbed,1035_C1orf109_P1_ENSG00000116922
k562_140535,140535,nt,NT_POOL
k562_140612,140612,nt,NT_POOL
k562_140710,140710,perturbed,1032_C1QBP_P1P2_ENSG00000108561
k562_140730,140730,perturbed,10280_ZNF317_P1P2_ENSG00000130803
k562_140736,140736,nt,NT_POOL
k562_140800,140800,nt,NT_POOL
k562_140818,140818,perturbed,1029_C1D_P1P2_ENSG00000197223
k562_140906,140906,perturbed,10297_ZNF335_P1P2_ENSG00000198026
k562_140957,140957,perturbed,1032_C1QBP_P1P2_ENSG00000108561
k562_141011,141011,nt,NT_POOL
k562_141023,141023,perturbed,10136_ZMAT2_P1_ENSG00000146007
k562_141108,141108,nt,NT_POOL
k562_141185,141185,nt,NT_POOL
k562_141277,141277,nt,NT_POOL
k562_141297,141297,nt,NT_POOL
k562_141412,141412,nt,NT_POOL
k562_141509,141509,perturbed,1022_C19orf53_P1P2_ENSG00000104979
k562_141521,141521,perturbed,1029_C1D_P1P2_ENSG00000197223
k562_141529,141529,perturbed,10139_ZMAT5_P1P2_ENSG00000100319
k562_141534,141534,perturbed,1016_C19orf25_P1P2_ENSG00000119559
k562_141539,141539,nt,NT_POOL
k562_141610,141610,nt,NT_POOL
k562_141667,141667,perturbed,10201_ZNF207_P2_ENSG00000010244
k562_141726,141726,nt,NT_POOL
k562_141760,141760,perturbed,1016_C19orf25_P1P2_ENSG00000119559
k562_141855,141855,nt,NT_POOL
k562_141981,141981,nt,NT_POOL
k562_142081,142081,nt,NT_POOL
k562_142130,142130,nt,NT_POOL
k562_142136,142136,perturbed,1035_C1orf109_P1_ENSG00000116922
k562_142224,142224,nt,NT_POOL
k562_142281,142281,perturbed,10136_ZMAT2_P1_ENSG00000146007
k562_142358,142358,nt,NT_POOL
k562_142424,142424,nt,NT_POOL
k562_142491,142491,perturbed,10280_ZNF317_P1P2_ENSG00000130803
k562_142508,142508,nt,NT_POOL
k562_142545,142545,nt,NT_POOL
k562_142613,142613,nt,NT_POOL
k562_142699,142699,perturbed,1032_C1QBP_P1P2_ENSG00000108561
k562_142711,142711,nt,NT_POOL
k562_142758,142758,perturbed,1004_C17orf58_P1P2_ENSG00000186665
k562_142759,142759,perturbed,10136_ZMAT2_P1_ENSG00000146007
k562_142866,142866,nt,NT_POOL
k562_142919,142919,perturbed,10135_ZMAT2_P2_ENSG00000146007
k562_142981,142981,nt,NT_POOL
k562_142997,142997,perturbed,1032_C1QBP_P1P2_ENSG00000108561
k562_143046,143046,perturbed,10297_ZNF335_P1P2_ENSG00000198026
k562_143050,143050,nt,NT_POOL
k562_143052,143052,perturbed,10136_ZMAT2_P1_ENSG00000146007
k562_143057,143057,perturbed,10139_ZMAT5_P1P2_ENSG00000100319
k562_143093,143093,nt,NT_POOL
k562_143161,143161,nt,NT_POOL
k562_143210,143210,perturbed,10136_ZMAT2_P1_ENSG00000146007
k562_143243,143243,nt,NT_POOL
k562_143278,143278,nt,NT_POOL
k562_143315,143315,nt,NT_POOL
k562_143336,143336,perturbed,10139_ZMAT5_P1P2_ENSG00000100319
k562_143363,143363,perturbed,10152_ZNF100_P1P2_ENSG00000197020
k562_143369,143369,perturbed,1036_C1orf109_P2_ENSG00000116922
k562_143432,143432,perturbed,1032_C1QBP_P1P2_ENSG00000108561
k562_143450,143450,nt,NT_POOL
k562_143484,143484,nt,NT_POOL
k562_143553,143553,nt,NT_POOL
k562_143586,143586,nt,NT_POOL
k562_143601,143601,perturbed,10135_ZMAT2_P2_ENSG00000146007
k562_143710,143710,nt,NT_POOL
k562_143751,143751,nt,NT_POOL
k562_143787,143787,perturbed,10041_ZCRB1_P1P2_ENSG00000139168
k562_143857,143857,nt,NT_POOL
k562_143933,143933,nt,NT_POOL
k562_144080,144080,nt,NT_POOL
k562_144120,144120,nt,NT_POOL
k562_144182,144182,perturbed,1032_C1QBP_P1P2_ENSG00000108561
k562_144325,144325,nt,NT_POOL
k562_144361,144361,nt,NT_POOL
k562_144438,144438,perturbed,10139_ZMAT5_P1P2_ENSG00000100319
k562_144487,144487,nt,NT_POOL
k562_144503,144503,perturbed,1016_C19orf25_P1P2_ENSG00000119559
k562_144532,144532,perturbed,10040_ZCCHC9_P1P2_ENSG00000131732
k562_144541,144541,nt,NT_POOL
k562_144576,144576,perturbed,10202_ZNF207_P1_ENSG00000010244
k562_144657,144657,perturbed,10201_ZNF207_P2_ENSG00000010244
k562_144670,144670,nt,NT_POOL
k562_144814,144814,perturbed,1016_C19orf25_P1P2_ENSG00000119559
k562_144830,144830,nt,NT_POOL
k562_144888,144888,nt,NT_POOL
k562_144908,144908,perturbed,1022_C19orf53_P1P2_ENSG00000104979
k562_144925,144925,nt,NT_POOL
k562_145016,145016,perturbed,1032_C1QBP_P1P2_ENSG00000108561
k562_145172,145172,perturbed,1022_C19orf53_P1P2_ENSG00000104979
k562_145177,145177,nt,NT_POOL
k562_145201,145201,nt,NT_POOL
k562_145267,145267,perturbed,1032_C1QBP_P1P2_ENSG00000108561
k562_145273,145273,perturbed,1022_C19orf53_P1P2_ENSG00000104979
k562_145276,145276,nt,NT_POOL
k562_145316,145316,nt,NT_POOL
k562_145330,145330,perturbed,1036_C1orf109_P2_ENSG00000116922
k562_145386,145386,nt,NT_POOL
k562_145427,145427,perturbed,10280_ZNF317_P1P2_ENSG00000130803
k562_145481,145481,nt,NT_POOL
k562_145512,145512,perturbed,10202_ZNF207_P1_ENSG00000010244
k562_145595,145595,nt,NT_POOL
k562_145654,145654,nt,NT_POOL
k562_145664,145664,perturbed,10202_ZNF207_P1_ENSG00000010244
k562_145747,145747,nt,NT_POOL
k562_145773,145773,nt,NT_POOL
k562_145804,145804,nt,NT_POOL
k562_145821,145821,perturbed,1022_C19orf53_P1P2_ENSG00000104979
k562_145864,145864,nt,NT_POOL
k562_145965,145965,nt,NT_POOL
k562_145990,145990,nt,NT_POOL
k562_146056,146056,nt,NT_POOL
k562_146147,146147,nt,NT_POOL
k562_146175,146175,perturbed,10280_ZNF317_P1P2_ENSG00000130803
k562_146321,146321,nt,NT_POOL
k562_146355,146355,nt,NT_POOL
k562_146396,146396,perturbed,1036_C1orf109_P2_ENSG00000116922
k562_146430,146430,nt,NT_POOL
k562_146510,146510,nt,NT_POOL
k562_146528,146528,nt,NT_POOL
k562_146572,146572,perturbed,10073_ZFC3H1_P1P2_ENSG00000133858
k562_146595,146595,nt,NT_POOL
k562_146651,146651,perturbed,10040_ZCCHC9_P1P2_ENSG00000131732
k562_146761,146761,nt,NT_POOL
k562_146908,146908,nt,NT_POOL
k562_146967,146967,nt,NT_POOL
k562_146976,146976,perturbed,10297_ZNF335_P1P2_ENSG00000198026
k562_147034,147034,nt,NT_POOL
k562_147134,147134,nt,NT_POOL
k562_147153,147153,perturbed,10136_ZMAT2_P1_ENSG00000146007
k562_147160,147160,perturbed,1032_C1QBP_P1P2_ENSG00000108561
k562_147214,147214,nt,NT_POOL
k562_147237,147237,nt,NT_POOL
k562_147264,147264,perturbed,10297_ZNF335_P1P2_ENSG00000198026
k562_147317,147317,nt,NT_POOL
k562_147340,147340,nt,NT_POOL
k562_147447,147447,nt,NT_POOL
k562_147551,147551,nt,NT_POOL
k562_147688,147688,nt,NT_POOL
k562_147717,147717,nt,NT_POOL
k562_147837,147837,nt,NT_POOL
k562_147873,147873,nt,NT_POOL
k562_147874,147874,perturbed,10202_ZNF207_P1_ENSG00000010244
k562_147934,147934,nt,NT_POOL
k562_148033,148033,perturbed,1029_C1D_P1P2_ENSG00000197223
k562_148038,148038,nt,NT_POOL
k562_148159,148159,perturbed,1016_C19orf25_P1P2_ENSG00000119559
k562_148172,148172,nt,NT_POOL
k562_148227,148227,nt,NT_POOL
k562_148252,148252,nt,NT_POOL
k562_148339,148339,nt,NT_POOL
k562_148378,148378,nt,NT_POOL
k562_148447,148447,nt,NT_POOL
k562_148479,148479,perturbed,10139_ZMAT5_P1P2_ENSG00000100319
k562_148532,148532,perturbed,1022_C19orf53_P1P2_ENSG00000104979
k562_148558,148558,nt,NT_POOL
k562_148632,148632,nt,NT_POOL
k562_148699,148699,perturbed,1016_C19orf25_P1P2_ENSG00000119559
k562_148715,148715,nt,NT_POOL
k562_148767,148767,nt,NT_POOL
k562_148787,148787,nt,NT_POOL
k562_148892,148892,nt,NT_POOL
k562_148912,148912,perturbed,10201_ZNF207_P2_ENSG00000010244
k562_148950,148950,perturbed,1016_C19orf25_P1P2_ENSG00000119559
k562_148989,148989,nt,NT_POOL
k562_149014,149014,perturbed,10136_ZMAT2_P1_ENSG00000146007
k562_149027,149027,nt,NT_POOL
k562_149081,149081,nt,NT_POOL
k562_149173,149173,perturbed,10136_ZMAT2_P1_ENSG00000146007
k562_149223,149223,nt,NT_POOL
k562_149253,149253,perturbed,1035_C1orf109_P1_ENSG00000116922
k562_149289,149289,nt,NT_POOL
k562_149346,149346,nt,NT_POOL
k562_149440,149440,nt,NT_POOL
k562_149516,149516,perturbed,10201_ZNF207_P2_ENSG00000010244
k562_149528,149528,nt,NT_POOL
k562_149624,149624,nt,NT_POOL
k562_149627,149627,perturbed,10201_ZNF207_P2_ENSG00000010244
k562_149719,149719,nt,NT_POOL
k562_149763,149763,nt,NT_POOL
k562_149816,149816,nt,NT_POOL
k562_149883,149883,nt,NT_POOL
k562_149939,149939,perturbed,10135_ZMAT2_P2_ENSG00000146007
k562_149941,149941,perturbed,1022_C19orf53_P1P2_ENSG00000104979
k562_149985,149985,perturbed,1016_C19orf25_P1P2_ENSG00000119559
k562_149989,149989,perturbed,10023_ZC3H18_P1P2_ENSG00000158545
k562_150049,150049,nt,NT_POOL
k562_150162,150162,nt,NT_POOL
k562_150254,150254,nt,NT_POOL
k562_150325,150325,nt,NT_POOL
k562_150386,150386,nt,NT_POOL
k562_150470,150470,perturbed,1032_C1QBP_P1P2_ENSG00000108561
k562_150557,150557,perturbed,10152_ZNF100_P1P2_ENSG00000197020
k562_150584,150584,nt,NT_POOL
k562_150628,150628,nt,NT_POOL
k562_150653,150653,nt,NT_POOL
k562_150661,150661,perturbed,10152_ZNF100_P1P2_ENSG00000197020
k562_150681,150681,nt,NT_POOL
k562_150741,150741,nt,NT_POOL
k562_150794,150794,nt,NT_POOL
k562_150932,150932,nt,NT_POOL
k562_150975,150975,nt,NT_POOL
k562_151010,151010,perturbed,10297_ZNF335_P1P2_ENSG00000198026
k562_151102,151102,nt,NT_POOL
k562_151170,151170,nt,NT_POOL
k562_151249,151249,nt,NT_POOL
k562_151269,151269,perturbed,10152_ZNF100_P1P2_ENSG00000197020
k562_151357,151357,nt,NT_POOL
k562_151449,151449,perturbed,10136_ZMAT2_P1_ENSG00000146007
k562_151479,151479,nt,NT_POOL
k562_151514,151514,nt,NT_POOL
k562_151590,151590,perturbed,10136_ZMAT2_P1_ENSG00000146007
k562_151591,151591,perturbed,10136_ZMAT2_P1_ENSG00000146007
k562_151592,151592,nt,NT_POOL
k562_151676,151676,nt,NT_POOL
k562_151714,151714,perturbed,1022_C19orf53_P1P2_ENSG00000104979
k562_151720,151720,nt,NT_POOL
k562_151807,151807,perturbed,1032_C1QBP_P1P2_ENSG00000108561
k562_151810,151810,perturbed,1016_C19orf25_P1P2_ENSG00000119559
k562_151865,151865,perturbed,10041_ZCRB1_P1P2_ENSG00000139168
k562_151871,151871,nt,NT_POOL
k562_151931,151931,nt,NT_POOL
k562_151998,151998,perturbed,10139_ZMAT5_P1P2_ENSG00000100319
k562_152012,152012,nt,NT_POOL
k562_152104,152104,nt,NT_POOL
k562_152199,152199,nt,NT_POOL
k562_152236,152236,nt,NT_POOL
k562_152415,152415,nt,NT_POOL
k562_152461,152461,perturbed,10201_ZNF207_P2_ENSG00000010244
k562_152493,152493,nt,NT_POOL
k562_152550,152550,nt,NT_POOL
k562_152585,152585,nt,NT_POOL
k562_152601,152601,nt,NT_POOL
k562_152708,152708,perturbed,1022_C19orf53_P1P2_ENSG00000104979
k562_152724,152724,nt,NT_POOL
k562_152770,152770,perturbed,10297_ZNF335_P1P2_ENSG00000198026
k562_152820,152820,nt,NT_POOL
k562_152829,152829,perturbed,10040_ZCCHC9_P1P2_ENSG00000131732
k562_152872,152872,perturbed,1016_C19orf25_P1P2_ENSG00000119559
k562_152888,152888,perturbed,1022_C19orf53_P1P2_ENSG00000104979
k562_152912,152912,nt,NT_POOL
k562_153049,153049,nt,NT_POOL
k562_153120,153120,nt,NT_POOL
k562_153163,153163,nt,NT_POOL
k562_153213,153213,nt,NT_POOL
k562_153246,153246,perturbed,10136_ZMAT2_P1_ENSG00000146007
k562_153271,153271,nt,NT_POOL
k562_153309,153309,nt,NT_POOL
k562_153389,153389,nt,NT_POOL
k562_153418,153418,nt,NT_POOL
k562_153552,153552,perturbed,10136_ZMAT2_P1_ENSG00000146007
k562_153591,153591,nt,NT_POOL
k562_153594,153594,perturbed,10297_ZNF335_P1P2_ENSG00000198026
k562_153651,153651,perturbed,10023_ZC3H18_P1P2_ENSG00000158545
k562_153701,153701,perturbed,1032_C1QBP_P1P2_ENSG00000108561
k562_153708,153708,nt,NT_POOL
k562_153846,153846,nt,NT_POOL
k562_153871,153871,perturbed,1022_C19orf53_P1P2_ENSG00000104979
k562_153916,153916,nt,NT_POOL
k562_153977,153977,nt,NT_POOL
k562_154068,154068,perturbed,1022_C19orf53_P1P2_ENSG00000104979
k562_154119,154119,nt,NT_POOL
k562_154247,154247,perturbed,1036_C1orf109_P2_ENSG00000116922
k562_154249,154249,nt,NT_POOL
k562_154386,154386,perturbed,10041_ZCRB1_P1P2_ENSG00000139168
k562_154439,154439,perturbed,1016_C19orf25_P1P2_ENSG00000119559
k562_154490,154490,nt,NT_POOL
k562_154519,154519,perturbed,10135_ZMAT2_P2_ENSG00000146007
k562_154556,154556,perturbed,10152_ZNF100_P1P2_ENSG00000197020
k562_154581,154581,perturbed,10139_ZMAT5_P1P2_ENSG00000100319
k562_154618,154618,nt,NT_POOL
k562_154623,154623,perturbed,10136_ZMAT2_P1_ENSG00000146007
k562_154678,154678,nt,NT_POOL
k562_154697,154697,perturbed,1036_C1orf109_P2_ENSG00000116922
k562_154790,154790,perturbed,10152_ZNF100_P1P2_ENSG00000197020
k562_154793,154793,perturbed,1016_C19orf25_P1P2_ENSG00000119559
k562_154825,154825,nt,NT_POOL
k562_154898,154898,nt,NT_POOL
k562_154901,154901,perturbed,1016_C19orf25_P1P2_ENSG00000119559
k562_154919,154919,perturbed,10041_ZCRB1_P1P2_ENSG00000139168
k562_154927,154927,perturbed,10280_ZNF317_P1P2_ENSG00000130803
k562_154945,154945,nt,NT_POOL
k562_154956,154956,perturbed,10139_ZMAT5_P1P2_ENSG00000100319
k562_154994,154994,nt,NT_POOL
k562_155107,155107,nt,NT_POOL
k562_155191,155191,perturbed,10136_ZMAT2_P1_ENSG00000146007
k562_155214,155214,nt,NT_POOL
k562_155277,155277,nt,NT_POOL
k562_155340,155340,perturbed,1029_C1D_P1P2_ENSG00000197223
k562_155354,155354,nt,NT_POOL
k562_155457,155457,nt,NT_POOL
k562_155487,155487,nt,NT_POOL
k562_155617,155617,nt,NT_POOL
k562_155707,155707,perturbed,1022_C19orf53_P1P2_ENSG00000104979
k562_155738,155738,perturbed,10201_ZNF207_P2_ENSG00000010244
k562_155754,155754,nt,NT_POOL
k562_155756,155756,perturbed,1035_C1orf109_P1_ENSG00000116922
k562_155821,155821,nt,NT_POOL
k562_155873,155873,nt,NT_POOL
k562_155918,155918,perturbed,10073_ZFC3H1_P1P2_ENSG00000133858
k562_155925,155925,perturbed,10073_ZFC3H1_P1P2_ENSG00000133858
k562_156006,156006,perturbed,10136_ZMAT2_P1_ENSG00000146007
k562_156067,156067,nt,NT_POOL
k562_156099,156099,nt,NT_POOL
k562_156250,156250,perturbed,1004_C17orf58_P1P2_ENSG00000186665
k562_156288,156288,nt,NT_POOL
k562_156306,156306,nt,NT_POOL
k562_156329,156329,perturbed,1029_C1D_P1P2_ENSG00000197223
k562_156388,156388,nt,NT_POOL
k562_156464,156464,perturbed,10041_ZCRB1_P1P2_ENSG00000139168
k562_156504,156504,nt,NT_POOL
k562_156575,156575,perturbed,10041_ZCRB1_P1P2_ENSG00000139168
k562_156614,156614,nt,NT_POOL
k562_156696,156696,perturbed,1016_C19orf25_P1P2_ENSG00000119559
k562_156706,156706,nt,NT_POOL
k562_156909,156909,nt,NT_POOL
k562_156935,156935,perturbed,1029_C1D_P1P2_ENSG00000197223
k562_157006,157006,nt,NT_POOL
k562_157013,157013,perturbed,10073_ZFC3H1_P1P2_ENSG00000133858
k562_157040,157040,perturbed,1036_C1orf109_P2_ENSG00000116922
k562_157053,157053,perturbed,1036_C1orf109_P2_ENSG00000116922
k562_157074,157074,perturbed,10280_ZNF317_P1P2_ENSG00000130803
k562_157087,157087,nt,NT_POOL
k562_157100,157100,perturbed,1029_C1D_P1P2_ENSG00000197223
k562_157120,157120,nt,NT_POOL
k562_157223,157223,nt,NT_POOL
k562_157338,157338,perturbed,10201_ZNF207_P2_ENSG00000010244
k562_157391,157391,perturbed,10041_ZCRB1_P1P2_ENSG00000139168
k562_157442,157442,perturbed,10280_ZNF317_P1P2_ENSG00000130803
k562_157470,157470,nt,NT_POOL
k562_157534,157534,nt,NT_POOL
k562_157595,157595,perturbed,10297_ZNF335_P1P2_ENSG00000198026
k562_157606,157606,nt,NT_POOL
k562_157618,157618,perturbed,10023_ZC3H18_P1P2_ENSG00000158545
k562_157670,157670,nt,NT_POOL
k562_157692,157692,perturbed,10073_ZFC3H1_P1P2_ENSG00000133858
k562_157814,157814,nt,NT_POOL
k562_158049,158049,perturbed,10201_ZNF207_P2_ENSG00000010244
k562_158106,158106,nt,NT_POOL
k562_158111,158111,perturbed,10073_ZFC3H1_P1P2_ENSG00000133858
k562_158147,158147,perturbed,10041_ZCRB1_P1P2_ENSG00000139168
k562_158152,158152,perturbed,10136_ZMAT2_P1_ENSG00000146007
k562_158184,158184,nt,NT_POOL
k562_158243,158243,nt,NT_POOL
k562_158247,158247,perturbed,10201_ZNF207_P2_ENSG00000010244
k562_158340,158340,nt,NT_POOL
k562_158452,158452,nt,NT_POOL
k562_158526,158526,perturbed,1016_C19orf25_P1P2_ENSG00000119559
k562_158671,158671,nt,NT_POOL
k562_158763,158763,perturbed,10136_ZMAT2_P1_ENSG00000146007
k562_158770,158770,perturbed,10202_ZNF207_P1_ENSG00000010244
k562_158795,158795,perturbed,10135_ZMAT2_P2_ENSG00000146007
k562_158858,158858,nt,NT_POOL
k562_158862,158862,perturbed,1032_C1QBP_P1P2_ENSG00000108561
k562_158900,158900,perturbed,10136_ZMAT2_P1_ENSG00000146007
k562_158911,158911,nt,NT_POOL
k562_158922,158922,nt,NT_POOL
k562_159000,159000,nt,NT_POOL
k562_159072,159072,nt,NT_POOL
k562_159129,159129,nt,NT_POOL
k562_159245,159245,perturbed,1029_C1D_P1P2_ENSG00000197223
k562_159285,159285,nt,NT_POOL
k562_159356,159356,nt,NT_POOL
k562_159385,159385,nt,NT_POOL
k562_159560,159560,perturbed,10041_ZCRB1_P1P2_ENSG00000139168
k562_159570,159570,nt,NT_POOL
k562_159626,159626,perturbed,1029_C1D_P1P2_ENSG00000197223
k562_159645,159645,nt,NT_POOL
k562_159693,159693,nt,NT_POOL
k562_159716,159716,nt,NT_POOL
k562_159749,159749,perturbed,10136_ZMAT2_P1_ENSG00000146007
k562_159944,159944,nt,NT_POOL
k562_159996,159996,nt,NT_POOL
k562_160071,160071,nt,NT_POOL
k562_160092,160092,perturbed,10280_ZNF317_P1P2_ENSG00000130803
k562_160122,160122,nt,NT_POOL
k562_160152,160152,nt,NT_POOL
k562_160235,160235,nt,NT_POOL
k562_160273,160273,nt,NT_POOL
k562_160311,160311,nt,NT_POOL
k562_160360,160360,nt,NT_POOL
k562_160414,160414,nt,NT_POOL
k562_160444,160444,nt,NT_POOL
k562_160472,160472,nt,NT_POOL
k562_160623,160623,perturbed,1036_C1orf109_P2_ENSG00000116922
k562_160626,160626,perturbed,10202_ZNF207_P1_ENSG00000010244
k562_160645,160645,nt,NT_POOL
k562_160723,160723,perturbed,10280_ZNF317_P1P2_ENSG00000130803
k562_160733,160733,perturbed,10152_ZNF100_P1P2_ENSG00000197020
k562_160751,160751,nt,NT_POOL
k562_160832,160832,nt,NT_POOL
k562_160899,160899,nt,NT_POOL
k562_160969,160969,nt,NT_POOL
k562_161054,161054,nt,NT_POOL
k562_161092,161092,perturbed,1004_C17orf58_P1P2_ENSG00000186665
k562_161135,161135,perturbed,1035_C1orf109_P1_ENSG00000116922
k562_161136,161136,nt,NT_POOL
k562_161211,161211,nt,NT_POOL
k562_161227,161227,perturbed,10202_ZNF207_P1_ENSG00000010244
k562_161269,161269,perturbed,10041_ZCRB1_P1P2_ENSG00000139168
k562_161356,161356,nt,NT_POOL
k562_161389,161389,nt,NT_POOL
k562_161439,161439,nt,NT_POOL
k562_161454,161454,perturbed,1022_C19orf53_P1P2_ENSG00000104979
k562_161526,161526,perturbed,1032_C1QBP_P1P2_ENSG00000108561
k562_161554,161554,nt,NT_POOL
k562_161611,161611,perturbed,10135_ZMAT2_P2_ENSG00000146007
k562_161631,161631,perturbed,1016_C19orf25_P1P2_ENSG00000119559
k562_161677,161677,nt,NT_POOL
k562_161702,161702,perturbed,10073_ZFC3H1_P1P2_ENSG00000133858
k562_161851,161851,perturbed,1032_C1QBP_P1P2_ENSG00000108561
k562_161895,161895,nt,NT_POOL
k562_161938,161938,nt,NT_POOL
k562_161979,161979,perturbed,10297_ZNF335_P1P2_ENSG00000198026
k562_162109,162109,nt,NT_POOL
k562_162254,162254,perturbed,1032_C1QBP_P1P2_ENSG00000108561
k562_162299,162299,nt,NT_POOL
k562_162370,162370,nt,NT_POOL
k562_162416,162416,perturbed,10136_ZMAT2_P1_ENSG00000146007
k562_162501,162501,nt,NT_POOL
k562_162570,162570,perturbed,10136_ZMAT2_P1_ENSG00000146007
k562_162587,162587,nt,NT_POOL
k562_162685,162685,perturbed,10040_ZCCHC9_P1P2_ENSG00000131732
k562_162689,162689,perturbed,10139_ZMAT5_P1P2_ENSG00000100319
k562_162709,162709,nt,NT_POOL
k562_162779,162779,nt,NT_POOL
k562_162839,162839,nt,NT_POOL
k562_162842,162842,perturbed,10041_ZCRB1_P1P2_ENSG00000139168
k562_162879,162879,nt,NT_POOL
k562_162964,162964,nt,NT_POOL
k562_163010,163010,perturbed,10073_ZFC3H1_P1P2_ENSG00000133858
k562_163069,163069,nt,NT_POOL
k562_163109,163109,perturbed,10136_ZMAT2_P1_ENSG00000146007
k562_163224,163224,nt,NT_POOL
k562_163307,163307,nt,NT_POOL
k562_163385,163385,nt,NT_POOL
k562_163424,163424,nt,NT_POOL
k562_163527,163527,nt,NT_POOL
k562_163585,163585,nt,NT_POOL
k562_163669,163669,nt,NT_POOL
k562_163766,163766,perturbed,10201_ZNF207_P2_ENSG00000010244
k562_163809,163809,perturbed,1016_C19orf25_P1P2_ENSG00000119559
k562_163842,163842,nt,NT_POOL
k562_163932,163932,perturbed,1004_C17orf58_P1P2_ENSG00000186665
k562_163943,163943,perturbed,10297_ZNF335_P1P2_ENSG00000198026
k562_163949,163949,nt,NT_POOL
k562_163950,163950,perturbed,1032_C1QBP_P1P2_ENSG00000108561
k562_163996,163996,perturbed,10280_ZNF317_P1P2_ENSG00000130803
k562_164029,164029,nt,NT_POOL
k562_164122,164122,nt,NT_POOL
k562_164236,164236,nt,NT_POOL
k562_164323,164323,nt,NT_POOL
k562_164375,164375,perturbed,10236_ZNF24_P1P2_ENSG00000172466
k562_164536,164536,nt,NT_POOL
k562_164634,164634,nt,NT_POOL
k562_164747,164747,nt,NT_POOL
k562_164781,164781,nt,NT_POOL
k562_164818,164818,nt,NT_POOL
k562_164913,164913,nt,NT_POOL
k562_164946,164946,perturbed,10152_ZNF100_P1P2_ENSG00000197020
k562_164976,164976,nt,NT_POOL
k562_165035,165035,perturbed,1029_C1D_P1P2_ENSG00000197223
k562_165064,165064,perturbed,1029_C1D_P1P2_ENSG00000197223
k562_165076,165076,nt,NT_POOL
k562_165124,165124,perturbed,1036_C1orf109_P2_ENSG00000116922
k562_165127,165127,perturbed,10201_ZNF207_P2_ENSG00000010244
k562_165198,165198,nt,NT_POOL
k562_165234,165234,nt,NT_POOL
k562_165276,165276,perturbed,1016_C19orf25_P1P2_ENSG00000119559
k562_165306,165306,perturbed,10297_ZNF335_P1P2_ENSG00000198026
k562_165307,165307,nt,NT_POOL
k562_165325,165325,perturbed,1036_C1orf109_P2_ENSG00000116922
k562_165365,165365,nt,NT_POOL
k562_165379,165379,perturbed,10136_ZMAT2_P1_ENSG00000146007
k562_165394,165394,nt,NT_POOL
k562_165411,165411,perturbed,10152_ZNF100_P1P2_ENSG00000197020
k562_165457,165457,nt,NT_POOL
k562_165597,165597,nt,NT_POOL
k562_165685,165685,perturbed,1016_C19orf25_P1P2_ENSG00000119559
k562_165734,165734,nt,NT_POOL
k562_165819,165819,nt,NT_POOL
k562_165907,165907,nt,NT_POOL
k562_166017,166017,nt,NT_POOL
k562_166018,166018,perturbed,1035_C1orf109_P1_ENSG00000116922
k562_166043,166043,nt,NT_POOL
k562_166110,166110,nt,NT_POOL
k562_166161,166161,perturbed,1029_C1D_P1P2_ENSG00000197223
k562_166268,166268,nt,NT_POOL
k562_166312,166312,perturbed,10023_ZC3H18_P1P2_ENSG00000158545
k562_166316,166316,nt,NT_POOL
k562_166366,166366,perturbed,10139_ZMAT5_P1P2_ENSG00000100319
k562_166378,166378,nt,NT_POOL
k562_166421,166421,nt,NT_POOL
k562_166498,166498,nt,NT_POOL
k562_166558,166558,nt,NT_POOL
k562_166686,166686,nt,NT_POOL
k562_166766,166766,nt,NT_POOL
k562_166898,166898,nt,NT_POOL
k562_166984,166984,nt,NT_POOL
k562_167018,167018,nt,NT_POOL
k562_167224,167224,nt,NT_POOL
k562_167337,167337,perturbed,1016_C19orf25_P1P2_ENSG00000119559
k562_167455,167455,nt,NT_POOL
k562_167506,167506,nt,NT_POOL
k562_167524,167524,perturbed,10152_ZNF100_P1P2_ENSG00000197020
k562_167547,167547,perturbed,10073_ZFC3H1_P1P2_ENSG00000133858
k562_167615,167615,nt,NT_POOL
k562_167637,167637,perturbed,10139_ZMAT5_P1P2_ENSG00000100319
k562_167647,167647,nt,NT_POOL
k562_167719,167719,nt,NT_POOL
k562_167728,167728,perturbed,1016_C19orf25_P1P2_ENSG00000119559
k562_167806,167806,perturbed,1016_C19orf25_P1P2_ENSG00000119559
k562_167826,167826,perturbed,10023_ZC3H18_P1P2_ENSG00000158545
k562_167847,167847,perturbed,10136_ZMAT2_P1_ENSG00000146007
k562_167881,167881,nt,NT_POOL
k562_167921,167921,perturbed,10136_ZMAT2_P1_ENSG00000146007
k562_167937,167937,nt,NT_POOL
k562_167975,167975,perturbed,10136_ZMAT2_P1_ENSG00000146007
k562_167995,167995,nt,NT_POOL
k562_168067,168067,nt,NT_POOL
k562_168116,168116,nt,NT_POOL
k562_168307,168307,perturbed,1036_C1orf109_P2_ENSG00000116922
k562_168342,168342,nt,NT_POOL
k562_168459,168459,nt,NT_POOL
k562_168478,168478,nt,NT_POOL
k562_168578,168578,nt,NT_POOL
k562_168618,168618,nt,NT_POOL
k562_168741,168741,perturbed,10136_ZMAT2_P1_ENSG00000146007
k562_168782,168782,perturbed,1016_C19orf25_P1P2_ENSG00000119559
k562_168794,168794,nt,NT_POOL
k562_168818,168818,nt,NT_POOL
k562_168823,168823,perturbed,1035_C1orf109_P1_ENSG00000116922
k562_168846,168846,perturbed,1036_C1orf109_P2_ENSG00000116922
k562_168872,168872,perturbed,10297_ZNF335_P1P2_ENSG00000198026
k562_169022,169022,nt,NT_POOL
k562_169109,169109,nt,NT_POOL
k562_169158,169158,perturbed,10202_ZNF207_P1_ENSG00000010244
k562_169172,169172,perturbed,10152_ZNF100_P1P2_ENSG00000197020
k562_169176,169176,perturbed,10136_ZMAT2_P1_ENSG00000146007
k562_169196,169196,nt,NT_POOL
k562_169237,169237,nt,NT_POOL
k562_169271,169271,nt,NT_POOL
k562_169329,169329,perturbed,1016_C19orf25_P1P2_ENSG00000119559
k562_169355,169355,perturbed,10136_ZMAT2_P1_ENSG00000146007
k562_169366,169366,nt,NT_POOL
k562_169413,169413,perturbed,1022_C19orf53_P1P2_ENSG00000104979
k562_169430,169430,nt,NT_POOL
k562_169444,169444,perturbed,10041_ZCRB1_P1P2_ENSG00000139168
k562_169477,169477,nt,NT_POOL
k562_169496,169496,perturbed,1016_C19orf25_P1P2_ENSG00000119559
k562_169569,169569,perturbed,10202_ZNF207_P1_ENSG00000010244
k562_169577,169577,nt,NT_POOL
k562_169613,169613,perturbed,1029_C1D_P1P2_ENSG00000197223
k562_169615,169615,perturbed,10073_ZFC3H1_P1P2_ENSG00000133858
k562_169658,169658,nt,NT_POOL
k562_169728,169728,nt,NT_POOL
k562_169762,169762,nt,NT_POOL
k562_169850,169850,nt,NT_POOL
k562_169888,169888,perturbed,10201_ZNF207_P2_ENSG00000010244
k562_169955,169955,perturbed,10201_ZNF207_P2_ENSG00000010244
k562_169995,169995,nt,NT_POOL
k562_170127,170127,perturbed,1016_C19orf25_P1P2_ENSG00000119559
k562_170155,170155,nt,NT_POOL
k562_170205,170205,nt,NT_POOL
k562_170264,170264,perturbed,10136_ZMAT2_P1_ENSG00000146007
k562_170307,170307,nt,NT_POOL
k562_170373,170373,nt,NT_POOL
k562_170504,170504,perturbed,1016_C19orf25_P1P2_ENSG00000119559
k562_170506,170506,nt,NT_POOL
k562_170536,170536,perturbed,1032_C1QBP_P1P2_ENSG00000108561
k562_170626,170626,nt,NT_POOL
k562_170739,170739,nt,NT_POOL
k562_170765,170765,nt,NT_POOL
k562_170845,170845,nt,NT_POOL
k562_170973,170973,nt,NT_POOL
k562_170996,170996,perturbed,1029_C1D_P1P2_ENSG00000197223
k562_170998,170998,nt,NT_POOL
k562_171092,171092,perturbed,10136_ZMAT2_P1_ENSG00000146007
k562_171098,171098,nt,NT_POOL
k562_171136,171136,nt,NT_POOL
k562_171193,171193,nt,NT_POOL
k562_171217,171217,perturbed,1004_C17orf58_P1P2_ENSG00000186665
k562_171249,171249,nt,NT_POOL
k562_171282,171282,perturbed,10297_ZNF335_P1P2_ENSG00000198026
k562_171326,171326,perturbed,10280_ZNF317_P1P2_ENSG00000130803
k562_171355,171355,nt,NT_POOL
k562_171365,171365,perturbed,10152_ZNF100_P1P2_ENSG00000197020
k562_171418,171418,nt,NT_POOL
k562_171426,171426,perturbed,10201_ZNF207_P2_ENSG00000010244
k562_171516,171516,perturbed,10201_ZNF207_P2_ENSG00000010244
k562_171612,171612,nt,NT_POOL
k562_171659,171659,perturbed,10280_ZNF317_P1P2_ENSG00000130803
k562_171678,171678,nt,NT_POOL
k562_171706,171706,perturbed,1022_C19orf53_P1P2_ENSG00000104979
k562_171726,171726,perturbed,10201_ZNF207_P2_ENSG00000010244
k562_171737,171737,nt,NT_POOL
k562_171776,171776,nt,NT_POOL
k562_171842,171842,nt,NT_POOL
k562_171888,171888,nt,NT_POOL
k562_171943,171943,nt,NT_POOL
k562_172042,172042,nt,NT_POOL
k562_172045,172045,perturbed,10139_ZMAT5_P1P2_ENSG00000100319
k562_172140,172140,nt,NT_POOL
k562_172181,172181,nt,NT_POOL
k562_172189,172189,perturbed,1032_C1QBP_P1P2_ENSG00000108561
k562_172210,172210,perturbed,1022_C19orf53_P1P2_ENSG00000104979
k562_172235,172235,perturbed,10136_ZMAT2_P1_ENSG00000146007
k562_172292,172292,perturbed,10135_ZMAT2_P2_ENSG00000146007
k562_172310,172310,perturbed,1016_C19orf25_P1P2_ENSG00000119559
k562_172315,172315,perturbed,10201_ZNF207_P2_ENSG00000010244
k562_172374,172374,perturbed,10135_ZMAT2_P2_ENSG00000146007
k562_172427,172427,nt,NT_POOL
k562_172510,172510,perturbed,10201_ZNF207_P2_ENSG00000010244
k562_172580,172580,perturbed,1036_C1orf109_P2_ENSG00000116922
k562_172586,172586,perturbed,10136_ZMAT2_P1_ENSG00000146007
k562_172677,172677,perturbed,10139_ZMAT5_P1P2_ENSG00000100319
k562_172747,172747,nt,NT_POOL
k562_172755,172755,perturbed,10139_ZMAT5_P1P2_ENSG00000100319
k562_172803,172803,perturbed,10040_ZCCHC9_P1P2_ENSG00000131732
k562_172826,172826,nt,NT_POOL
k562_172858,172858,perturbed,10297_ZNF335_P1P2_ENSG00000198026
k562_172934,172934,nt,NT_POOL
k562_172976,172976,nt,NT_POOL
k562_173099,173099,nt,NT_POOL
k562_173175,173175,nt,NT_POOL
k562_173235,173235,nt,NT_POOL
k562_173281,173281,perturbed,1016_C19orf25_P1P2_ENSG00000119559
k562_173293,173293,perturbed,1016_C19orf25_P1P2_ENSG00000119559
k562_173426,173426,nt,NT_POOL
k562_173476,173476,nt,NT_POOL
k562_173516,173516,perturbed,10136_ZMAT2_P1_ENSG00000146007
k562_173582,173582,nt,NT_POOL
k562_173662,173662,perturbed,1036_C1orf109_P2_ENSG00000116922
k562_173681,173681,nt,NT_POOL
k562_173787,173787,perturbed,10280_ZNF317_P1P2_ENSG00000130803
k562_173788,173788,nt,NT_POOL
k562_173847,173847,nt,NT_POOL
k562_173880,173880,nt,NT_POOL
k562_173949,173949,nt,NT_POOL
k562_173986,173986,perturbed,10152_ZNF100_P1P2_ENSG00000197020
k562_174030,174030,nt,NT_POOL
k562_174092,174092,perturbed,10041_ZCRB1_P1P2_ENSG00000139168
k562_174146,174146,nt,NT_POOL
k562_174166,174166,nt,NT_POOL
k562_174197,174197,perturbed,10280_ZNF317_P1P2_ENSG00000130803
k562_174264,174264,perturbed,1035_C1orf109_P1_ENSG00000116922
k562_174295,174295,perturbed,1036_C1orf109_P2_ENSG00000116922
k562_174302,174302,nt,NT_POOL
k562_174335,174335,perturbed,10236_ZNF24_P1P2_ENSG00000172466
k562_174358,174358,perturbed,1036_C1orf109_P2_ENSG00000116922
k562_174456,174456,perturbed,10236_ZNF24_P1P2_ENSG00000172466
k562_174461,174461,perturbed,10073_ZFC3H1_P1P2_ENSG00000133858
k562_174561,174561,perturbed,1029_C1D_P1P2_ENSG00000197223
k562_174620,174620,nt,NT_POOL
k562_174632,174632,perturbed,10139_ZMAT5_P1P2_ENSG00000100319
k562_174722,174722,nt,NT_POOL
k562_174782,174782,perturbed,10135_ZMAT2_P2_ENSG00000146007
k562_174801,174801,perturbed,10297_ZNF335_P1P2_ENSG00000198026
k562_174898,174898,nt,NT_POOL
k562_174973,174973,nt,NT_POOL
k562_175004,175004,nt,NT_POOL
k562_175096,175096,nt,NT_POOL
k562_175122,175122,nt,NT_POOL
k562_175151,175151,nt,NT_POOL
k562_175179,175179,perturbed,1032_C1QBP_P1P2_ENSG00000108561
k562_175242,175242,nt,NT_POOL
k562_175298,175298,nt,NT_POOL
k562_175350,175350,nt,NT_POOL
k562_175397,175397,nt,NT_POOL
k562_175497,175497,nt,NT_POOL
k562_175593,175593,nt,NT_POOL
k562_175637,175637,perturbed,1022_C19orf53_P1P2_ENSG00000104979
k562_175643,175643,nt,NT_POOL
k562_175696,175696,perturbed,10152_ZNF100_P1P2_ENSG00000197020
k562_175755,175755,nt,NT_POOL
k562_175779,175779,perturbed,1036_C1orf109_P2_ENSG00000116922
k562_175783,175783,perturbed,10073_ZFC3H1_P1P2_ENSG00000133858
k562_175798,175798,nt,NT_POOL
k562_175856,175856,nt,NT_POOL
k562_175943,175943,nt,NT_POOL
k562_175993,175993,nt,NT_POOL
k562_176031,176031,nt,NT_POOL
k562_176131,176131,perturbed,1032_C1QBP_P1P2_ENSG00000108561
k562_176156,176156,perturbed,10280_ZNF317_P1P2_ENSG00000130803
k562_176216,176216,perturbed,10136_ZMAT2_P1_ENSG00000146007
k562_176223,176223,nt,NT_POOL
k562_176252,176252,perturbed,1022_C19orf53_P1P2_ENSG00000104979
k562_176280,176280,perturbed,10135_ZMAT2_P2_ENSG00000146007
k562_176289,176289,perturbed,10297_ZNF335_P1P2_ENSG00000198026
k562_176347,176347,nt,NT_POOL
k562_176384,176384,nt,NT_POOL
k562_176421,176421,nt,NT_POOL
k562_176497,176497,nt,NT_POOL
k562_176534,176534,perturbed,10139_ZMAT5_P1P2_ENSG00000100319
k562_176622,176622,nt,NT_POOL
k562_176652,176652,perturbed,1036_C1orf109_P2_ENSG00000116922
k562_176702,176702,nt,NT_POOL
k562_176760,176760,perturbed,10136_ZMAT2_P1_ENSG00000146007
k562_176793,176793,nt,NT_POOL
k562_176796,176796,perturbed,10136_ZMAT2_P1_ENSG00000146007
k562_176968,176968,nt,NT_POOL
k562_176989,176989,perturbed,10136_ZMAT2_P1_ENSG00000146007
k562_177024,177024,nt,NT_POOL
k562_177055,177055,perturbed,1036_C1orf109_P2_ENSG00000116922
k562_177069,177069,nt,NT_POOL
k562_177118,177118,perturbed,10201_ZNF207_P2_ENSG00000010244
k562_177126,177126,perturbed,10135_ZMAT2_P2_ENSG00000146007
k562_177199,177199,nt,NT_POOL
k562_177333,177333,nt,NT_POOL
k562_177367,177367,nt,NT_POOL
k562_177426,177426,perturbed,1032_C1QBP_P1P2_ENSG00000108561
k562_177437,177437,nt,NT_POOL
k562_177499,177499,nt,NT_POOL
k562_177618,177618,perturbed,1032_C1QBP_P1P2_ENSG00000108561
k562_177619,177619,perturbed,1029_C1D_P1P2_ENSG00000197223
k562_177650,177650,nt,NT_POOL
k562_177657,177657,perturbed,10152_ZNF100_P1P2_ENSG00000197020
k562_177702,177702,nt,NT_POOL
k562_177873,177873,nt,NT_POOL
k562_177977,177977,nt,NT_POOL
k562_177983,177983,perturbed,10201_ZNF207_P2_ENSG00000010244
k562_177997,177997,nt,NT_POOL
k562_178090,178090,nt,NT_POOL
k562_178115,178115,nt,NT_POOL
k562_178119,178119,perturbed,1035_C1orf109_P1_ENSG00000116922
k562_178146,178146,perturbed,10297_ZNF335_P1P2_ENSG00000198026
k562_178182,178182,perturbed,10040_ZCCHC9_P1P2_ENSG00000131732
k562_178221,178221,perturbed,1035_C1orf109_P1_ENSG00000116922
k562_178252,178252,nt,NT_POOL
k562_178369,178369,nt,NT_POOL
k562_178377,178377,perturbed,10136_ZMAT2_P1_ENSG00000146007
k562_178389,178389,nt,NT_POOL
k562_178443,178443,perturbed,1016_C19orf25_P1P2_ENSG00000119559
k562_178451,178451,nt,NT_POOL
k562_178520,178520,nt,NT_POOL
k562_178568,178568,perturbed,1032_C1QBP_P1P2_ENSG00000108561
k562_178618,178618,nt,NT_POOL
k562_178641,178641,nt,NT_POOL
k562_178686,178686,perturbed,1036_C1orf109_P2_ENSG00000116922
k562_178794,178794,nt,NT_POOL
k562_178795,178795,perturbed,10040_ZCCHC9_P1P2_ENSG00000131732
k562_178804,178804,nt,NT_POOL
k562_178812,178812,perturbed,1004_C17orf58_P1P2_ENSG00000186665
k562_178849,178849,nt,NT_POOL
k562_178852,178852,perturbed,10136_ZMAT2_P1_ENSG00000146007
k562_178904,178904,perturbed,1016_C19orf25_P1P2_ENSG00000119559
k562_178951,178951,nt,NT_POOL
k562_178972,178972,perturbed,10297_ZNF335_P1P2_ENSG00000198026
k562_179036,179036,nt,NT_POOL
k562_179113,179113,nt,NT_POOL
k562_179122,179122,perturbed,1022_C19orf53_P1P2_ENSG00000104979
k562_179148,179148,perturbed,1035_C1orf109_P1_ENSG00000116922
k562_179178,179178,perturbed,10201_ZNF207_P2_ENSG00000010244
k562_179196,179196,perturbed,10040_ZCCHC9_P1P2_ENSG00000131732
k562_179202,179202,nt,NT_POOL
k562_179227,179227,perturbed,1016_C19orf25_P1P2_ENSG00000119559
k562_179274,179274,nt,NT_POOL
k562_179346,179346,perturbed,10201_ZNF207_P2_ENSG00000010244
k562_179372,179372,nt,NT_POOL
k562_179374,179374,perturbed,1022_C19orf53_P1P2_ENSG00000104979
k562_179380,179380,perturbed,10201_ZNF207_P2_ENSG00000010244
k562_179417,179417,perturbed,1022_C19orf53_P1P2_ENSG00000104979
k562_179456,179456,nt,NT_POOL
k562_179460,179460,perturbed,10136_ZMAT2_P1_ENSG00000146007
k562_179517,179517,nt,NT_POOL
k562_179519,179519,perturbed,10136_ZMAT2_P1_ENSG00000146007
k562_179534,179534,perturbed,10041_ZCRB1_P1P2_ENSG00000139168
k562_179584,179584,nt,NT_POOL
k562_179617,179617,perturbed,10201_ZNF207_P2_ENSG00000010244
k562_179653,179653,nt,NT_POOL
k562_179713,179713,perturbed,10152_ZNF100_P1P2_ENSG00000197020
k562_179738,179738,nt,NT_POOL
k562_179781,179781,nt,NT_POOL
k562_179826,179826,perturbed,10201_ZNF207_P2_ENSG00000010244
k562_179828,179828,nt,NT_POOL
k562_179834,179834,perturbed,10136_ZMAT2_P1_ENSG00000146007
k562_179931,179931,perturbed,1036_C1orf109_P2_ENSG00000116922
k562_179949,179949,perturbed,10136_ZMAT2_P1_ENSG00000146007
k562_179980,179980,perturbed,1032_C1QBP_P1P2_ENSG00000108561
k562_180003,180003,perturbed,10136_ZMAT2_P1_ENSG00000146007
k562_180072,180072,nt,NT_POOL
k562_180224,180224,nt,NT_POOL
k562_180350,180350,nt,NT_POOL
k562_180388,180388,nt,NT_POOL
k562_180566,180566,nt,NT_POOL
k562_180619,180619,perturbed,10135_ZMAT2_P2_ENSG00000146007
k562_180695,180695,nt,NT_POOL
k562_180729,180729,perturbed,1029_C1D_P1P2_ENSG00000197223
k562_180752,180752,nt,NT_POOL
k562_180773,180773,perturbed,10041_ZCRB1_P1P2_ENSG00000139168
k562_180777,180777,perturbed,10040_ZCCHC9_P1P2_ENSG00000131732
k562_180825,180825,perturbed,1022_C19orf53_P1P2_ENSG00000104979
k562_180927,180927,nt,NT_POOL
k562_180952,180952,perturbed,10073_ZFC3H1_P1P2_ENSG00000133858
k562_180981,180981,perturbed,10201_ZNF207_P2_ENSG00000010244
k562_181098,181098,perturbed,1036_C1orf109_P2_ENSG00000116922
k562_181122,181122,nt,NT_POOL
k562_181165,181165,nt,NT_POOL
k562_181189,181189,perturbed,10139_ZMAT5_P1P2_ENSG00000100319
k562_181234,181234,perturbed,1016_C19orf25_P1P2_ENSG00000119559
k562_181246,181246,nt,NT_POOL
k562_181326,181326,nt,NT_POOL
k562_181333,181333,perturbed,1036_C1orf109_P2_ENSG00000116922
k562_181392,181392,nt,NT_POOL
k562_181492,181492,nt,NT_POOL
k562_181501,181501,perturbed,10136_ZMAT2_P1_ENSG00000146007
k562_181538,181538,nt,NT_POOL
k562_181626,181626,perturbed,10280_ZNF317_P1P2_ENSG00000130803
k562_181646,181646,perturbed,1029_C1D_P1P2_ENSG00000197223
k562_181792,181792,nt,NT_POOL
k562_181813,181813,nt,NT_POOL
k562_181898,181898,nt,NT_POOL
k562_181938,181938,perturbed,1016_C19orf25_P1P2_ENSG00000119559
k562_181957,181957,nt,NT_POOL
k562_182027,182027,nt,NT_POOL
k562_182099,182099,nt,NT_POOL
k562_182160,182160,nt,NT_POOL
k562_182234,182234,nt,NT_POOL
k562_182245,182245,perturbed,1029_C1D_P1P2_ENSG00000197223
k562_182267,182267,nt,NT_POOL
k562_182302,182302,nt,NT_POOL
k562_182324,182324,perturbed,10136_ZMAT2_P1_ENSG00000146007
k562_182373,182373,perturbed,1029_C1D_P1P2_ENSG00000197223
k562_182383,182383,perturbed,10136_ZMAT2_P1_ENSG00000146007
k562_182448,182448,nt,NT_POOL
k562_182478,182478,nt,NT_POOL
k562_182498,182498,perturbed,10201_ZNF207_P2_ENSG00000010244
k562_182528,182528,perturbed,10041_ZCRB1_P1P2_ENSG00000139168
k562_182547,182547,nt,NT_POOL
k562_182578,182578,nt,NT_POOL
k562_182659,182659,perturbed,10152_ZNF100_P1P2_ENSG00000197020
k562_182698,182698,perturbed,10201_ZNF207_P2_ENSG00000010244
k562_182734,182734,nt,NT_POOL
k562_182753,182753,nt,NT_POOL
k562_182860,182860,perturbed,1029_C1D_P1P2_ENSG00000197223
k562_182956,182956,nt,NT_POOL
k562_182977,182977,perturbed,10152_ZNF100_P1P2_ENSG00000197020
k562_183064,183064,nt,NT_POOL
k562_183163,183163,nt,NT_POOL
k562_183173,183173,perturbed,10280_ZNF317_P1P2_ENSG00000130803
k562_183242,183242,nt,NT_POOL
k562_183290,183290,nt,NT_POOL
k562_183346,183346,perturbed,10297_ZNF335_P1P2_ENSG00000198026
k562_183376,183376,nt,NT_POOL
k562_183395,183395,perturbed,10136_ZMAT2_P1_ENSG00000146007
k562_183417,183417,nt,NT_POOL
k562_183502,183502,perturbed,1022_C19orf53_P1P2_ENSG00000104979
k562_183509,183509,nt,NT_POOL
k562_183543,183543,nt,NT_POOL
k562_183615,183615,perturbed,10041_ZCRB1_P1P2_ENSG00000139168
k562_183656,183656,nt,NT_POOL
k562_183657,183657,perturbed,1022_C19orf53_P1P2_ENSG00000104979
k562_183714,183714,perturbed,1036_C1orf109_P2_ENSG00000116922
k562_183724,183724,nt,NT_POOL
k562_183759,183759,perturbed,1016_C19orf25_P1P2_ENSG00000119559
k562_183851,183851,nt,NT_POOL
k562_183888,183888,perturbed,1036_C1orf109_P2_ENSG00000116922
k562_183988,183988,perturbed,1016_C19orf25_P1P2_ENSG00000119559
k562_184047,184047,perturbed,10041_ZCRB1_P1P2_ENSG00000139168
k562_184095,184095,nt,NT_POOL
k562_184213,184213,nt,NT_POOL
k562_184260,184260,perturbed,10139_ZMAT5_P1P2_ENSG00000100319
k562_184326,184326,nt,NT_POOL
k562_184406,184406,perturbed,1036_C1orf109_P2_ENSG00000116922
k562_184415,184415,perturbed,1029_C1D_P1P2_ENSG00000197223
k562_184421,184421,nt,NT_POOL
k562_184461,184461,nt,NT_POOL
k562_184603,184603,nt,NT_POOL
k562_184740,184740,nt,NT_POOL
k562_184838,184838,nt,NT_POOL
k562_184848,184848,perturbed,10135_ZMAT2_P2_ENSG00000146007
k562_184867,184867,nt,NT_POOL
k562_184911,184911,nt,NT_POOL
k562_184990,184990,nt,NT_POOL
k562_185076,185076,perturbed,1032_C1QBP_P1P2_ENSG00000108561
k562_185116,185116,nt,NT_POOL
k562_185178,185178,perturbed,1016_C19orf25_P1P2_ENSG00000119559
k562_185179,185179,perturbed,1035_C1orf109_P1_ENSG00000116922
k562_185186,185186,nt,NT_POOL
k562_185201,185201,perturbed,1036_C1orf109_P2_ENSG00000116922
k562_185272,185272,nt,NT_POOL
k562_185315,185315,perturbed,10236_ZNF24_P1P2_ENSG00000172466
k562_185332,185332,perturbed,1032_C1QBP_P1P2_ENSG00000108561
k562_185388,185388,nt,NT_POOL
k562_185453,185453,nt,NT_POOL
k562_185491,185491,perturbed,10201_ZNF207_P2_ENSG00000010244
k562_185539,185539,perturbed,10136_ZMAT2_P1_ENSG00000146007
k562_185553,185553,perturbed,10040_ZCCHC9_P1P2_ENSG00000131732
k562_185587,185587,nt,NT_POOL
k562_185657,185657,perturbed,1029_C1D_P1P2_ENSG00000197223
k562_185677,185677,nt,NT_POOL
k562_185747,185747,perturbed,10136_ZMAT2_P1_ENSG00000146007
k562_185784,185784,nt,NT_POOL
k562_185785,185785,perturbed,10139_ZMAT5_P1P2_ENSG00000100319
k562_185862,185862,nt,NT_POOL
k562_185934,185934,nt,NT_POOL
k562_186004,186004,perturbed,1032_C1QBP_P1P2_ENSG00000108561
k562_186012,186012,nt,NT_POOL
k562_186051,186051,nt,NT_POOL
k562_186152,186152,nt,NT_POOL
k562_186241,186241,perturbed,10152_ZNF100_P1P2_ENSG00000197020
k562_186306,186306,perturbed,10040_ZCCHC9_P1P2_ENSG00000131732
k562_186440,186440,perturbed,10297_ZNF335_P1P2_ENSG00000198026
k562_186493,186493,nt,NT_POOL
k562_186514,186514,perturbed,10152_ZNF100_P1P2_ENSG00000197020
k562_186641,186641,nt,NT_POOL
k562_186677,186677,nt,NT_POOL
k562_186707,186707,nt,NT_POOL
k562_186777,186777,nt,NT_POOL
k562_186814,186814,nt,NT_POOL
k562_186875,186875,nt,NT_POOL
k562_186900,186900,perturbed,1022_C19orf53_P1P2_ENSG00000104979
k562_186971,186971,nt,NT_POOL
k562_186977,186977,perturbed,10202_ZNF207_P1_ENSG00000010244
k562_187069,187069,perturbed,1022_C19orf53_P1P2_ENSG00000104979
k562_187097,187097,nt,NT_POOL
k562_187150,187150,perturbed,10297_ZNF335_P1P2_ENSG00000198026
k562_187252,187252,perturbed,10201_ZNF207_P2_ENSG00000010244
k562_187263,187263,nt,NT_POOL
k562_187347,187347,nt,NT_POOL
k562_187380,187380,perturbed,10236_ZNF24_P1P2_ENSG00000172466
k562_187443,187443,nt,NT_POOL
k562_187587,187587,nt,NT_POOL
k562_187714,187714,nt,NT_POOL
k562_187734,187734,perturbed,10280_ZNF317_P1P2_ENSG00000130803
k562_187811,187811,perturbed,10202_ZNF207_P1_ENSG00000010244
k562_187817,187817,perturbed,10297_ZNF335_P1P2_ENSG00000198026
k562_187835,187835,perturbed,1032_C1QBP_P1P2_ENSG00000108561
k562_187876,187876,nt,NT_POOL
k562_187886,187886,perturbed,10280_ZNF317_P1P2_ENSG00000130803
k562_187895,187895,perturbed,1036_C1orf109_P2_ENSG00000116922
k562_187953,187953,nt,NT_POOL
k562_187995,187995,perturbed,10136_ZMAT2_P1_ENSG00000146007
k562_188068,188068,nt,NT_POOL
k562_188083,188083,perturbed,10280_ZNF317_P1P2_ENSG00000130803
k562_188150,188150,perturbed,10135_ZMAT2_P2_ENSG00000146007
k562_188252,188252,perturbed,1016_C19orf25_P1P2_ENSG00000119559
k562_188266,188266,nt,NT_POOL
k562_188349,188349,nt,NT_POOL
k562_188440,188440,perturbed,1016_C19orf25_P1P2_ENSG00000119559
k562_188449,188449,nt,NT_POOL
k562_188453,188453,perturbed,10280_ZNF317_P1P2_ENSG00000130803
k562_188470,188470,perturbed,1036_C1orf109_P2_ENSG00000116922
k562_188533,188533,nt,NT_POOL
k562_188538,188538,perturbed,1022_C19orf53_P1P2_ENSG00000104979
k562_188619,188619,perturbed,10139_ZMAT5_P1P2_ENSG00000100319
k562_188622,188622,perturbed,10297_ZNF335_P1P2_ENSG00000198026
k562_188774,188774,nt,NT_POOL
k562_188786,188786,nt,NT_POOL
k562_188792,188792,perturbed,10280_ZNF317_P1P2_ENSG00000130803
k562_188831,188831,perturbed,10073_ZFC3H1_P1P2_ENSG00000133858
k562_188907,188907,nt,NT_POOL
k562_188966,188966,perturbed,10236_ZNF24_P1P2_ENSG00000172466
k562_188974,188974,perturbed,10202_ZNF207_P1_ENSG00000010244
k562_188987,188987,nt,NT_POOL
k562_189012,189012,perturbed,10040_ZCCHC9_P1P2_ENSG00000131732
k562_189017,189017,nt,NT_POOL
k562_189175,189175,nt,NT_POOL
k562_189232,189232,perturbed,1036_C1orf109_P2_ENSG00000116922
k562_189237,189237,nt,NT_POOL
k562_189412,189412,nt,NT_POOL
k562_189475,189475,nt,NT_POOL
k562_189531,189531,perturbed,10202_ZNF207_P1_ENSG00000010244
k562_189599,189599,nt,NT_POOL
k562_189664,189664,perturbed,1029_C1D_P1P2_ENSG00000197223
k562_189675,189675,nt,NT_POOL
k562_189707,189707,nt,NT_POOL
k562_189776,189776,nt,NT_POOL
k562_189786,189786,perturbed,10136_ZMAT2_P1_ENSG00000146007
k562_189826,189826,perturbed,10139_ZMAT5_P1P2_ENSG00000100319
k562_189891,189891,perturbed,10136_ZMAT2_P1_ENSG00000146007
k562_189905,189905,nt,NT_POOL
k562_190022,190022,nt,NT_POOL
k562_190061,190061,nt,NT_POOL
k562_190105,190105,nt,NT_POOL
k562_190115,190115,perturbed,1022_C19orf53_P1P2_ENSG00000104979
k562_190180,190180,nt,NT_POOL
k562_190194,190194,nt,NT_POOL
k562_190274,190274,nt,NT_POOL
k562_190342,190342,nt,NT_POOL
k562_190348,190348,perturbed,10136_ZMAT2_P1_ENSG00000146007
k562_190368,190368,nt,NT_POOL
k562_190524,190524,perturbed,10136_ZMAT2_P1_ENSG00000146007
k562_190583,190583,nt,NT_POOL
k562_190601,190601,nt,NT_POOL
k562_190667,190667,nt,NT_POOL
k562_190670,190670,perturbed,10201_ZNF207_P2_ENSG00000010244
k562_190719,190719,nt,NT_POOL
k562_190755,190755,perturbed,10202_ZNF207_P1_ENSG00000010244
k562_190840,190840,nt,NT_POOL
k562_190858,190858,nt,NT_POOL
k562_190998,190998,nt,NT_POOL
k562_191076,191076,nt,NT_POOL
k562_191098,191098,perturbed,1022_C19orf53_P1P2_ENSG00000104979
k562_191134,191134,nt,NT_POOL
k562_191169,191169,nt,NT_POOL
k562_191171,191171,perturbed,10297_ZNF335_P1P2_ENSG00000198026
k562_191304,191304,nt,NT_POOL
k562_191364,191364,nt,NT_POOL
k562_191449,191449,perturbed,1032_C1QBP_P1P2_ENSG00000108561
k562_191477,191477,perturbed,1016_C19orf25_P1P2_ENSG00000119559
k562_191490,191490,perturbed,1032_C1QBP_P1P2_ENSG00000108561
k562_191498,191498,perturbed,10152_ZNF100_P1P2_ENSG00000197020
k562_191567,191567,nt,NT_POOL
k562_191713,191713,nt,NT_POOL
k562_191773,191773,nt,NT_POOL
k562_191821,191821,perturbed,10041_ZCRB1_P1P2_ENSG00000139168
k562_191824,191824,perturbed,10201_ZNF207_P2_ENSG00000010244
k562_191871,191871,nt,NT_POOL
k562_191965,191965,nt,NT_POOL
k562_192019,192019,nt,NT_POOL
k562_192071,192071,nt,NT_POOL
k562_192131,192131,nt,NT_POOL
k562_192172,192172,nt,NT_POOL
k562_192243,192243,perturbed,10297_ZNF335_P1P2_ENSG00000198026
k562_192358,192358,perturbed,1035_C1orf109_P1_ENSG00000116922
k562_192373,192373,nt,NT_POOL
k562_192526,192526,nt,NT_POOL
k562_192595,192595,nt,NT_POOL
k562_192657,192657,perturbed,10297_ZNF335_P1P2_ENSG00000198026
k562_192666,192666,perturbed,1032_C1QBP_P1P2_ENSG00000108561
k562_192720,192720,nt,NT_POOL
k562_192768,192768,perturbed,1022_C19orf53_P1P2_ENSG00000104979
k562_192856,192856,nt,NT_POOL
k562_192893,192893,perturbed,1032_C1QBP_P1P2_ENSG00000108561
k562_193008,193008,nt,NT_POOL
k562_193111,193111,perturbed,10139_ZMAT5_P1P2_ENSG00000100319
k562_193138,193138,nt,NT_POOL
k562_193204,193204,nt,NT_POOL
k562_193318,193318,nt,NT_POOL
k562_193426,193426,nt,NT_POOL
k562_193460,193460,perturbed,10297_ZNF335_P1P2_ENSG00000198026
k562_193493,193493,perturbed,10280_ZNF317_P1P2_ENSG00000130803
k562_193591,193591,nt,NT_POOL
k562_193608,193608,perturbed,10135_ZMAT2_P2_ENSG00000146007
k562_193708,193708,perturbed,10136_ZMAT2_P1_ENSG00000146007
k562_193720,193720,perturbed,1036_C1orf109_P2_ENSG00000116922
k562_193782,193782,nt,NT_POOL
k562_193825,193825,nt,NT_POOL
k562_193842,193842,perturbed,1016_C19orf25_P1P2_ENSG00000119559
k562_193848,193848,perturbed,10139_ZMAT5_P1P2_ENSG00000100319
k562_193946,193946,perturbed,10136_ZMAT2_P1_ENSG00000146007
k562_193973,193973,nt,NT_POOL
k562_194070,194070,nt,NT_POOL
k562_194107,194107,perturbed,10135_ZMAT2_P2_ENSG00000146007
k562_194127,194127,nt,NT_POOL
k562_194208,194208,nt,NT_POOL
k562_194247,194247,nt,NT_POOL
k562_194305,194305,perturbed,1032_C1QBP_P1P2_ENSG00000108561
k562_194393,194393,perturbed,10041_ZCRB1_P1P2_ENSG00000139168
k562_194408,194408,nt,NT_POOL
k562_194434,194434,nt,NT_POOL
k562_194523,194523,perturbed,10041_ZCRB1_P1P2_ENSG00000139168
k562_194525,194525,nt,NT_POOL
k562_194552,194552,perturbed,1032_C1QBP_P1P2_ENSG00000108561
k562_194635,194635,nt,NT_POOL
k562_194687,194687,nt,NT_POOL
k562_194748,194748,nt,NT_POOL
k562_194778,194778,perturbed,1022_C19orf53_P1P2_ENSG00000104979
k562_194829,194829,nt,NT_POOL
k562_194854,194854,perturbed,1016_C19orf25_P1P2_ENSG00000119559
k562_194873,194873,nt,NT_POOL
k562_195020,195020,perturbed,10073_ZFC3H1_P1P2_ENSG00000133858
k562_195082,195082,perturbed,10040_ZCCHC9_P1P2_ENSG00000131732
k562_195121,195121,nt,NT_POOL
k562_195172,195172,perturbed,1022_C19orf53_P1P2_ENSG00000104979
k562_195183,195183,nt,NT_POOL
k562_195409,195409,nt,NT_POOL
k562_195431,195431,nt,NT_POOL
k562_195476,195476,perturbed,10135_ZMAT2_P2_ENSG00000146007
k562_195619,195619,nt,NT_POOL
k562_195688,195688,nt,NT_POOL
k562_195706,195706,perturbed,10136_ZMAT2_P1_ENSG00000146007
k562_195803,195803,nt,NT_POOL
k562_195818,195818,perturbed,1029_C1D_P1P2_ENSG00000197223
k562_195884,195884,nt,NT_POOL
k562_195916,195916,perturbed,10136_ZMAT2_P1_ENSG00000146007
k562_195950,195950,perturbed,1036_C1orf109_P2_ENSG00000116922
k562_195957,195957,perturbed,10201_ZNF207_P2_ENSG00000010244
k562_196035,196035,nt,NT_POOL
k562_196061,196061,perturbed,10139_ZMAT5_P1P2_ENSG00000100319
k562_196094,196094,nt,NT_POOL
k562_196164,196164,nt,NT_POOL
k562_196217,196217,nt,NT_POOL
k562_196297,196297,perturbed,1029_C1D_P1P2_ENSG00000197223
k562_196352,196352,nt,NT_POOL
k562_196427,196427,perturbed,10073_ZFC3H1_P1P2_ENSG00000133858
k562_196483,196483,nt,NT_POOL
k562_196582,196582,nt,NT_POOL
k562_196606,196606,nt,NT_POOL
k562_196698,196698,perturbed,10280_ZNF317_P1P2_ENSG00000130803
k562_196810,196810,perturbed,1016_C19orf25_P1P2_ENSG00000119559
k562_196812,196812,perturbed,10280_ZNF317_P1P2_ENSG00000130803
k562_196817,196817,nt,NT_POOL
k562_196847,196847,nt,NT_POOL
k562_196897,196897,nt,NT_POOL
k562_196944,196944,perturbed,10297_ZNF335_P1P2_ENSG00000198026
k562_197009,197009,nt,NT_POOL
k562_197063,197063,perturbed,1029_C1D_P1P2_ENSG00000197223
k562_197100,197100,nt,NT_POOL
k562_197191,197191,nt,NT_POOL
k562_197192,197192,perturbed,10297_ZNF335_P1P2_ENSG00000198026
k562_197250,197250,perturbed,1032_C1QBP_P1P2_ENSG00000108561
k562_197286,197286,perturbed,1029_C1D_P1P2_ENSG00000197223
k562_197328,197328,nt,NT_POOL
k562_197402,197402,nt,NT_POOL
k562_197440,197440,perturbed,10201_ZNF207_P2_ENSG00000010244
k562_197450,197450,perturbed,1036_C1orf109_P2_ENSG00000116922
k562_197535,197535,nt,NT_POOL
k562_197627,197627,perturbed,10136_ZMAT2_P1_ENSG00000146007
k562_197709,197709,nt,NT_POOL
k562_197745,197745,nt,NT_POOL
k562_197829,197829,nt,NT_POOL
k562_197844,197844,perturbed,1032_C1QBP_P1P2_ENSG00000108561
k562_197910,197910,nt,NT_POOL
k562_197939,197939,perturbed,1004_C17orf58_P1P2_ENSG00000186665
k562_197950,197950,nt,NT_POOL
k562_198026,198026,perturbed,1036_C1orf109_P2_ENSG00000116922
k562_198065,198065,nt,NT_POOL
k562_198085,198085,perturbed,10297_ZNF335_P1P2_ENSG00000198026
k562_198187,198187,nt,NT_POOL
k562_198198,198198,perturbed,10202_ZNF207_P1_ENSG00000010244
k562_198287,198287,nt,NT_POOL
k562_198439,198439,nt,NT_POOL
k562_198448,198448,perturbed,10202_ZNF207_P1_ENSG00000010244
k562_198466,198466,nt,NT_POOL
k562_198503,198503,nt,NT_POOL
k562_198582,198582,perturbed,1022_C19orf53_P1P2_ENSG00000104979
k562_198592,198592,nt,NT_POOL
k562_198715,198715,perturbed,1029_C1D_P1P2_ENSG00000197223
k562_198724,198724,perturbed,10152_ZNF100_P1P2_ENSG00000197020
k562_198739,198739,perturbed,10041_ZCRB1_P1P2_ENSG00000139168
k562_198743,198743,nt,NT_POOL
k562_198872,198872,nt,NT_POOL
k562_198907,198907,perturbed,10041_ZCRB1_P1P2_ENSG00000139168
k562_198927,198927,nt,NT_POOL
k562_198939,198939,perturbed,10201_ZNF207_P2_ENSG00000010244
k562_198993,198993,nt,NT_POOL
k562_199075,199075,perturbed,1022_C19orf53_P1P2_ENSG00000104979
k562_199080,199080,perturbed,10135_ZMAT2_P2_ENSG00000146007
k562_199147,199147,perturbed,10202_ZNF207_P1_ENSG00000010244
k562_199217,199217,perturbed,1032_C1QBP_P1P2_ENSG00000108561
k562_199259,199259,nt,NT_POOL
k562_199270,199270,perturbed,10023_ZC3H18_P1P2_ENSG00000158545
k562_199286,199286,perturbed,10201_ZNF207_P2_ENSG00000010244
k562_199297,199297,nt,NT_POOL
k562_199396,199396,nt,NT_POOL
k562_199428,199428,nt,NT_POOL
k562_199503,199503,perturbed,1035_C1orf109_P1_ENSG00000116922
k562_199506,199506,perturbed,1029_C1D_P1P2_ENSG00000197223
k562_199515,199515,nt,NT_POOL
k562_199559,199559,perturbed,10201_ZNF207_P2_ENSG00000010244
k562_199639,199639,nt,NT_POOL
k562_199678,199678,nt,NT_POOL
k562_199743,199743,perturbed,10073_ZFC3H1_P1P2_ENSG00000133858
k562_199820,199820,nt,NT_POOL
k562_199906,199906,perturbed,10236_ZNF24_P1P2_ENSG00000172466
k562_199925,199925,perturbed,10073_ZFC3H1_P1P2_ENSG00000133858
k562_199928,199928,nt,NT_POOL
k562_200045,200045,perturbed,10041_ZCRB1_P1P2_ENSG00000139168
k562_200148,200148,nt,NT_POOL
k562_200242,200242,perturbed,1016_C19orf25_P1P2_ENSG00000119559
k562_200249,200249,nt,NT_POOL
k562_200286,200286,nt,NT_POOL
k562_200345,200345,nt,NT_POOL
k562_200379,200379,nt,NT_POOL
k562_200494,200494,perturbed,10073_ZFC3H1_P1P2_ENSG00000133858
k562_200540,200540,nt,NT_POOL
k562_200560,200560,nt,NT_POOL
k562_200627,200627,perturbed,1016_C19orf25_P1P2_ENSG00000119559
k562_200638,200638,nt,NT_POOL
k562_200691,200691,perturbed,10201_ZNF207_P2_ENSG00000010244
k562_200733,200733,perturbed,10136_ZMAT2_P1_ENSG00000146007
k562_200740,200740,perturbed,1032_C1QBP_P1P2_ENSG00000108561
k562_200756,200756,perturbed,10280_ZNF317_P1P2_ENSG00000130803
k562_200769,200769,nt,NT_POOL
k562_200903,200903,perturbed,10136_ZMAT2_P1_ENSG00000146007
k562_200921,200921,perturbed,10297_ZNF335_P1P2_ENSG00000198026
k562_200959,200959,nt,NT_POOL
k562_200995,200995,nt,NT_POOL
k562_201033,201033,perturbed,10280_ZNF317_P1P2_ENSG00000130803
k562_201080,201080,perturbed,1032_C1QBP_P1P2_ENSG00000108561
k562_201204,201204,perturbed,1016_C19orf25_P1P2_ENSG00000119559
k562_201234,201234,nt,NT_POOL
k562_201297,201297,perturbed,10201_ZNF207_P2_ENSG00000010244
k562_201310,201310,perturbed,10040_ZCCHC9_P1P2_ENSG00000131732
k562_201315,201315,nt,NT_POOL
k562_201430,201430,perturbed,1022_C19orf53_P1P2_ENSG00000104979
k562_201443,201443,nt,NT_POOL
k562_201448,201448,perturbed,10040_ZCCHC9_P1P2_ENSG00000131732
k562_201494,201494,perturbed,1032_C1QBP_P1P2_ENSG00000108561
k562_201597,201597,nt,NT_POOL
k562_201684,201684,nt,NT_POOL
k562_201685,201685,perturbed,10073_ZFC3H1_P1P2_ENSG00000133858
k562_201839,201839,nt,NT_POOL
k562_201852,201852,nt,NT_POOL
k562_201912,201912,perturbed,10073_ZFC3H1_P1P2_ENSG00000133858
k562_201958,201958,nt,NT_POOL
k562_202035,202035,perturbed,1032_C1QBP_P1P2_ENSG00000108561
k562_202092,202092,nt,NT_POOL
k562_202113,202113,nt,NT_POOL
k562_202150,202150,perturbed,1036_C1orf109_P2_ENSG00000116922
k562_202151,202151,nt,NT_POOL
k562_202199,202199,nt,NT_POOL
k562_202284,202284,perturbed,1036_C1orf109_P2_ENSG00000116922
k562_202298,202298,nt,NT_POOL
k562_202401,202401,nt,NT_POOL
k562_202468,202468,perturbed,10136_ZMAT2_P1_ENSG00000146007
k562_202680,202680,perturbed,10041_ZCRB1_P1P2_ENSG00000139168
k562_202683,202683,nt,NT_POOL
k562_202830,202830,nt,NT_POOL
k562_202879,202879,nt,NT_POOL
k562_202917,202917,perturbed,10040_ZCCHC9_P1P2_ENSG00000131732
k562_202939,202939,nt,NT_POOL
k562_203081,203081,nt,NT_POOL
k562_203157,203157,nt,NT_POOL
k562_203234,203234,nt,NT_POOL
k562_203306,203306,perturbed,1032_C1QBP_P1P2_ENSG00000108561
k562_203309,203309,perturbed,1032_C1QBP_P1P2_ENSG00000108561
k562_203316,203316,nt,NT_POOL
k562_203389,203389,perturbed,10041_ZCRB1_P1P2_ENSG00000139168
k562_203467,203467,nt,NT_POOL
k562_203517,203517,nt,NT_POOL
k562_203662,203662,nt,NT_POOL
k562_203806,203806,nt,NT_POOL
k562_203811,203811,perturbed,10135_ZMAT2_P2_ENSG00000146007
k562_203918,203918,perturbed,10041_ZCRB1_P1P2_ENSG00000139168
k562_203949,203949,nt,NT_POOL
k562_204039,204039,nt,NT_POOL
k562_204077,204077,nt,NT_POOL
k562_204119,204119,perturbed,10202_ZNF207_P1_ENSG00000010244
k562_204143,204143,perturbed,10073_ZFC3H1_P1P2_ENSG00000133858
k562_204198,204198,perturbed,1032_C1QBP_P1P2_ENSG00000108561
k562_204236,204236,nt,NT_POOL
k562_204274,204274,nt,NT_POOL
k562_204310,204310,nt,NT_POOL
k562_204352,204352,perturbed,10135_ZMAT2_P2_ENSG00000146007
k562_204399,204399,nt,NT_POOL
k562_204451,204451,perturbed,1036_C1orf109_P2_ENSG00000116922
k562_204494,204494,nt,NT_POOL
k562_204497,204497,perturbed,10280_ZNF317_P1P2_ENSG00000130803
k562_204517,204517,nt,NT_POOL
k562_204546,204546,perturbed,10297_ZNF335_P1P2_ENSG00000198026
k562_204561,204561,nt,NT_POOL
k562_204599,204599,nt,NT_POOL
k562_204602,204602,perturbed,10201_ZNF207_P2_ENSG00000010244
k562_204613,204613,nt,NT_POOL
k562_204905,204905,nt,NT_POOL
k562_205002,205002,perturbed,10041_ZCRB1_P1P2_ENSG00000139168
k562_205012,205012,perturbed,10136_ZMAT2_P1_ENSG00000146007
k562_205036,205036,nt,NT_POOL
k562_205238,205238,perturbed,1036_C1orf109_P2_ENSG00000116922
k562_205252,205252,nt,NT_POOL
k562_205297,205297,perturbed,10201_ZNF207_P2_ENSG00000010244
k562_205302,205302,perturbed,10136_ZMAT2_P1_ENSG00000146007
k562_205322,205322,nt,NT_POOL
k562_205427,205427,nt,NT_POOL
k562_205459,205459,perturbed,10202_ZNF207_P1_ENSG00000010244
k562_205463,205463,nt,NT_POOL
k562_205540,205540,perturbed,1022_C19orf53_P1P2_ENSG00000104979
k562_205559,205559,nt,NT_POOL
k562_205784,205784,nt,NT_POOL
k562_205850,205850,nt,NT_POOL
k562_205895,205895,perturbed,1036_C1orf109_P2_ENSG00000116922
k562_205919,205919,nt,NT_POOL
k562_205939,205939,perturbed,1016_C19orf25_P1P2_ENSG00000119559
k562_205989,205989,perturbed,10202_ZNF207_P1_ENSG00000010244
k562_206060,206060,perturbed,10139_ZMAT5_P1P2_ENSG00000100319
k562_206087,206087,perturbed,10202_ZNF207_P1_ENSG00000010244
k562_206118,206118,nt,NT_POOL
k562_206212,206212,nt,NT_POOL
k562_206325,206325,nt,NT_POOL
k562_206531,206531,nt,NT_POOL
k562_206654,206654,perturbed,1022_C19orf53_P1P2_ENSG00000104979
k562_206669,206669,nt,NT_POOL
k562_206711,206711,nt,NT_POOL
k562_206723,206723,perturbed,10297_ZNF335_P1P2_ENSG00000198026
k562_206800,206800,nt,NT_POOL
k562_206879,206879,perturbed,1036_C1orf109_P2_ENSG00000116922
k562_206930,206930,perturbed,10135_ZMAT2_P2_ENSG00000146007
k562_206967,206967,perturbed,10136_ZMAT2_P1_ENSG00000146007
k562_207008,207008,nt,NT_POOL
k562_207080,207080,perturbed,1032_C1QBP_P1P2_ENSG00000108561
k562_207106,207106,nt,NT_POOL
k562_207114,207114,perturbed,10136_ZMAT2_P1_ENSG00000146007
k562_207228,207228,perturbed,10201_ZNF207_P2_ENSG00000010244
k562_207254,207254,nt,NT_POOL
k562_207297,207297,perturbed,10136_ZMAT2_P1_ENSG00000146007
k562_207347,207347,nt,NT_POOL
k562_207474,207474,perturbed,10073_ZFC3H1_P1P2_ENSG00000133858
k562_207514,207514,nt,NT_POOL
k562_207555,207555,perturbed,1035_C1orf109_P1_ENSG00000116922
k562_207631,207631,nt,NT_POOL
k562_207636,207636,perturbed,10073_ZFC3H1_P1P2_ENSG00000133858
k562_207678,207678,nt,NT_POOL
k562_207693,207693,perturbed,10073_ZFC3H1_P1P2_ENSG00000133858
k562_207694,207694,perturbed,10280_ZNF317_P1P2_ENSG00000130803
k562_207744,207744,nt,NT_POOL
k562_207747,207747,perturbed,10297_ZNF335_P1P2_ENSG00000198026
k562_207850,207850,perturbed,10135_ZMAT2_P2_ENSG00000146007
k562_207968,207968,perturbed,10041_ZCRB1_P1P2_ENSG00000139168
k562_207985,207985,nt,NT_POOL
k562_208078,208078,nt,NT_POOL
k562_208112,208112,perturbed,10136_ZMAT2_P1_ENSG00000146007
k562_208124,208124,nt,NT_POOL
k562_208139,208139,perturbed,10136_ZMAT2_P1_ENSG00000146007
k562_208169,208169,nt,NT_POOL
k562_208177,208177,perturbed,10297_ZNF335_P1P2_ENSG00000198026
k562_208194,208194,perturbed,1022_C19orf53_P1P2_ENSG00000104979
k562_208247,208247,nt,NT_POOL
k562_208268,208268,perturbed,1032_C1QBP_P1P2_ENSG00000108561
k562_208388,208388,nt,NT_POOL
k562_208467,208467,nt,NT_POOL
k562_208512,208512,perturbed,10152_ZNF100_P1P2_ENSG00000197020
k562_208527,208527,nt,NT_POOL
k562_208590,208590,nt,NT_POOL
k562_208653,208653,perturbed,10136_ZMAT2_P1_ENSG00000146007
k562_208734,208734,nt,NT_POOL
k562_208799,208799,perturbed,1035_C1orf109_P1_ENSG00000116922
k562_208852,208852,nt,NT_POOL
k562_208987,208987,perturbed,10202_ZNF207_P1_ENSG00000010244
k562_208989,208989,nt,NT_POOL
k562_209061,209061,nt,NT_POOL
k562_209102,209102,perturbed,1035_C1orf109_P1_ENSG00000116922
k562_209215,209215,perturbed,10136_ZMAT2_P1_ENSG00000146007
k562_209232,209232,nt,NT_POOL
k562_209247,209247,perturbed,10135_ZMAT2_P2_ENSG00000146007
k562_209280,209280,nt,NT_POOL
k562_209311,209311,nt,NT_POOL
k562_209314,209314,perturbed,1022_C19orf53_P1P2_ENSG00000104979
k562_209356,209356,perturbed,1032_C1QBP_P1P2_ENSG00000108561
k562_209434,209434,nt,NT_POOL
k562_209487,209487,perturbed,10297_ZNF335_P1P2_ENSG00000198026
k562_209511,209511,nt,NT_POOL
k562_209528,209528,perturbed,10152_ZNF100_P1P2_ENSG00000197020
k562_209591,209591,nt,NT_POOL
k562_209611,209611,perturbed,10152_ZNF100_P1P2_ENSG00000197020
k562_209656,209656,perturbed,10135_ZMAT2_P2_ENSG00000146007
k562_209688,209688,perturbed,10201_ZNF207_P2_ENSG00000010244
k562_209704,209704,nt,NT_POOL
k562_209770,209770,perturbed,1016_C19orf25_P1P2_ENSG00000119559
k562_209833,209833,nt,NT_POOL
k562_209926,209926,nt,NT_POOL
k562_210005,210005,nt,NT_POOL
k562_210028,210028,perturbed,10280_ZNF317_P1P2_ENSG00000130803
k562_210033,210033,perturbed,10041_ZCRB1_P1P2_ENSG00000139168
k562_210136,210136,perturbed,10073_ZFC3H1_P1P2_ENSG00000133858
k562_210155,210155,nt,NT_POOL
k562_210193,210193,perturbed,1029_C1D_P1P2_ENSG00000197223
k562_210194,210194,perturbed,1022_C19orf53_P1P2_ENSG00000104979
k562_210207,210207,perturbed,10023_ZC3H18_P1P2_ENSG00000158545
k562_210222,210222,nt,NT_POOL
k562_210224,210224,perturbed,1029_C1D_P1P2_ENSG00000197223
k562_210341,210341,perturbed,1022_C19orf53_P1P2_ENSG00000104979
k562_210358,210358,nt,NT_POOL
k562_210416,210416,nt,NT_POOL
k562_210524,210524,nt,NT_POOL
k562_210669,210669,nt,NT_POOL
k562_210752,210752,nt,NT_POOL
k562_210782,210782,nt,NT_POOL
k562_210818,210818,perturbed,10136_ZMAT2_P1_ENSG00000146007
k562_210853,210853,nt,NT_POOL
k562_210876,210876,nt,NT_POOL
k562_210942,210942,perturbed,10201_ZNF207_P2_ENSG00000010244
k562_210967,210967,perturbed,10201_ZNF207_P2_ENSG00000010244
k562_211012,211012,nt,NT_POOL
k562_211047,211047,nt,NT_POOL
k562_211167,211167,nt,NT_POOL
k562_211259,211259,nt,NT_POOL
k562_211263,211263,perturbed,1029_C1D_P1P2_ENSG00000197223
k562_211275,211275,perturbed,1032_C1QBP_P1P2_ENSG00000108561
k562_211315,211315,nt,NT_POOL
k562_211390,211390,nt,NT_POOL
k562_211488,211488,nt,NT_POOL
k562_211585,211585,nt,NT_POOL
k562_211596,211596,perturbed,10280_ZNF317_P1P2_ENSG00000130803
k562_211676,211676,nt,NT_POOL
k562_211743,211743,nt,NT_POOL
k562_211815,211815,nt,NT_POOL
k562_211928,211928,perturbed,1029_C1D_P1P2_ENSG00000197223
k562_211937,211937,perturbed,10135_ZMAT2_P2_ENSG00000146007
k562_211948,211948,nt,NT_POOL
k562_211966,211966,perturbed,1032_C1QBP_P1P2_ENSG00000108561
k562_212043,212043,perturbed,10152_ZNF100_P1P2_ENSG00000197020
k562_212063,212063,nt,NT_POOL
k562_212176,212176,nt,NT_POOL
k562_212241,212241,nt,NT_POOL
k562_212279,212279,perturbed,1029_C1D_P1P2_ENSG00000197223
k562_212292,212292,perturbed,1029_C1D_P1P2_ENSG00000197223
k562_212318,212318,nt,NT_POOL
k562_212381,212381,nt,NT_POOL
k562_212447,212447,nt,NT_POOL
k562_212495,212495,nt,NT_POOL
k562_212520,212520,perturbed,10297_ZNF335_P1P2_ENSG00000198026
k562_212554,212554,nt,NT_POOL
k562_212610,212610,nt,NT_POOL
k562_212656,212656,nt,NT_POOL
k562_212870,212870,nt,NT_POOL
k562_212893,212893,perturbed,10136_ZMAT2_P1_ENSG00000146007
k562_212912,212912,nt,NT_POOL
k562_212974,212974,perturbed,10136_ZMAT2_P1_ENSG00000146007
k562_213019,213019,nt,NT_POOL
k562_213027,213027,nt,NT_POOL
k562_213116,213116,perturbed,1032_C1QBP_P1P2_ENSG00000108561
k562_213150,213150,nt,NT_POOL
k562_213228,213228,perturbed,1016_C19orf25_P1P2_ENSG00000119559
k562_213230,213230,nt,NT_POOL
k562_213250,213250,perturbed,1029_C1D_P1P2_ENSG00000197223
k562_213326,213326,nt,NT_POOL
k562_213358,213358,nt,NT_POOL
k562_213428,213428,nt,NT_POOL
k562_213507,213507,nt,NT_POOL
k562_213521,213521,perturbed,10201_ZNF207_P2_ENSG00000010244
k562_213537,213537,nt,NT_POOL
k562_213584,213584,nt,NT_POOL
k562_213596,213596,perturbed,1016_C19orf25_P1P2_ENSG00000119559
k562_213708,213708,nt,NT_POOL
k562_213805,213805,nt,NT_POOL
k562_213890,213890,perturbed,10201_ZNF207_P2_ENSG00000010244
k562_213909,213909,perturbed,1016_C19orf25_P1P2_ENSG00000119559
k562_213987,213987,nt,NT_POOL
k562_214163,214163,perturbed,1022_C19orf53_P1P2_ENSG00000104979
k562_214269,214269,nt,NT_POOL
k562_214331,214331,nt,NT_POOL
k562_214454,214454,perturbed,10201_ZNF207_P2_ENSG00000010244
k562_214456,214456,nt,NT_POOL
k562_214505,214505,nt,NT_POOL
k562_214565,214565,perturbed,1022_C19orf53_P1P2_ENSG00000104979
k562_214581,214581,perturbed,10297_ZNF335_P1P2_ENSG00000198026
k562_214590,214590,perturbed,1036_C1orf109_P2_ENSG00000116922
k562_214648,214648,nt,NT_POOL
k562_214678,214678,perturbed,10135_ZMAT2_P2_ENSG00000146007
k562_214759,214759,nt,NT_POOL
k562_214806,214806,nt,NT_POOL
k562_214923,214923,nt,NT_POOL
k562_214987,214987,nt,NT_POOL
k562_215013,215013,perturbed,10136_ZMAT2_P1_ENSG00000146007
k562_215044,215044,perturbed,1022_C19orf53_P1P2_ENSG00000104979
k562_215049,215049,nt,NT_POOL
k562_215062,215062,perturbed,10280_ZNF317_P1P2_ENSG00000130803
k562_215116,215116,perturbed,1032_C1QBP_P1P2_ENSG00000108561
k562_215117,215117,nt,NT_POOL
k562_215152,215152,perturbed,10073_ZFC3H1_P1P2_ENSG00000133858
k562_215250,215250,nt,NT_POOL
k562_215425,215425,nt,NT_POOL
k562_215449,215449,perturbed,10201_ZNF207_P2_ENSG00000010244
k562_215460,215460,perturbed,1032_C1QBP_P1P2_ENSG00000108561
k562_215516,215516,perturbed,1036_C1orf109_P2_ENSG00000116922
k562_215535,215535,nt,NT_POOL
k562_215562,215562,nt,NT_POOL
k562_215592,215592,perturbed,10236_ZNF24_P1P2_ENSG00000172466
k562_215646,215646,nt,NT_POOL
k562_215663,215663,perturbed,1036_C1orf109_P2_ENSG00000116922
k562_215683,215683,perturbed,10236_ZNF24_P1P2_ENSG00000172466
k562_215716,215716,nt,NT_POOL
k562_215799,215799,perturbed,10041_ZCRB1_P1P2_ENSG00000139168
k562_215891,215891,perturbed,1022_C19orf53_P1P2_ENSG00000104979
k562_215999,215999,nt,NT_POOL
k562_216009,216009,perturbed,10280_ZNF317_P1P2_ENSG00000130803
k562_216023,216023,perturbed,10152_ZNF100_P1P2_ENSG00000197020
k562_216044,216044,perturbed,1016_C19orf25_P1P2_ENSG00000119559
k562_216094,216094,nt,NT_POOL
k562_216118,216118,perturbed,10139_ZMAT5_P1P2_ENSG00000100319
k562_216214,216214,nt,NT_POOL
k562_216281,216281,perturbed,1029_C1D_P1P2_ENSG00000197223
k562_216378,216378,nt,NT_POOL
k562_216403,216403,perturbed,1016_C19orf25_P1P2_ENSG00000119559
k562_216432,216432,perturbed,10201_ZNF207_P2_ENSG00000010244
k562_216545,216545,perturbed,10280_ZNF317_P1P2_ENSG00000130803
k562_216627,216627,nt,NT_POOL
k562_216651,216651,perturbed,10201_ZNF207_P2_ENSG00000010244
k562_216658,216658,nt,NT_POOL
k562_216698,216698,perturbed,1029_C1D_P1P2_ENSG00000197223
k562_216745,216745,nt,NT_POOL
k562_216820,216820,nt,NT_POOL
k562_216971,216971,nt,NT_POOL
k562_216991,216991,perturbed,1022_C19orf53_P1P2_ENSG00000104979
k562_217006,217006,perturbed,1032_C1QBP_P1P2_ENSG00000108561
k562_217007,217007,perturbed,1035_C1orf109_P1_ENSG00000116922
k562_217043,217043,nt,NT_POOL
k562_217053,217053,perturbed,10136_ZMAT2_P1_ENSG00000146007
k562_217139,217139,perturbed,1032_C1QBP_P1P2_ENSG00000108561
k562_217187,217187,nt,NT_POOL
k562_217232,217232,nt,NT_POOL
k562_217379,217379,nt,NT_POOL
k562_217410,217410,nt,NT_POOL
k562_217528,217528,nt,NT_POOL
k562_217564,217564,nt,NT_POOL
k562_217575,217575,perturbed,10040_ZCCHC9_P1P2_ENSG00000131732
k562_217665,217665,nt,NT_POOL
k562_217702,217702,nt,NT_POOL
k562_217720,217720,perturbed,1022_C19orf53_P1P2_ENSG00000104979
k562_217913,217913,nt,NT_POOL
k562_217918,217918,perturbed,1036_C1orf109_P2_ENSG00000116922
k562_217998,217998,nt,NT_POOL
k562_218066,218066,nt,NT_POOL
k562_218204,218204,nt,NT_POOL
k562_218341,218341,nt,NT_POOL
k562_218385,218385,nt,NT_POOL
k562_218396,218396,perturbed,10073_ZFC3H1_P1P2_ENSG00000133858
k562_218460,218460,nt,NT_POOL
k562_218526,218526,nt,NT_POOL
k562_218600,218600,nt,NT_POOL
k562_218710,218710,nt,NT_POOL
k562_218782,218782,nt,NT_POOL
k562_218880,218880,perturbed,1032_C1QBP_P1P2_ENSG00000108561
k562_218896,218896,nt,NT_POOL
k562_218907,218907,nt,NT_POOL
k562_218986,218986,perturbed,10280_ZNF317_P1P2_ENSG00000130803
k562_218995,218995,perturbed,10073_ZFC3H1_P1P2_ENSG00000133858
k562_218996,218996,perturbed,10236_ZNF24_P1P2_ENSG00000172466
k562_219020,219020,nt,NT_POOL
k562_219026,219026,perturbed,10152_ZNF100_P1P2_ENSG00000197020
k562_219072,219072,nt,NT_POOL
k562_219117,219117,nt,NT_POOL
k562_219140,219140,perturbed,10280_ZNF317_P1P2_ENSG00000130803
k562_219152,219152,perturbed,10136_ZMAT2_P1_ENSG00000146007
k562_219192,219192,nt,NT_POOL
k562_219255,219255,perturbed,10139_ZMAT5_P1P2_ENSG00000100319
k562_219333,219333,perturbed,10136_ZMAT2_P1_ENSG00000146007
k562_219395,219395,perturbed,10023_ZC3H18_P1P2_ENSG00000158545
k562_219428,219428,nt,NT_POOL
k562_219478,219478,nt,NT_POOL
k562_219508,219508,perturbed,10135_ZMAT2_P2_ENSG00000146007
k562_219597,219597,nt,NT_POOL
k562_219608,219608,perturbed,10236_ZNF24_P1P2_ENSG00000172466
k562_219681,219681,nt,NT_POOL
k562_219711,219711,nt,NT_POOL
k562_219715,219715,perturbed,1032_C1QBP_P1P2_ENSG00000108561
k562_219750,219750,nt,NT_POOL
k562_219794,219794,nt,NT_POOL
k562_219803,219803,perturbed,10135_ZMAT2_P2_ENSG00000146007
k562_219904,219904,nt,NT_POOL
k562_219930,219930,perturbed,10136_ZMAT2_P1_ENSG00000146007
k562_219938,219938,perturbed,1022_C19orf53_P1P2_ENSG00000104979
k562_219977,219977,nt,NT_POOL
k562_220038,220038,nt,NT_POOL
k562_220069,220069,nt,NT_POOL
k562_220127,220127,perturbed,10201_ZNF207_P2_ENSG00000010244
k562_220140,220140,nt,NT_POOL
k562_220204,220204,nt,NT_POOL
k562_220307,220307,nt,NT_POOL
k562_220441,220441,perturbed,10041_ZCRB1_P1P2_ENSG00000139168
k562_220448,220448,nt,NT_POOL
k562_220519,220519,nt,NT_POOL
k562_220632,220632,nt,NT_POOL
k562_220657,220657,nt,NT_POOL
k562_220704,220704,nt,NT_POOL
k562_220957,220957,nt,NT_POOL
k562_220980,220980,perturbed,1022_C19orf53_P1P2_ENSG00000104979
k562_221056,221056,nt,NT_POOL
k562_221152,221152,nt,NT_POOL
k562_221234,221234,nt,NT_POOL
k562_221320,221320,perturbed,10136_ZMAT2_P1_ENSG00000146007
k562_221323,221323,perturbed,10135_ZMAT2_P2_ENSG00000146007
k562_221410,221410,nt,NT_POOL
k562_221490,221490,perturbed,10136_ZMAT2_P1_ENSG00000146007
k562_221532,221532,nt,NT_POOL
k562_221617,221617,nt,NT_POOL
k562_221651,221651,perturbed,10073_ZFC3H1_P1P2_ENSG00000133858
k562_221695,221695,nt,NT_POOL
k562_221794,221794,nt,NT_POOL
k562_221877,221877,nt,NT_POOL
k562_221904,221904,nt,NT_POOL
k562_221976,221976,nt,NT_POOL
k562_222050,222050,nt,NT_POOL
k562_222216,222216,nt,NT_POOL
k562_222292,222292,perturbed,1032_C1QBP_P1P2_ENSG00000108561
k562_222348,222348,nt,NT_POOL
k562_222360,222360,perturbed,1016_C19orf25_P1P2_ENSG00000119559
k562_222419,222419,perturbed,10139_ZMAT5_P1P2_ENSG00000100319
k562_222481,222481,nt,NT_POOL
k562_222517,222517,nt,NT_POOL
k562_222519,222519,perturbed,10152_ZNF100_P1P2_ENSG00000197020
k562_222559,222559,nt,NT_POOL
k562_222677,222677,nt,NT_POOL
k562_222704,222704,nt,NT_POOL
k562_222751,222751,nt,NT_POOL
k562_222999,222999,nt,NT_POOL
k562_223019,223019,nt,NT_POOL
k562_223040,223040,perturbed,10202_ZNF207_P1_ENSG00000010244
k562_223139,223139,nt,NT_POOL
k562_223153,223153,perturbed,1029_C1D_P1P2_ENSG00000197223
k562_223161,223161,nt,NT_POOL
k562_223162,223162,perturbed,1036_C1orf109_P2_ENSG00000116922
k562_223234,223234,nt,NT_POOL
k562_223280,223280,nt,NT_POOL
k562_223329,223329,perturbed,1036_C1orf109_P2_ENSG00000116922
k562_223348,223348,nt,NT_POOL
k562_223372,223372,nt,NT_POOL
k562_223435,223435,perturbed,1016_C19orf25_P1P2_ENSG00000119559
k562_223451,223451,perturbed,10202_ZNF207_P1_ENSG00000010244
k562_223481,223481,nt,NT_POOL
k562_223488,223488,perturbed,10041_ZCRB1_P1P2_ENSG00000139168
k562_223543,223543,nt,NT_POOL
k562_223544,223544,perturbed,1022_C19orf53_P1P2_ENSG00000104979
k562_223559,223559,perturbed,1004_C17orf58_P1P2_ENSG00000186665
k562_223617,223617,perturbed,10139_ZMAT5_P1P2_ENSG00000100319
k562_223635,223635,nt,NT_POOL
k562_223653,223653,nt,NT_POOL
k562_223660,223660,perturbed,10040_ZCCHC9_P1P2_ENSG00000131732
k562_223719,223719,nt,NT_POOL
k562_223727,223727,perturbed,1029_C1D_P1P2_ENSG00000197223
k562_223732,223732,perturbed,10297_ZNF335_P1P2_ENSG00000198026
k562_223739,223739,perturbed,1032_C1QBP_P1P2_ENSG00000108561
k562_223813,223813,nt,NT_POOL
k562_223815,223815,perturbed,10202_ZNF207_P1_ENSG00000010244
k562_223851,223851,perturbed,10135_ZMAT2_P2_ENSG00000146007
k562_223868,223868,nt,NT_POOL
k562_223875,223875,perturbed,1036_C1orf109_P2_ENSG00000116922
k562_223883,223883,nt,NT_POOL
k562_224047,224047,perturbed,1035_C1orf109_P1_ENSG00000116922
k562_224141,224141,nt,NT_POOL
k562_224262,224262,perturbed,10201_ZNF207_P2_ENSG00000010244
k562_224279,224279,nt,NT_POOL
k562_224366,224366,nt,NT_POOL
k562_224444,224444,nt,NT_POOL
k562_224494,224494,nt,NT_POOL
k562_224507,224507,perturbed,10297_ZNF335_P1P2_ENSG00000198026
k562_224567,224567,nt,NT_POOL
k562_224589,224589,nt,NT_POOL
k562_224610,224610,nt,NT_POOL
k562_224687,224687,nt,NT_POOL
k562_224777,224777,perturbed,10073_ZFC3H1_P1P2_ENSG00000133858
k562_224822,224822,nt,NT_POOL
k562_224841,224841,nt,NT_POOL
k562_224846,224846,perturbed,10139_ZMAT5_P1P2_ENSG00000100319
k562_224855,224855,perturbed,10236_ZNF24_P1P2_ENSG00000172466
k562_224906,224906,perturbed,10139_ZMAT5_P1P2_ENSG00000100319
k562_224907,224907,nt,NT_POOL
k562_224967,224967,nt,NT_POOL
k562_224982,224982,nt,NT_POOL
k562_225039,225039,nt,NT_POOL
k562_225112,225112,perturbed,10201_ZNF207_P2_ENSG00000010244
k562_225191,225191,nt,NT_POOL
k562_225223,225223,nt,NT_POOL
k562_225251,225251,nt,NT_POOL
k562_225289,225289,perturbed,10136_ZMAT2_P1_ENSG00000146007
k562_225297,225297,nt,NT_POOL
k562_225318,225318,perturbed,10139_ZMAT5_P1P2_ENSG00000100319
k562_225399,225399,perturbed,1004_C17orf58_P1P2_ENSG00000186665
k562_225501,225501,nt,NT_POOL
k562_225572,225572,nt,NT_POOL
k562_225593,225593,perturbed,10073_ZFC3H1_P1P2_ENSG00000133858
k562_225674,225674,nt,NT_POOL
k562_225736,225736,nt,NT_POOL
k562_225803,225803,nt,NT_POOL
k562_225877,225877,perturbed,10236_ZNF24_P1P2_ENSG00000172466
k562_225928,225928,nt,NT_POOL
k562_225990,225990,perturbed,1032_C1QBP_P1P2_ENSG00000108561
k562_226008,226008,nt,NT_POOL
k562_226040,226040,perturbed,1032_C1QBP_P1P2_ENSG00000108561
k562_226065,226065,perturbed,10201_ZNF207_P2_ENSG00000010244
k562_226066,226066,perturbed,1032_C1QBP_P1P2_ENSG00000108561
k562_226119,226119,perturbed,1022_C19orf53_P1P2_ENSG00000104979
k562_226140,226140,nt,NT_POOL
k562_226181,226181,nt,NT_POOL
k562_226285,226285,nt,NT_POOL
k562_226333,226333,perturbed,10073_ZFC3H1_P1P2_ENSG00000133858
k562_226344,226344,nt,NT_POOL
k562_226426,226426,nt,NT_POOL
k562_226449,226449,perturbed,10202_ZNF207_P1_ENSG00000010244
k562_226541,226541,nt,NT_POOL
k562_226556,226556,perturbed,1036_C1orf109_P2_ENSG00000116922
k562_226601,226601,perturbed,1004_C17orf58_P1P2_ENSG00000186665
k562_226630,226630,perturbed,10073_ZFC3H1_P1P2_ENSG00000133858
k562_226677,226677,perturbed,10041_ZCRB1_P1P2_ENSG00000139168
k562_226693,226693,perturbed,1016_C19orf25_P1P2_ENSG00000119559
k562_226701,226701,perturbed,1029_C1D_P1P2_ENSG00000197223
k562_226703,226703,perturbed,10040_ZCCHC9_P1P2_ENSG00000131732
k562_226759,226759,perturbed,1036_C1orf109_P2_ENSG00000116922
k562_226806,226806,nt,NT_POOL
k562_226860,226860,perturbed,10023_ZC3H18_P1P2_ENSG00000158545
k562_226897,226897,nt,NT_POOL
k562_226900,226900,perturbed,10139_ZMAT5_P1P2_ENSG00000100319
k562_226904,226904,perturbed,1016_C19orf25_P1P2_ENSG00000119559
k562_226966,226966,perturbed,1016_C19orf25_P1P2_ENSG00000119559
k562_227074,227074,nt,NT_POOL
k562_227148,227148,nt,NT_POOL
k562_227224,227224,nt,NT_POOL
k562_227261,227261,perturbed,1022_C19orf53_P1P2_ENSG00000104979
k562_227354,227354,nt,NT_POOL
k562_227369,227369,nt,NT_POOL
k562_227537,227537,nt,NT_POOL
k562_227646,227646,perturbed,1022_C19orf53_P1P2_ENSG00000104979
k562_227681,227681,nt,NT_POOL
k562_227787,227787,perturbed,10136_ZMAT2_P1_ENSG00000146007
k562_227796,227796,nt,NT_POOL
k562_227801,227801,perturbed,1036_C1orf109_P2_ENSG00000116922
k562_227831,227831,nt,NT_POOL
k562_227903,227903,perturbed,10135_ZMAT2_P2_ENSG00000146007
k562_227910,227910,perturbed,10139_ZMAT5_P1P2_ENSG00000100319
k562_227936,227936,perturbed,10136_ZMAT2_P1_ENSG00000146007
k562_227940,227940,nt,NT_POOL
k562_228015,228015,nt,NT_POOL
k562_228152,228152,nt,NT_POOL
k562_228187,228187,perturbed,10041_ZCRB1_P1P2_ENSG00000139168
k562_228218,228218,nt,NT_POOL
k562_228260,228260,perturbed,10073_ZFC3H1_P1P2_ENSG00000133858
k562_228292,228292,nt,NT_POOL
k562_228313,228313,perturbed,1036_C1orf109_P2_ENSG00000116922
k562_228345,228345,perturbed,1022_C19orf53_P1P2_ENSG00000104979
k562_228367,228367,nt,NT_POOL
k562_228424,228424,nt,NT_POOL
k562_228435,228435,perturbed,1016_C19orf25_P1P2_ENSG00000119559
k562_228468,228468,nt,NT_POOL
k562_228573,228573,nt,NT_POOL
k562_228700,228700,nt,NT_POOL
k562_228784,228784,perturbed,10236_ZNF24_P1P2_ENSG00000172466
k562_228807,228807,nt,NT_POOL
k562_228856,228856,nt,NT_POOL
k562_228920,228920,perturbed,10073_ZFC3H1_P1P2_ENSG00000133858
k562_228936,228936,nt,NT_POOL
k562_229115,229115,nt,NT_POOL
k562_229123,229123,perturbed,10136_ZMAT2_P1_ENSG00000146007
k562_229132,229132,perturbed,10297_ZNF335_P1P2_ENSG00000198026
k562_229189,229189,perturbed,10152_ZNF100_P1P2_ENSG00000197020
k562_229247,229247,nt,NT_POOL
k562_229337,229337,perturbed,10201_ZNF207_P2_ENSG00000010244
k562_229472,229472,nt,NT_POOL
k562_229510,229510,perturbed,10135_ZMAT2_P2_ENSG00000146007
k562_229543,229543,perturbed,10280_ZNF317_P1P2_ENSG00000130803
k562_229552,229552,nt,NT_POOL
k562_229666,229666,nt,NT_POOL
k562_229678,229678,nt,NT_POOL
k562_229704,229704,perturbed,10297_ZNF335_P1P2_ENSG00000198026
k562_229798,229798,perturbed,1036_C1orf109_P2_ENSG00000116922
k562_229803,229803,nt,NT_POOL
k562_229898,229898,nt,NT_POOL
k562_230003,230003,nt,NT_POOL
k562_230117,230117,nt,NT_POOL
k562_230195,230195,nt,NT_POOL
k562_230262,230262,nt,NT_POOL
k562_230306,230306,perturbed,10201_ZNF207_P2_ENSG00000010244
k562_230364,230364,perturbed,10135_ZMAT2_P2_ENSG00000146007
k562_230369,230369,nt,NT_POOL
k562_230435,230435,nt,NT_POOL
k562_230464,230464,nt,NT_POOL
k562_230581,230581,nt,NT_POOL
k562_230635,230635,perturbed,1022_C19orf53_P1P2_ENSG00000104979
k562_230639,230639,perturbed,10280_ZNF317_P1P2_ENSG00000130803
k562_230644,230644,nt,NT_POOL
k562_230742,230742,nt,NT_POOL
k562_230861,230861,nt,NT_POOL
k562_231019,231019,nt,NT_POOL
k562_231061,231061,perturbed,10201_ZNF207_P2_ENSG00000010244
k562_231109,231109,nt,NT_POOL
k562_231150,231150,perturbed,10136_ZMAT2_P1_ENSG00000146007
k562_231244,231244,nt,NT_POOL
k562_231288,231288,perturbed,1036_C1orf109_P2_ENSG00000116922
k562_231381,231381,nt,NT_POOL
k562_231454,231454,nt,NT_POOL
k562_231617,231617,nt,NT_POOL
k562_231651,231651,nt,NT_POOL
k562_231690,231690,perturbed,1029_C1D_P1P2_ENSG00000197223
k562_231757,231757,nt,NT_POOL
k562_231769,231769,perturbed,10201_ZNF207_P2_ENSG00000010244
k562_231819,231819,nt,NT_POOL
k562_231858,231858,nt,NT_POOL
k562_231943,231943,nt,NT_POOL
k562_231983,231983,nt,NT_POOL
k562_232086,232086,perturbed,10040_ZCCHC9_P1P2_ENSG00000131732
k562_232102,232102,nt,NT_POOL
k562_232145,232145,perturbed,10280_ZNF317_P1P2_ENSG00000130803
k562_232149,232149,nt,NT_POOL
k562_232152,232152,perturbed,1022_C19orf53_P1P2_ENSG00000104979
k562_232208,232208,nt,NT_POOL
k562_232248,232248,perturbed,10202_ZNF207_P1_ENSG00000010244
k562_232262,232262,nt,NT_POOL
k562_232270,232270,perturbed,10280_ZNF317_P1P2_ENSG00000130803
k562_232287,232287,perturbed,10041_ZCRB1_P1P2_ENSG00000139168
k562_232316,232316,perturbed,1036_C1orf109_P2_ENSG00000116922
k562_232336,232336,nt,NT_POOL
k562_232346,232346,perturbed,10041_ZCRB1_P1P2_ENSG00000139168
k562_232400,232400,perturbed,10041_ZCRB1_P1P2_ENSG00000139168
k562_232421,232421,nt,NT_POOL
k562_232433,232433,perturbed,1032_C1QBP_P1P2_ENSG00000108561
k562_232504,232504,nt,NT_POOL
k562_232532,232532,perturbed,1036_C1orf109_P2_ENSG00000116922
k562_232559,232559,nt,NT_POOL
k562_232577,232577,perturbed,1004_C17orf58_P1P2_ENSG00000186665
k562_232619,232619,nt,NT_POOL
k562_232641,232641,perturbed,1016_C19orf25_P1P2_ENSG00000119559
k562_232691,232691,nt,NT_POOL
k562_232761,232761,perturbed,10073_ZFC3H1_P1P2_ENSG00000133858
k562_232764,232764,nt,NT_POOL
k562_232776,232776,perturbed,1035_C1orf109_P1_ENSG00000116922
k562_232928,232928,perturbed,1029_C1D_P1P2_ENSG00000197223
k562_232935,232935,perturbed,1029_C1D_P1P2_ENSG00000197223
k562_232975,232975,nt,NT_POOL
k562_233035,233035,nt,NT_POOL
k562_233043,233043,perturbed,10135_ZMAT2_P2_ENSG00000146007
k562_233091,233091,perturbed,10280_ZNF317_P1P2_ENSG00000130803
k562_233109,233109,perturbed,1022_C19orf53_P1P2_ENSG00000104979
k562_233176,233176,nt,NT_POOL
k562_233213,233213,nt,NT_POOL
k562_233253,233253,nt,NT_POOL
k562_233341,233341,perturbed,1029_C1D_P1P2_ENSG00000197223
k562_233352,233352,perturbed,10073_ZFC3H1_P1P2_ENSG00000133858
k562_233367,233367,nt,NT_POOL
k562_233400,233400,perturbed,10023_ZC3H18_P1P2_ENSG00000158545
k562_233423,233423,perturbed,10236_ZNF24_P1P2_ENSG00000172466
k562_233547,233547,perturbed,1036_C1orf109_P2_ENSG00000116922
k562_233607,233607,perturbed,10136_ZMAT2_P1_ENSG00000146007
k562_233628,233628,nt,NT_POOL
k562_233664,233664,nt,NT_POOL
k562_233744,233744,nt,NT_POOL
k562_233818,233818,perturbed,1036_C1orf109_P2_ENSG00000116922
k562_233821,233821,nt,NT_POOL
k562_233849,233849,nt,NT_POOL
k562_233853,233853,perturbed,10201_ZNF207_P2_ENSG00000010244
k562_234005,234005,nt,NT_POOL
k562_234042,234042,perturbed,10201_ZNF207_P2_ENSG00000010244
k562_234061,234061,perturbed,10136_ZMAT2_P1_ENSG00000146007
k562_234126,234126,perturbed,10135_ZMAT2_P2_ENSG00000146007
k562_234127,234127,nt,NT_POOL
k562_234168,234168,nt,NT_POOL
k562_234312,234312,nt,NT_POOL
k562_234388,234388,nt,NT_POOL
k562_234472,234472,nt,NT_POOL
k562_234507,234507,nt,NT_POOL
k562_234590,234590,perturbed,10041_ZCRB1_P1P2_ENSG00000139168
k562_234672,234672,nt,NT_POOL
k562_234686,234686,perturbed,10040_ZCCHC9_P1P2_ENSG00000131732
k562_234705,234705,perturbed,10280_ZNF317_P1P2_ENSG00000130803
k562_234757,234757,nt,NT_POOL
k562_234855,234855,nt,NT_POOL
k562_234948,234948,perturbed,10280_ZNF317_P1P2_ENSG00000130803
k562_234952,234952,nt,NT_POOL
k562_234995,234995,nt,NT_POOL
k562_235101,235101,nt,NT_POOL
k562_235171,235171,nt,NT_POOL
k562_235172,235172,perturbed,1022_C19orf53_P1P2_ENSG00000104979
k562_235204,235204,nt,NT_POOL
k562_235214,235214,perturbed,1016_C19orf25_P1P2_ENSG00000119559
k562_235257,235257,nt,NT_POOL
k562_235355,235355,nt,NT_POOL
k562_235433,235433,nt,NT_POOL
k562_235489,235489,nt,NT_POOL
k562_235555,235555,nt,NT_POOL
k562_235569,235569,perturbed,1032_C1QBP_P1P2_ENSG00000108561
k562_235596,235596,perturbed,10201_ZNF207_P2_ENSG00000010244
k562_235657,235657,nt,NT_POOL
k562_235728,235728,nt,NT_POOL
k562_235741,235741,perturbed,10201_ZNF207_P2_ENSG00000010244
k562_235764,235764,perturbed,10136_ZMAT2_P1_ENSG00000146007
k562_235820,235820,nt,NT_POOL
k562_235875,235875,nt,NT_POOL
k562_235888,235888,perturbed,10136_ZMAT2_P1_ENSG00000146007
k562_235950,235950,perturbed,1022_C19orf53_P1P2_ENSG00000104979
k562_236093,236093,nt,NT_POOL
k562_236126,236126,nt,NT_POOL
k562_236150,236150,nt,NT_POOL
k562_236177,236177,nt,NT_POOL
k562_236203,236203,nt,NT_POOL
k562_236292,236292,nt,NT_POOL
k562_236344,236344,nt,NT_POOL
k562_236382,236382,nt,NT_POOL
k562_236452,236452,nt,NT_POOL
k562_236475,236475,nt,NT_POOL
k562_236537,236537,nt,NT_POOL
k562_236571,236571,perturbed,10201_ZNF207_P2_ENSG00000010244
k562_236584,236584,nt,NT_POOL
k562_236675,236675,nt,NT_POOL
k562_236692,236692,perturbed,10201_ZNF207_P2_ENSG00000010244
k562_236727,236727,nt,NT_POOL
k562_236889,236889,nt,NT_POOL
k562_236956,236956,nt,NT_POOL
k562_237119,237119,perturbed,1032_C1QBP_P1P2_ENSG00000108561
k562_237143,237143,nt,NT_POOL
k562_237218,237218,nt,NT_POOL
k562_237260,237260,nt,NT_POOL
k562_237397,237397,nt,NT_POOL
k562_237416,237416,nt,NT_POOL
k562_237482,237482,nt,NT_POOL
k562_237483,237483,perturbed,1036_C1orf109_P2_ENSG00000116922
k562_237494,237494,nt,NT_POOL
k562_237595,237595,nt,NT_POOL
k562_237636,237636,perturbed,10041_ZCRB1_P1P2_ENSG00000139168
k562_237716,237716,nt,NT_POOL
k562_237727,237727,perturbed,1036_C1orf109_P2_ENSG00000116922
k562_237743,237743,perturbed,10135_ZMAT2_P2_ENSG00000146007
k562_237772,237772,nt,NT_POOL
k562_237815,237815,nt,NT_POOL
k562_237890,237890,nt,NT_POOL
k562_237920,237920,perturbed,1022_C19orf53_P1P2_ENSG00000104979
k562_237946,237946,nt,NT_POOL
k562_237994,237994,nt,NT_POOL
k562_238096,238096,perturbed,10201_ZNF207_P2_ENSG00000010244
k562_238098,238098,nt,NT_POOL
k562_238142,238142,nt,NT_POOL
k562_238219,238219,nt,NT_POOL
k562_238292,238292,nt,NT_POOL
k562_238368,238368,nt,NT_POOL
k562_238486,238486,perturbed,10136_ZMAT2_P1_ENSG00000146007
k562_238494,238494,nt,NT_POOL
k562_238611,238611,perturbed,10297_ZNF335_P1P2_ENSG00000198026
k562_238663,238663,nt,NT_POOL
k562_238711,238711,perturbed,10023_ZC3H18_P1P2_ENSG00000158545
k562_238737,238737,perturbed,10136_ZMAT2_P1_ENSG00000146007
k562_238766,238766,nt,NT_POOL
k562_238825,238825,nt,NT_POOL
k562_238886,238886,perturbed,10136_ZMAT2_P1_ENSG00000146007
k562_238891,238891,nt,NT_POOL
k562_238931,238931,nt,NT_POOL
k562_238977,238977,nt,NT_POOL
k562_239026,239026,nt,NT_POOL
k562_239160,239160,nt,NT_POOL
k562_239204,239204,nt,NT_POOL
k562_239212,239212,perturbed,10041_ZCRB1_P1P2_ENSG00000139168
k562_239237,239237,perturbed,1022_C19orf53_P1P2_ENSG00000104979
k562_239292,239292,perturbed,10297_ZNF335_P1P2_ENSG00000198026
k562_239345,239345,nt,NT_POOL
k562_239396,239396,perturbed,10236_ZNF24_P1P2_ENSG00000172466
k562_239483,239483,nt,NT_POOL
k562_239583,239583,nt,NT_POOL
k562_239644,239644,perturbed,1036_C1orf109_P2_ENSG00000116922
k562_239650,239650,perturbed,1032_C1QBP_P1P2_ENSG00000108561
k562_239668,239668,perturbed,10135_ZMAT2_P2_ENSG00000146007
k562_239690,239690,perturbed,10236_ZNF24_P1P2_ENSG00000172466
k562_239714,239714,nt,NT_POOL
k562_239781,239781,perturbed,10041_ZCRB1_P1P2_ENSG00000139168
k562_239882,239882,nt,NT_POOL
k562_239902,239902,perturbed,10297_ZNF335_P1P2_ENSG00000198026
k562_239986,239986,perturbed,1035_C1orf109_P1_ENSG00000116922
k562_240010,240010,perturbed,10136_ZMAT2_P1_ENSG00000146007
k562_240029,240029,nt,NT_POOL
k562_240087,240087,nt,NT_POOL
k562_240099,240099,perturbed,10201_ZNF207_P2_ENSG00000010244
k562_240230,240230,nt,NT_POOL
k562_240232,240232,perturbed,10041_ZCRB1_P1P2_ENSG00000139168
k562_240417,240417,nt,NT_POOL
k562_240451,240451,perturbed,1032_C1QBP_P1P2_ENSG00000108561
k562_240549,240549,perturbed,10136_ZMAT2_P1_ENSG00000146007
k562_240575,240575,perturbed,1032_C1QBP_P1P2_ENSG00000108561
k562_240592,240592,nt,NT_POOL
k562_240738,240738,nt,NT_POOL
k562_240870,240870,nt,NT_POOL
k562_240898,240898,nt,NT_POOL
k562_240986,240986,nt,NT_POOL
k562_241001,241001,perturbed,10297_ZNF335_P1P2_ENSG00000198026
k562_241126,241126,nt,NT_POOL
k562_241133,241133,perturbed,10136_ZMAT2_P1_ENSG00000146007
k562_241176,241176,nt,NT_POOL
k562_241184,241184,perturbed,1029_C1D_P1P2_ENSG00000197223
k562_241187,241187,perturbed,10041_ZCRB1_P1P2_ENSG00000139168
k562_241190,241190,perturbed,1016_C19orf25_P1P2_ENSG00000119559
k562_241202,241202,perturbed,10152_ZNF100_P1P2_ENSG00000197020
k562_241243,241243,perturbed,10136_ZMAT2_P1_ENSG00000146007
k562_241279,241279,perturbed,10135_ZMAT2_P2_ENSG00000146007
k562_241303,241303,nt,NT_POOL
k562_241376,241376,nt,NT_POOL
k562_241413,241413,nt,NT_POOL
k562_241442,241442,nt,NT_POOL
k562_241447,241447,perturbed,10136_ZMAT2_P1_ENSG00000146007
k562_241557,241557,nt,NT_POOL
k562_241584,241584,nt,NT_POOL
k562_241600,241600,perturbed,10136_ZMAT2_P1_ENSG00000146007
k562_241663,241663,nt,NT_POOL
k562_241710,241710,nt,NT_POOL
k562_241906,241906,nt,NT_POOL
k562_241973,241973,perturbed,1016_C19orf25_P1P2_ENSG00000119559
k562_242029,242029,nt,NT_POOL
k562_242116,242116,perturbed,1022_C19orf53_P1P2_ENSG00000104979
k562_242146,242146,perturbed,1029_C1D_P1P2_ENSG00000197223
k562_242199,242199,perturbed,1016_C19orf25_P1P2_ENSG00000119559
k562_242240,242240,perturbed,10136_ZMAT2_P1_ENSG00000146007
k562_242292,242292,perturbed,10297_ZNF335_P1P2_ENSG00000198026
k562_242297,242297,nt,NT_POOL
k562_242329,242329,perturbed,10136_ZMAT2_P1_ENSG00000146007
k562_242337,242337,perturbed,10041_ZCRB1_P1P2_ENSG00000139168
k562_242411,242411,nt,NT_POOL
k562_242415,242415,perturbed,10136_ZMAT2_P1_ENSG00000146007
k562_242543,242543,nt,NT_POOL
k562_242600,242600,perturbed,10236_ZNF24_P1P2_ENSG00000172466
k562_242639,242639,perturbed,10136_ZMAT2_P1_ENSG00000146007
k562_242683,242683,nt,NT_POOL
k562_242729,242729,perturbed,10202_ZNF207_P1_ENSG00000010244
k562_242785,242785,nt,NT_POOL
k562_242835,242835,perturbed,1036_C1orf109_P2_ENSG00000116922
k562_242917,242917,perturbed,10202_ZNF207_P1_ENSG00000010244
k562_242925,242925,perturbed,1032_C1QBP_P1P2_ENSG00000108561
k562_242939,242939,perturbed,10023_ZC3H18_P1P2_ENSG00000158545
k562_242995,242995,nt,NT_POOL
k562_243092,243092,nt,NT_POOL
k562_243195,243195,perturbed,10201_ZNF207_P2_ENSG00000010244
k562_243250,243250,nt,NT_POOL
k562_243275,243275,perturbed,10136_ZMAT2_P1_ENSG00000146007
k562_243276,243276,perturbed,10297_ZNF335_P1P2_ENSG00000198026
k562_243289,243289,perturbed,1032_C1QBP_P1P2_ENSG00000108561
k562_243354,243354,nt,NT_POOL
k562_243396,243396,nt,NT_POOL
k562_243453,243453,perturbed,10136_ZMAT2_P1_ENSG00000146007
k562_243509,243509,nt,NT_POOL
k562_243526,243526,perturbed,10236_ZNF24_P1P2_ENSG00000172466
k562_243563,243563,perturbed,1032_C1QBP_P1P2_ENSG00000108561
k562_243622,243622,nt,NT_POOL
k562_243634,243634,perturbed,10139_ZMAT5_P1P2_ENSG00000100319
k562_243697,243697,nt,NT_POOL
k562_243743,243743,perturbed,10139_ZMAT5_P1P2_ENSG00000100319
k562_243795,243795,perturbed,1022_C19orf53_P1P2_ENSG00000104979
k562_243819,243819,perturbed,1004_C17orf58_P1P2_ENSG00000186665
k562_243842,243842,perturbed,10136_ZMAT2_P1_ENSG00000146007
k562_243846,243846,perturbed,1036_C1orf109_P2_ENSG00000116922
k562_243848,243848,perturbed,10135_ZMAT2_P2_ENSG00000146007
k562_243880,243880,nt,NT_POOL
k562_243901,243901,perturbed,10297_ZNF335_P1P2_ENSG00000198026
k562_243946,243946,perturbed,10201_ZNF207_P2_ENSG00000010244
k562_243998,243998,nt,NT_POOL
k562_244060,244060,nt,NT_POOL
k562_244094,244094,nt,NT_POOL
k562_244135,244135,nt,NT_POOL
k562_244171,244171,nt,NT_POOL
k562_244172,244172,perturbed,10041_ZCRB1_P1P2_ENSG00000139168
k562_244215,244215,perturbed,10297_ZNF335_P1P2_ENSG00000198026
k562_244216,244216,nt,NT_POOL
k562_244305,244305,perturbed,1032_C1QBP_P1P2_ENSG00000108561
k562_244354,244354,nt,NT_POOL
k562_244365,244365,perturbed,10152_ZNF100_P1P2_ENSG00000197020
k562_244383,244383,nt,NT_POOL
k562_244421,244421,perturbed,10152_ZNF100_P1P2_ENSG00000197020
k562_244484,244484,perturbed,10135_ZMAT2_P2_ENSG00000146007
k562_244519,244519,nt,NT_POOL
k562_244524,244524,perturbed,1016_C19orf25_P1P2_ENSG00000119559
k562_244534,244534,perturbed,1029_C1D_P1P2_ENSG00000197223
k562_244641,244641,nt,NT_POOL
k562_244770,244770,perturbed,1016_C19orf25_P1P2_ENSG00000119559
k562_244800,244800,nt,NT_POOL
k562_244858,244858,nt,NT_POOL
k562_245051,245051,perturbed,10041_ZCRB1_P1P2_ENSG00000139168
k562_245173,245173,nt,NT_POOL
k562_245302,245302,nt,NT_POOL
k562_245334,245334,perturbed,1035_C1orf109_P1_ENSG00000116922
k562_245356,245356,nt,NT_POOL
k562_245383,245383,nt,NT_POOL
k562_245434,245434,perturbed,10280_ZNF317_P1P2_ENSG00000130803
k562_245463,245463,nt,NT_POOL
k562_245546,245546,nt,NT_POOL
k562_245586,245586,nt,NT_POOL
k562_245603,245603,nt,NT_POOL
k562_245628,245628,nt,NT_POOL
k562_245651,245651,perturbed,10152_ZNF100_P1P2_ENSG00000197020
k562_245712,245712,nt,NT_POOL
k562_245758,245758,perturbed,10136_ZMAT2_P1_ENSG00000146007
k562_245762,245762,nt,NT_POOL
k562_245812,245812,perturbed,10297_ZNF335_P1P2_ENSG00000198026
k562_245898,245898,nt,NT_POOL
k562_245967,245967,nt,NT_POOL
k562_246007,246007,perturbed,10136_ZMAT2_P1_ENSG00000146007
k562_246114,246114,nt,NT_POOL
k562_246259,246259,nt,NT_POOL
k562_246358,246358,perturbed,10280_ZNF317_P1P2_ENSG00000130803
k562_246398,246398,nt,NT_POOL
k562_246519,246519,perturbed,10201_ZNF207_P2_ENSG00000010244
k562_246563,246563,nt,NT_POOL
k562_246630,246630,nt,NT_POOL
k562_246666,246666,nt,NT_POOL
k562_246681,246681,perturbed,1004_C17orf58_P1P2_ENSG00000186665
k562_246689,246689,perturbed,1029_C1D_P1P2_ENSG00000197223
k562_246787,246787,nt,NT_POOL
k562_246842,246842,nt,NT_POOL
k562_246946,246946,nt,NT_POOL
k562_247026,247026,perturbed,10040_ZCCHC9_P1P2_ENSG00000131732
k562_247084,247084,nt,NT_POOL
k562_247115,247115,perturbed,1036_C1orf109_P2_ENSG00000116922
k562_247181,247181,nt,NT_POOL
k562_247249,247249,nt,NT_POOL
k562_247292,247292,perturbed,1029_C1D_P1P2_ENSG00000197223
k562_247358,247358,nt,NT_POOL
k562_247434,247434,nt,NT_POOL
k562_247463,247463,nt,NT_POOL
k562_247528,247528,nt,NT_POOL
k562_247701,247701,nt,NT_POOL
k562_247749,247749,perturbed,1035_C1orf109_P1_ENSG00000116922
k562_247811,247811,nt,NT_POOL
k562_247870,247870,nt,NT_POOL
k562_247970,247970,nt,NT_POOL
k562_248033,248033,perturbed,1022_C19orf53_P1P2_ENSG00000104979
k562_248054,248054,perturbed,1016_C19orf25_P1P2_ENSG00000119559
k562_248104,248104,nt,NT_POOL
k562_248161,248161,nt,NT_POOL
k562_248226,248226,nt,NT_POOL
k562_248265,248265,nt,NT_POOL
k562_248333,248333,nt,NT_POOL
k562_248555,248555,nt,NT_POOL
k562_248702,248702,perturbed,10041_ZCRB1_P1P2_ENSG00000139168
k562_248714,248714,perturbed,1032_C1QBP_P1P2_ENSG00000108561
k562_248775,248775,nt,NT_POOL
k562_248813,248813,nt,NT_POOL
k562_248895,248895,perturbed,10139_ZMAT5_P1P2_ENSG00000100319
k562_248904,248904,nt,NT_POOL
k562_249006,249006,perturbed,1032_C1QBP_P1P2_ENSG00000108561
k562_249014,249014,perturbed,1032_C1QBP_P1P2_ENSG00000108561
k562_249034,249034,nt,NT_POOL
k562_249157,249157,nt,NT_POOL
k562_249190,249190,nt,NT_POOL
k562_249299,249299,nt,NT_POOL
k562_249311,249311,nt,NT_POOL
k562_249364,249364,perturbed,1016_C19orf25_P1P2_ENSG00000119559
k562_249373,249373,nt,NT_POOL
k562_249453,249453,perturbed,10201_ZNF207_P2_ENSG00000010244
k562_249469,249469,nt,NT_POOL
k562_249517,249517,nt,NT_POOL
k562_249599,249599,perturbed,10136_ZMAT2_P1_ENSG00000146007
k562_249617,249617,nt,NT_POOL
k562_249672,249672,perturbed,10201_ZNF207_P2_ENSG00000010244
k562_249841,249841,perturbed,10201_ZNF207_P2_ENSG00000010244
k562_249853,249853,perturbed,10040_ZCCHC9_P1P2_ENSG00000131732
k562_249855,249855,perturbed,10202_ZNF207_P1_ENSG00000010244
k562_249971,249971,nt,NT_POOL
k562_250068,250068,nt,NT_POOL
k562_250143,250143,perturbed,1016_C19orf25_P1P2_ENSG00000119559
k562_250174,250174,nt,NT_POOL
k562_250180,250180,perturbed,1035_C1orf109_P1_ENSG00000116922
k562_250241,250241,nt,NT_POOL
k562_250269,250269,perturbed,1035_C1orf109_P1_ENSG00000116922
k562_250271,250271,perturbed,10139_ZMAT5_P1P2_ENSG00000100319
k562_250403,250403,nt,NT_POOL
k562_250467,250467,perturbed,1029_C1D_P1P2_ENSG00000197223
k562_250482,250482,perturbed,10201_ZNF207_P2_ENSG00000010244
k562_250507,250507,perturbed,1029_C1D_P1P2_ENSG00000197223
k562_250558,250558,nt,NT_POOL
k562_250632,250632,nt,NT_POOL
k562_250714,250714,nt,NT_POOL
k562_250738,250738,perturbed,1022_C19orf53_P1P2_ENSG00000104979
k562_250739,250739,nt,NT_POOL
k562_250830,250830,perturbed,10201_ZNF207_P2_ENSG00000010244
k562_250913,250913,perturbed,1022_C19orf53_P1P2_ENSG00000104979
k562_250918,250918,nt,NT_POOL
k562_251046,251046,nt,NT_POOL
k562_251117,251117,nt,NT_POOL
k562_251189,251189,nt,NT_POOL
k562_251226,251226,nt,NT_POOL
k562_251235,251235,perturbed,10139_ZMAT5_P1P2_ENSG00000100319
k562_251236,251236,perturbed,1029_C1D_P1P2_ENSG00000197223
k562_251249,251249,perturbed,1016_C19orf25_P1P2_ENSG00000119559
k562_251313,251313,nt,NT_POOL
k562_251426,251426,nt,NT_POOL
k562_251443,251443,perturbed,10136_ZMAT2_P1_ENSG00000146007
k562_251487,251487,nt,NT_POOL
k562_251532,251532,nt,NT_POOL
k562_251614,251614,perturbed,10073_ZFC3H1_P1P2_ENSG00000133858
k562_251659,251659,perturbed,10152_ZNF100_P1P2_ENSG00000197020
k562_251692,251692,perturbed,1016_C19orf25_P1P2_ENSG00000119559
k562_251747,251747,nt,NT_POOL
k562_251792,251792,nt,NT_POOL
k562_251866,251866,perturbed,10136_ZMAT2_P1_ENSG00000146007
k562_251885,251885,nt,NT_POOL
k562_251912,251912,perturbed,10041_ZCRB1_P1P2_ENSG00000139168
k562_251925,251925,perturbed,10073_ZFC3H1_P1P2_ENSG00000133858
k562_251929,251929,nt,NT_POOL
k562_251978,251978,nt,NT_POOL
k562_252074,252074,nt,NT_POOL
k562_252101,252101,nt,NT_POOL
k562_252137,252137,perturbed,10201_ZNF207_P2_ENSG00000010244
k562_252182,252182,nt,NT_POOL
k562_252222,252222,perturbed,1036_C1orf109_P2_ENSG00000116922
k562_252256,252256,nt,NT_POOL
k562_252268,252268,perturbed,10152_ZNF100_P1P2_ENSG00000197020
k562_252348,252348,perturbed,10041_ZCRB1_P1P2_ENSG00000139168
k562_252362,252362,perturbed,10041_ZCRB1_P1P2_ENSG00000139168
k562_252368,252368,nt,NT_POOL
k562_252388,252388,nt,NT_POOL
k562_252474,252474,nt,NT_POOL
k562_252525,252525,perturbed,1032_C1QBP_P1P2_ENSG00000108561
k562_252589,252589,nt,NT_POOL
k562_252684,252684,nt,NT_POOL
k562_252800,252800,perturbed,10136_ZMAT2_P1_ENSG00000146007
k562_252811,252811,nt,NT_POOL
k562_252852,252852,perturbed,10201_ZNF207_P2_ENSG00000010244
k562_252880,252880,perturbed,1016_C19orf25_P1P2_ENSG00000119559
k562_252908,252908,nt,NT_POOL
k562_252978,252978,perturbed,10136_ZMAT2_P1_ENSG00000146007
k562_253023,253023,nt,NT_POOL
k562_253099,253099,nt,NT_POOL
k562_253206,253206,nt,NT_POOL
k562_253224,253224,perturbed,10136_ZMAT2_P1_ENSG00000146007
k562_253239,253239,nt,NT_POOL
k562_253295,253295,nt,NT_POOL
k562_253340,253340,perturbed,10135_ZMAT2_P2_ENSG00000146007
k562_253372,253372,nt,NT_POOL
k562_253392,253392,nt,NT_POOL
k562_253401,253401,perturbed,10041_ZCRB1_P1P2_ENSG00000139168
k562_253490,253490,nt,NT_POOL
k562_253703,253703,nt,NT_POOL
k562_253725,253725,perturbed,1029_C1D_P1P2_ENSG00000197223
k562_253731,253731,perturbed,10136_ZMAT2_P1_ENSG00000146007
k562_253776,253776,perturbed,10023_ZC3H18_P1P2_ENSG00000158545
k562_253830,253830,nt,NT_POOL
k562_253886,253886,nt,NT_POOL
k562_253924,253924,nt,NT_POOL
k562_253962,253962,perturbed,10136_ZMAT2_P1_ENSG00000146007
k562_254099,254099,nt,NT_POOL
k562_254118,254118,perturbed,10023_ZC3H18_P1P2_ENSG00000158545
k562_254142,254142,perturbed,10152_ZNF100_P1P2_ENSG00000197020
k562_254143,254143,nt,NT_POOL
k562_254186,254186,nt,NT_POOL
k562_254191,254191,perturbed,10201_ZNF207_P2_ENSG00000010244
k562_254245,254245,nt,NT_POOL
k562_254444,254444,perturbed,10280_ZNF317_P1P2_ENSG00000130803
k562_254463,254463,nt,NT_POOL
k562_254506,254506,perturbed,1016_C19orf25_P1P2_ENSG00000119559
k562_254539,254539,perturbed,1016_C19orf25_P1P2_ENSG00000119559
k562_254565,254565,perturbed,1029_C1D_P1P2_ENSG00000197223
k562_254568,254568,perturbed,10136_ZMAT2_P1_ENSG00000146007
k562_254591,254591,nt,NT_POOL
k562_254735,254735,nt,NT_POOL
k562_254779,254779,nt,NT_POOL
k562_254815,254815,nt,NT_POOL
k562_254916,254916,nt,NT_POOL
k562_254927,254927,perturbed,10202_ZNF207_P1_ENSG00000010244
k562_254930,254930,nt,NT_POOL
k562_254952,254952,perturbed,1004_C17orf58_P1P2_ENSG00000186665
k562_255021,255021,perturbed,1032_C1QBP_P1P2_ENSG00000108561
k562_255063,255063,nt,NT_POOL
k562_255087,255087,nt,NT_POOL
k562_255099,255099,perturbed,10041_ZCRB1_P1P2_ENSG00000139168
k562_255169,255169,perturbed,1032_C1QBP_P1P2_ENSG00000108561
k562_255187,255187,perturbed,1022_C19orf53_P1P2_ENSG00000104979
k562_255188,255188,perturbed,10201_ZNF207_P2_ENSG00000010244
k562_255232,255232,nt,NT_POOL
k562_255328,255328,nt,NT_POOL
k562_255466,255466,nt,NT_POOL
k562_255512,255512,nt,NT_POOL
k562_255527,255527,perturbed,10136_ZMAT2_P1_ENSG00000146007
k562_255550,255550,perturbed,1035_C1orf109_P1_ENSG00000116922
k562_255594,255594,nt,NT_POOL
k562_255642,255642,nt,NT_POOL
k562_255646,255646,perturbed,1016_C19orf25_P1P2_ENSG00000119559
k562_255690,255690,perturbed,1036_C1orf109_P2_ENSG00000116922
k562_255697,255697,perturbed,10280_ZNF317_P1P2_ENSG00000130803
k562_255776,255776,perturbed,10280_ZNF317_P1P2_ENSG00000130803
k562_255793,255793,perturbed,1029_C1D_P1P2_ENSG00000197223
k562_255845,255845,perturbed,1032_C1QBP_P1P2_ENSG00000108561
k562_255870,255870,nt,NT_POOL
k562_255960,255960,perturbed,10297_ZNF335_P1P2_ENSG00000198026
k562_255961,255961,perturbed,1032_C1QBP_P1P2_ENSG00000108561
k562_255995,255995,nt,NT_POOL
k562_255998,255998,perturbed,10023_ZC3H18_P1P2_ENSG00000158545
k562_256006,256006,perturbed,1004_C17orf58_P1P2_ENSG00000186665
k562_256112,256112,nt,NT_POOL
k562_256140,256140,nt,NT_POOL
k562_256194,256194,nt,NT_POOL
k562_256278,256278,perturbed,10136_ZMAT2_P1_ENSG00000146007
k562_256311,256311,nt,NT_POOL
k562_256368,256368,perturbed,10136_ZMAT2_P1_ENSG00000146007
k562_256381,256381,perturbed,10139_ZMAT5_P1P2_ENSG00000100319
k562_256426,256426,perturbed,10136_ZMAT2_P1_ENSG00000146007
k562_256471,256471,nt,NT_POOL
k562_256536,256536,perturbed,10201_ZNF207_P2_ENSG00000010244
k562_256584,256584,nt,NT_POOL
k562_256629,256629,nt,NT_POOL
k562_256737,256737,nt,NT_POOL
k562_256881,256881,perturbed,10297_ZNF335_P1P2_ENSG00000198026
k562_256913,256913,nt,NT_POOL
k562_256920,256920,perturbed,10139_ZMAT5_P1P2_ENSG00000100319
k562_256971,256971,nt,NT_POOL
k562_257023,257023,nt,NT_POOL
k562_257086,257086,nt,NT_POOL
k562_257090,257090,perturbed,10073_ZFC3H1_P1P2_ENSG00000133858
k562_257137,257137,nt,NT_POOL
k562_257229,257229,nt,NT_POOL
k562_257311,257311,nt,NT_POOL
k562_257374,257374,nt,NT_POOL
k562_257407,257407,perturbed,1022_C19orf53_P1P2_ENSG00000104979
k562_257532,257532,perturbed,1032_C1QBP_P1P2_ENSG00000108561
k562_257575,257575,nt,NT_POOL
k562_257630,257630,perturbed,1029_C1D_P1P2_ENSG00000197223
k562_257652,257652,nt,NT_POOL
k562_257663,257663,perturbed,10135_ZMAT2_P2_ENSG00000146007
k562_257699,257699,nt,NT_POOL
k562_257701,257701,perturbed,10202_ZNF207_P1_ENSG00000010244
k562_257734,257734,nt,NT_POOL
k562_257783,257783,nt,NT_POOL
k562_257820,257820,perturbed,1032_C1QBP_P1P2_ENSG00000108561
k562_257857,257857,nt,NT_POOL
k562_257958,257958,perturbed,10136_ZMAT2_P1_ENSG00000146007
k562_257976,257976,perturbed,10135_ZMAT2_P2_ENSG00000146007
k562_257998,257998,nt,NT_POOL
k562_258090,258090,nt,NT_POOL
k562_258148,258148,nt,NT_POOL
k562_258158,258158,perturbed,10135_ZMAT2_P2_ENSG00000146007
k562_258202,258202,perturbed,10136_ZMAT2_P1_ENSG00000146007
k562_258269,258269,nt,NT_POOL
k562_258364,258364,nt,NT_POOL
k562_258407,258407,perturbed,10280_ZNF317_P1P2_ENSG00000130803
k562_258453,258453,nt,NT_POOL
k562_258562,258562,perturbed,10236_ZNF24_P1P2_ENSG00000172466
k562_258589,258589,nt,NT_POOL
k562_258606,258606,perturbed,1036_C1orf109_P2_ENSG00000116922
k562_258662,258662,nt,NT_POOL
k562_258704,258704,nt,NT_POOL
k562_258767,258767,nt,NT_POOL
k562_258772,258772,perturbed,10202_ZNF207_P1_ENSG00000010244
k562_258829,258829,perturbed,1036_C1orf109_P2_ENSG00000116922
k562_258870,258870,perturbed,10139_ZMAT5_P1P2_ENSG00000100319
k562_258906,258906,perturbed,1035_C1orf109_P1_ENSG00000116922
k562_258959,258959,perturbed,1032_C1QBP_P1P2_ENSG00000108561
k562_258968,258968,perturbed,10152_ZNF100_P1P2_ENSG00000197020
k562_258978,258978,nt,NT_POOL
k562_259088,259088,perturbed,1032_C1QBP_P1P2_ENSG00000108561
k562_259246,259246,nt,NT_POOL
k562_259291,259291,nt,NT_POOL
k562_259313,259313,perturbed,10136_ZMAT2_P1_ENSG00000146007
k562_259354,259354,nt,NT_POOL
k562_259433,259433,nt,NT_POOL
k562_259489,259489,perturbed,1016_C19orf25_P1P2_ENSG00000119559
k562_259508,259508,perturbed,1029_C1D_P1P2_ENSG00000197223
k562_259519,259519,nt,NT_POOL
k562_259589,259589,perturbed,10236_ZNF24_P1P2_ENSG00000172466
k562_259621,259621,nt,NT_POOL
k562_259636,259636,perturbed,10152_ZNF100_P1P2_ENSG00000197020
k562_259686,259686,nt,NT_POOL
k562_259738,259738,perturbed,1036_C1orf109_P2_ENSG00000116922
k562_259765,259765,nt,NT_POOL
k562_259818,259818,nt,NT_POOL
k562_259971,259971,nt,NT_POOL
k562_260019,260019,perturbed,1004_C17orf58_P1P2_ENSG00000186665
k562_260031,260031,nt,NT_POOL
k562_260069,260069,nt,NT_POOL
k562_260132,260132,nt,NT_POOL
k562_260174,260174,nt,NT_POOL
k562_260244,260244,nt,NT_POOL
k562_260307,260307,perturbed,10136_ZMAT2_P1_ENSG00000146007
k562_260334,260334,nt,NT_POOL
k562_260342,260342,perturbed,1029_C1D_P1P2_ENSG00000197223
k562_260416,260416,nt,NT_POOL
k562_260442,260442,perturbed,10136_ZMAT2_P1_ENSG00000146007
k562_260463,260463,perturbed,10135_ZMAT2_P2_ENSG00000146007
k562_260494,260494,perturbed,10152_ZNF100_P1P2_ENSG00000197020
k562_260501,260501,nt,NT_POOL
k562_260549,260549,perturbed,10201_ZNF207_P2_ENSG00000010244
k562_260589,260589,nt,NT_POOL
k562_260663,260663,nt,NT_POOL
k562_260788,260788,nt,NT_POOL
k562_260852,260852,perturbed,1036_C1orf109_P2_ENSG00000116922
k562_260886,260886,nt,NT_POOL
k562_260985,260985,nt,NT_POOL
k562_261020,261020,perturbed,10280_ZNF317_P1P2_ENSG00000130803
k562_261048,261048,nt,NT_POOL
k562_261206,261206,nt,NT_POOL
k562_261229,261229,perturbed,1022_C19orf53_P1P2_ENSG00000104979
k562_261261,261261,perturbed,10152_ZNF100_P1P2_ENSG00000197020
k562_261320,261320,perturbed,10280_ZNF317_P1P2_ENSG00000130803
k562_261343,261343,nt,NT_POOL
k562_261374,261374,nt,NT_POOL
k562_261405,261405,nt,NT_POOL
k562_261473,261473,nt,NT_POOL
k562_261477,261477,perturbed,1029_C1D_P1P2_ENSG00000197223
k562_261510,261510,nt,NT_POOL
k562_261582,261582,nt,NT_POOL
k562_261603,261603,nt,NT_POOL
k562_261709,261709,nt,NT_POOL
k562_261719,261719,perturbed,1035_C1orf109_P1_ENSG00000116922
k562_261812,261812,perturbed,10136_ZMAT2_P1_ENSG00000146007
k562_261835,261835,perturbed,1016_C19orf25_P1P2_ENSG00000119559
k562_261872,261872,nt,NT_POOL
k562_261873,261873,perturbed,1029_C1D_P1P2_ENSG00000197223
k562_261911,261911,perturbed,1036_C1orf109_P2_ENSG00000116922
k562_261946,261946,perturbed,10136_ZMAT2_P1_ENSG00000146007
k562_262012,262012,nt,NT_POOL
k562_262047,262047,nt,NT_POOL
k562_262074,262074,perturbed,1016_C19orf25_P1P2_ENSG00000119559
k562_262085,262085,perturbed,10280_ZNF317_P1P2_ENSG00000130803
k562_262109,262109,perturbed,10139_ZMAT5_P1P2_ENSG00000100319
k562_262126,262126,nt,NT_POOL
k562_262188,262188,nt,NT_POOL
k562_262312,262312,nt,NT_POOL
k562_262347,262347,perturbed,1029_C1D_P1P2_ENSG00000197223
k562_262433,262433,perturbed,10297_ZNF335_P1P2_ENSG00000198026
k562_262463,262463,nt,NT_POOL
k562_262480,262480,nt,NT_POOL
k562_262525,262525,nt,NT_POOL
k562_262615,262615,nt,NT_POOL
k562_262630,262630,perturbed,1022_C19orf53_P1P2_ENSG00000104979
k562_262730,262730,nt,NT_POOL
k562_262783,262783,perturbed,1036_C1orf109_P2_ENSG00000116922
k562_262817,262817,nt,NT_POOL
k562_262830,262830,perturbed,1032_C1QBP_P1P2_ENSG00000108561
k562_262832,262832,perturbed,1036_C1orf109_P2_ENSG00000116922
k562_262863,262863,perturbed,1004_C17orf58_P1P2_ENSG00000186665
k562_262899,262899,nt,NT_POOL
k562_262949,262949,nt,NT_POOL
k562_262986,262986,perturbed,1036_C1orf109_P2_ENSG00000116922
k562_262991,262991,nt,NT_POOL
k562_263224,263224,nt,NT_POOL
k562_263244,263244,nt,NT_POOL
k562_263378,263378,nt,NT_POOL
k562_263386,263386,perturbed,10280_ZNF317_P1P2_ENSG00000130803
k562_263433,263433,nt,NT_POOL
k562_263449,263449,perturbed,1036_C1orf109_P2_ENSG00000116922
k562_263572,263572,nt,NT_POOL
k562_263639,263639,perturbed,10297_ZNF335_P1P2_ENSG00000198026
k562_263690,263690,nt,NT_POOL
k562_263772,263772,nt,NT_POOL
k562_263836,263836,perturbed,10135_ZMAT2_P2_ENSG00000146007
k562_263846,263846,perturbed,1032_C1QBP_P1P2_ENSG00000108561
k562_263855,263855,nt,NT_POOL
k562_264006,264006,nt,NT_POOL
k562_264099,264099,nt,NT_POOL
k562_264225,264225,nt,NT_POOL
k562_264279,264279,nt,NT_POOL
k562_264329,264329,nt,NT_POOL
k562_264344,264344,perturbed,10139_ZMAT5_P1P2_ENSG00000100319
k562_264400,264400,nt,NT_POOL
k562_264412,264412,perturbed,1016_C19orf25_P1P2_ENSG00000119559
k562_264497,264497,nt,NT_POOL
k562_264520,264520,perturbed,10135_ZMAT2_P2_ENSG00000146007
k562_264555,264555,nt,NT_POOL
k562_264656,264656,perturbed,1016_C19orf25_P1P2_ENSG00000119559
k562_264676,264676,nt,NT_POOL
k562_264720,264720,perturbed,10297_ZNF335_P1P2_ENSG00000198026
k562_264721,264721,perturbed,1004_C17orf58_P1P2_ENSG00000186665
k562_264744,264744,perturbed,10073_ZFC3H1_P1P2_ENSG00000133858
k562_264788,264788,perturbed,1004_C17orf58_P1P2_ENSG00000186665
k562_264891,264891,perturbed,10201_ZNF207_P2_ENSG00000010244
k562_264913,264913,nt,NT_POOL
k562_264992,264992,nt,NT_POOL
k562_264995,264995,perturbed,10201_ZNF207_P2_ENSG00000010244
k562_265056,265056,perturbed,10236_ZNF24_P1P2_ENSG00000172466
k562_265063,265063,nt,NT_POOL
k562_265115,265115,perturbed,10073_ZFC3H1_P1P2_ENSG00000133858
k562_265135,265135,perturbed,10201_ZNF207_P2_ENSG00000010244
k562_265160,265160,nt,NT_POOL
k562_265247,265247,perturbed,1004_C17orf58_P1P2_ENSG00000186665
k562_265249,265249,nt,NT_POOL
k562_265263,265263,perturbed,10297_ZNF335_P1P2_ENSG00000198026
k562_265305,265305,nt,NT_POOL
k562_265364,265364,perturbed,10202_ZNF207_P1_ENSG00000010244
k562_265412,265412,nt,NT_POOL
k562_265429,265429,nt,NT_POOL
k562_265492,265492,nt,NT_POOL
k562_265566,265566,perturbed,1016_C19orf25_P1P2_ENSG00000119559
k562_265606,265606,nt,NT_POOL
k562_265619,265619,perturbed,1022_C19orf53_P1P2_ENSG00000104979
k562_265672,265672,nt,NT_POOL
k562_265764,265764,nt,NT_POOL
k562_265773,265773,perturbed,10136_ZMAT2_P1_ENSG00000146007
k562_265872,265872,nt,NT_POOL
k562_265922,265922,nt,NT_POOL
k562_265960,265960,perturbed,10135_ZMAT2_P2_ENSG00000146007
k562_265977,265977,perturbed,10280_ZNF317_P1P2_ENSG00000130803
k562_266086,266086,nt,NT_POOL
k562_266102,266102,perturbed,1036_C1orf109_P2_ENSG00000116922
k562_266119,266119,perturbed,10297_ZNF335_P1P2_ENSG00000198026
k562_266120,266120,nt,NT_POOL
k562_266206,266206,perturbed,1032_C1QBP_P1P2_ENSG00000108561
k562_266336,266336,nt,NT_POOL
k562_266378,266378,nt,NT_POOL
k562_266412,266412,perturbed,1032_C1QBP_P1P2_ENSG00000108561
k562_266437,266437,perturbed,1016_C19orf25_P1P2_ENSG00000119559
k562_266651,266651,nt,NT_POOL
k562_266693,266693,nt,NT_POOL
k562_266734,266734,perturbed,10041_ZCRB1_P1P2_ENSG00000139168
k562_266880,266880,nt,NT_POOL
k562_266943,266943,perturbed,1029_C1D_P1P2_ENSG00000197223
k562_266968,266968,nt,NT_POOL
k562_267053,267053,perturbed,1029_C1D_P1P2_ENSG00000197223
k562_267080,267080,nt,NT_POOL
k562_267152,267152,perturbed,10135_ZMAT2_P2_ENSG00000146007
k562_267158,267158,nt,NT_POOL
k562_267197,267197,perturbed,10136_ZMAT2_P1_ENSG00000146007
k562_267227,267227,nt,NT_POOL
k562_267285,267285,nt,NT_POOL
k562_267332,267332,nt,NT_POOL
k562_267417,267417,nt,NT_POOL
k562_267528,267528,nt,NT_POOL
k562_267657,267657,nt,NT_POOL
k562_267712,267712,perturbed,1029_C1D_P1P2_ENSG00000197223
k562_267734,267734,perturbed,10297_ZNF335_P1P2_ENSG00000198026
k562_267762,267762,perturbed,1032_C1QBP_P1P2_ENSG00000108561
k562_267785,267785,nt,NT_POOL
k562_267796,267796,perturbed,10135_ZMAT2_P2_ENSG00000146007
k562_267869,267869,perturbed,1029_C1D_P1P2_ENSG00000197223
k562_267919,267919,nt,NT_POOL
k562_268016,268016,nt,NT_POOL
k562_268071,268071,nt,NT_POOL
k562_268106,268106,nt,NT_POOL
k562_268210,268210,perturbed,10297_ZNF335_P1P2_ENSG00000198026
k562_268272,268272,nt,NT_POOL
k562_268273,268273,perturbed,1022_C19orf53_P1P2_ENSG00000104979
k562_268290,268290,perturbed,10202_ZNF207_P1_ENSG00000010244
k562_268376,268376,nt,NT_POOL
k562_268467,268467,perturbed,10280_ZNF317_P1P2_ENSG00000130803
k562_268482,268482,nt,NT_POOL
k562_268581,268581,nt,NT_POOL
k562_268746,268746,nt,NT_POOL
k562_268758,268758,perturbed,10297_ZNF335_P1P2_ENSG00000198026
k562_268821,268821,perturbed,10201_ZNF207_P2_ENSG00000010244
k562_268846,268846,nt,NT_POOL
k562_268902,268902,nt,NT_POOL
k562_268991,268991,nt,NT_POOL
k562_269018,269018,perturbed,10280_ZNF317_P1P2_ENSG00000130803
k562_269049,269049,nt,NT_POOL
k562_269087,269087,nt,NT_POOL
k562_269159,269159,nt,NT_POOL
k562_269232,269232,perturbed,10136_ZMAT2_P1_ENSG00000146007
k562_269346,269346,nt,NT_POOL
k562_269408,269408,nt,NT_POOL
k562_269511,269511,nt,NT_POOL
k562_269547,269547,perturbed,1032_C1QBP_P1P2_ENSG00000108561
k562_269578,269578,nt,NT_POOL
k562_269767,269767,nt,NT_POOL
k562_269791,269791,perturbed,10280_ZNF317_P1P2_ENSG00000130803
k562_269830,269830,perturbed,10297_ZNF335_P1P2_ENSG00000198026
k562_269895,269895,nt,NT_POOL
k562_269933,269933,nt,NT_POOL
k562_269968,269968,nt,NT_POOL
k562_270050,270050,nt,NT_POOL
k562_270206,270206,nt,NT_POOL
k562_270262,270262,nt,NT_POOL
k562_270363,270363,perturbed,10136_ZMAT2_P1_ENSG00000146007
k562_270364,270364,nt,NT_POOL
k562_270382,270382,perturbed,10280_ZNF317_P1P2_ENSG00000130803
k562_270401,270401,nt,NT_POOL
k562_270452,270452,nt,NT_POOL
k562_270491,270491,nt,NT_POOL
k562_270492,270492,perturbed,1032_C1QBP_P1P2_ENSG00000108561
k562_270577,270577,nt,NT_POOL
k562_270630,270630,perturbed,10040_ZCCHC9_P1P2_ENSG00000131732
k562_270649,270649,nt,NT_POOL
k562_270805,270805,nt,NT_POOL
k562_270819,270819,perturbed,10041_ZCRB1_P1P2_ENSG00000139168
k562_270861,270861,nt,NT_POOL
k562_270888,270888,perturbed,10202_ZNF207_P1_ENSG00000010244
k562_270934,270934,perturbed,10136_ZMAT2_P1_ENSG00000146007
k562_270986,270986,nt,NT_POOL
k562_271072,271072,nt,NT_POOL
k562_271125,271125,nt,NT_POOL
k562_271153,271153,perturbed,10073_ZFC3H1_P1P2_ENSG00000133858
k562_271178,271178,nt,NT_POOL
k562_271258,271258,nt,NT_POOL
k562_271296,271296,nt,NT_POOL
k562_271486,271486,nt,NT_POOL
k562_271558,271558,perturbed,10136_ZMAT2_P1_ENSG00000146007
k562_271630,271630,nt,NT_POOL
k562_271735,271735,nt,NT_POOL
k562_271767,271767,nt,NT_POOL
k562_271819,271819,perturbed,10280_ZNF317_P1P2_ENSG00000130803
k562_271862,271862,perturbed,1004_C17orf58_P1P2_ENSG00000186665
k562_271925,271925,perturbed,10073_ZFC3H1_P1P2_ENSG00000133858
k562_271942,271942,nt,NT_POOL
k562_271949,271949,perturbed,10297_ZNF335_P1P2_ENSG00000198026
k562_271969,271969,perturbed,10136_ZMAT2_P1_ENSG00000146007
k562_272180,272180,nt,NT_POOL
k562_272193,272193,perturbed,1029_C1D_P1P2_ENSG00000197223
k562_272251,272251,nt,NT_POOL
k562_272325,272325,nt,NT_POOL
k562_272399,272399,nt,NT_POOL
k562_272456,272456,perturbed,1029_C1D_P1P2_ENSG00000197223
k562_272463,272463,nt,NT_POOL
k562_272484,272484,nt,NT_POOL
k562_272544,272544,nt,NT_POOL
k562_272570,272570,perturbed,10201_ZNF207_P2_ENSG00000010244
k562_272607,272607,nt,NT_POOL
k562_272624,272624,perturbed,10201_ZNF207_P2_ENSG00000010244
k562_272636,272636,perturbed,10297_ZNF335_P1P2_ENSG00000198026
k562_272702,272702,nt,NT_POOL
k562_272770,272770,nt,NT_POOL
k562_272804,272804,nt,NT_POOL
k562_272895,272895,nt,NT_POOL
k562_272986,272986,nt,NT_POOL
k562_273105,273105,nt,NT_POOL
k562_273157,273157,nt,NT_POOL
k562_273184,273184,nt,NT_POOL
k562_273213,273213,nt,NT_POOL
k562_273256,273256,nt,NT_POOL
k562_273298,273298,perturbed,10041_ZCRB1_P1P2_ENSG00000139168
k562_273302,273302,nt,NT_POOL
k562_273368,273368,perturbed,10201_ZNF207_P2_ENSG00000010244
k562_273375,273375,nt,NT_POOL
k562_273420,273420,nt,NT_POOL
k562_273466,273466,nt,NT_POOL
k562_273533,273533,perturbed,10136_ZMAT2_P1_ENSG00000146007
k562_273552,273552,nt,NT_POOL
k562_273564,273564,perturbed,1035_C1orf109_P1_ENSG00000116922
k562_273631,273631,perturbed,10139_ZMAT5_P1P2_ENSG00000100319
k562_273648,273648,nt,NT_POOL
k562_273676,273676,perturbed,10073_ZFC3H1_P1P2_ENSG00000133858
k562_273776,273776,nt,NT_POOL
k562_273796,273796,perturbed,10139_ZMAT5_P1P2_ENSG00000100319
k562_273897,273897,perturbed,10280_ZNF317_P1P2_ENSG00000130803
k562_273939,273939,nt,NT_POOL
k562_273940,273940,perturbed,1016_C19orf25_P1P2_ENSG00000119559
k562_274014,274014,nt,NT_POOL
k562_274067,274067,perturbed,10136_ZMAT2_P1_ENSG00000146007
k562_274081,274081,perturbed,10041_ZCRB1_P1P2_ENSG00000139168
k562_274091,274091,nt,NT_POOL
k562_274131,274131,perturbed,10073_ZFC3H1_P1P2_ENSG00000133858
k562_274161,274161,nt,NT_POOL
k562_274247,274247,nt,NT_POOL
k562_274259,274259,perturbed,10152_ZNF100_P1P2_ENSG00000197020
k562_274260,274260,perturbed,1032_C1QBP_P1P2_ENSG00000108561
k562_274334,274334,perturbed,1016_C19orf25_P1P2_ENSG00000119559
k562_274336,274336,nt,NT_POOL
k562_274430,274430,nt,NT_POOL
k562_274517,274517,nt,NT_POOL
k562_274538,274538,perturbed,10136_ZMAT2_P1_ENSG00000146007
k562_274570,274570,nt,NT_POOL
k562_274657,274657,perturbed,1022_C19orf53_P1P2_ENSG00000104979
k562_274721,274721,nt,NT_POOL
k562_274763,274763,nt,NT_POOL
k562_274845,274845,nt,NT_POOL
k562_274901,274901,perturbed,10297_ZNF335_P1P2_ENSG00000198026
k562_274951,274951,nt,NT_POOL
k562_275013,275013,nt,NT_POOL
k562_275110,275110,nt,NT_POOL
k562_275130,275130,perturbed,10135_ZMAT2_P2_ENSG00000146007
k562_275146,275146,perturbed,10280_ZNF317_P1P2_ENSG00000130803
k562_275156,275156,nt,NT_POOL
k562_275201,275201,nt,NT_POOL
k562_275207,275207,perturbed,1036_C1orf109_P2_ENSG00000116922
k562_275363,275363,nt,NT_POOL
k562_275465,275465,nt,NT_POOL
k562_275504,275504,perturbed,10201_ZNF207_P2_ENSG00000010244
k562_275543,275543,nt,NT_POOL
k562_275706,275706,perturbed,10201_ZNF207_P2_ENSG00000010244
k562_275755,275755,nt,NT_POOL
k562_275883,275883,nt,NT_POOL
k562_275991,275991,nt,NT_POOL
k562_276025,276025,perturbed,10139_ZMAT5_P1P2_ENSG00000100319
k562_276061,276061,perturbed,10280_ZNF317_P1P2_ENSG00000130803
k562_276133,276133,nt,NT_POOL
k562_276218,276218,nt,NT_POOL
k562_276241,276241,nt,NT_POOL
k562_276277,276277,perturbed,10280_ZNF317_P1P2_ENSG00000130803
k562_276300,276300,nt,NT_POOL
k562_276365,276365,perturbed,1016_C19orf25_P1P2_ENSG00000119559
k562_276415,276415,nt,NT_POOL
k562_276462,276462,nt,NT_POOL
k562_276560,276560,nt,NT_POOL
k562_276578,276578,perturbed,10136_ZMAT2_P1_ENSG00000146007
k562_276596,276596,nt,NT_POOL
k562_276633,276633,nt,NT_POOL
k562_276726,276726,perturbed,10202_ZNF207_P1_ENSG00000010244
k562_276734,276734,nt,NT_POOL
k562_276784,276784,nt,NT_POOL
k562_276921,276921,nt,NT_POOL
k562_276942,276942,perturbed,10136_ZMAT2_P1_ENSG00000146007
k562_276958,276958,perturbed,10280_ZNF317_P1P2_ENSG00000130803
k562_277041,277041,nt,NT_POOL
k562_277073,277073,perturbed,10152_ZNF100_P1P2_ENSG00000197020
k562_277077,277077,nt,NT_POOL
k562_277116,277116,nt,NT_POOL
k562_277186,277186,perturbed,1029_C1D_P1P2_ENSG00000197223
k562_277208,277208,perturbed,10136_ZMAT2_P1_ENSG00000146007
k562_277226,277226,perturbed,10136_ZMAT2_P1_ENSG00000146007
k562_277251,277251,perturbed,1004_C17orf58_P1P2_ENSG00000186665
k562_277304,277304,nt,NT_POOL
k562_277378,277378,nt,NT_POOL
k562_277388,277388,nt,NT_POOL
k562_277423,277423,perturbed,1029_C1D_P1P2_ENSG00000197223
k562_277444,277444,perturbed,10280_ZNF317_P1P2_ENSG00000130803
k562_277499,277499,nt,NT_POOL
k562_277551,277551,nt,NT_POOL
k562_277629,277629,nt,NT_POOL
k562_277679,277679,perturbed,1032_C1QBP_P1P2_ENSG00000108561
k562_277722,277722,perturbed,1032_C1QBP_P1P2_ENSG00000108561
k562_277737,277737,perturbed,10136_ZMAT2_P1_ENSG00000146007
k562_277744,277744,perturbed,1032_C1QBP_P1P2_ENSG00000108561
k562_277846,277846,nt,NT_POOL
k562_277883,277883,perturbed,1032_C1QBP_P1P2_ENSG00000108561
k562_277884,277884,nt,NT_POOL
k562_277958,277958,nt,NT_POOL
k562_278002,278002,perturbed,10297_ZNF335_P1P2_ENSG00000198026
k562_278003,278003,perturbed,1032_C1QBP_P1P2_ENSG00000108561
k562_278013,278013,nt,NT_POOL
k562_278024,278024,perturbed,10136_ZMAT2_P1_ENSG00000146007
k562_278032,278032,perturbed,10041_ZCRB1_P1P2_ENSG00000139168
k562_278195,278195,nt,NT_POOL
k562_278292,278292,perturbed,1022_C19orf53_P1P2_ENSG00000104979
k562_278405,278405,nt,NT_POOL
k562_278407,278407,perturbed,1036_C1orf109_P2_ENSG00000116922
k562_278494,278494,nt,NT_POOL
k562_278583,278583,perturbed,10136_ZMAT2_P1_ENSG00000146007
k562_278606,278606,nt,NT_POOL
k562_278618,278618,perturbed,10135_ZMAT2_P2_ENSG00000146007
k562_278684,278684,nt,NT_POOL
k562_278824,278824,nt,NT_POOL
k562_278850,278850,nt,NT_POOL
k562_278924,278924,nt,NT_POOL
k562_279013,279013,nt,NT_POOL
k562_279057,279057,nt,NT_POOL
k562_279125,279125,nt,NT_POOL
k562_279266,279266,nt,NT_POOL
k562_279269,279269,perturbed,1029_C1D_P1P2_ENSG00000197223
k562_279287,279287,nt,NT_POOL
k562_279370,279370,perturbed,10023_ZC3H18_P1P2_ENSG00000158545
k562_279399,279399,nt,NT_POOL
k562_279437,279437,perturbed,1035_C1orf109_P1_ENSG00000116922
k562_279492,279492,nt,NT_POOL
k562_279596,279596,nt,NT_POOL
k562_279665,279665,nt,NT_POOL
k562_279714,279714,nt,NT_POOL
k562_279772,279772,nt,NT_POOL
k562_279825,279825,nt,NT_POOL
k562_279981,279981,nt,NT_POOL
k562_280028,280028,nt,NT_POOL
k562_280064,280064,perturbed,1016_C19orf25_P1P2_ENSG00000119559
k562_280184,280184,nt,NT_POOL
k562_280192,280192,perturbed,10236_ZNF24_P1P2_ENSG00000172466
k562_280264,280264,perturbed,1036_C1orf109_P2_ENSG00000116922
k562_280291,280291,nt,NT_POOL
k562_280365,280365,nt,NT_POOL
k562_280437,280437,nt,NT_POOL
k562_280587,280587,nt,NT_POOL
k562_280650,280650,perturbed,1029_C1D_P1P2_ENSG00000197223
k562_280653,280653,nt,NT_POOL
k562_280670,280670,perturbed,10135_ZMAT2_P2_ENSG00000146007
k562_280711,280711,perturbed,10136_ZMAT2_P1_ENSG00000146007
k562_280780,280780,perturbed,1035_C1orf109_P1_ENSG00000116922
k562_280847,280847,nt,NT_POOL
k562_280853,280853,perturbed,10202_ZNF207_P1_ENSG00000010244
k562_280873,280873,perturbed,10139_ZMAT5_P1P2_ENSG00000100319
k562_280973,280973,perturbed,1016_C19orf25_P1P2_ENSG00000119559
k562_281008,281008,nt,NT_POOL
k562_281087,281087,nt,NT_POOL
k562_281288,281288,nt,NT_POOL
k562_281306,281306,perturbed,10297_ZNF335_P1P2_ENSG00000198026
k562_281310,281310,perturbed,10139_ZMAT5_P1P2_ENSG00000100319
k562_281396,281396,perturbed,10136_ZMAT2_P1_ENSG00000146007
k562_281426,281426,nt,NT_POOL
k562_281466,281466,perturbed,10297_ZNF335_P1P2_ENSG00000198026
k562_281589,281589,nt,NT_POOL
k562_281618,281618,perturbed,1036_C1orf109_P2_ENSG00000116922
k562_281641,281641,perturbed,1032_C1QBP_P1P2_ENSG00000108561
k562_281664,281664,nt,NT_POOL
k562_281693,281693,nt,NT_POOL
k562_281712,281712,perturbed,1016_C19orf25_P1P2_ENSG00000119559
k562_281724,281724,perturbed,10041_ZCRB1_P1P2_ENSG00000139168
k562_281740,281740,nt,NT_POOL
k562_281750,281750,perturbed,1016_C19orf25_P1P2_ENSG00000119559
k562_281899,281899,nt,NT_POOL
k562_281964,281964,nt,NT_POOL
k562_282133,282133,perturbed,1022_C19orf53_P1P2_ENSG00000104979
k562_282153,282153,perturbed,10136_ZMAT2_P1_ENSG00000146007
k562_282250,282250,nt,NT_POOL
k562_282278,282278,perturbed,10201_ZNF207_P2_ENSG00000010244
k562_282346,282346,nt,NT_POOL
k562_282381,282381,nt,NT_POOL
k562_282434,282434,nt,NT_POOL
k562_282554,282554,nt,NT_POOL
k562_282669,282669,nt,NT_POOL
k562_282700,282700,perturbed,1004_C17orf58_P1P2_ENSG00000186665
k562_282740,282740,perturbed,10297_ZNF335_P1P2_ENSG00000198026
k562_282749,282749,nt,NT_POOL
k562_282783,282783,perturbed,1036_C1orf109_P2_ENSG00000116922
k562_282849,282849,nt,NT_POOL
k562_282874,282874,nt,NT_POOL
k562_282958,282958,nt,NT_POOL
k562_283027,283027,perturbed,10139_ZMAT5_P1P2_ENSG00000100319
k562_283056,283056,nt,NT_POOL
k562_283178,283178,nt,NT_POOL
k562_283190,283190,perturbed,10136_ZMAT2_P1_ENSG00000146007
k562_283256,283256,nt,NT_POOL
k562_283383,283383,perturbed,10139_ZMAT5_P1P2_ENSG00000100319
k562_283423,283423,nt,NT_POOL
k562_283468,283468,nt,NT_POOL
k562_283506,283506,perturbed,10136_ZMAT2_P1_ENSG00000146007
k562_283510,283510,perturbed,10136_ZMAT2_P1_ENSG00000146007
k562_283526,283526,nt,NT_POOL
k562_283673,283673,nt,NT_POOL
k562_283675,283675,perturbed,1016_C19orf25_P1P2_ENSG00000119559
k562_283711,283711,perturbed,10041_ZCRB1_P1P2_ENSG00000139168
k562_283746,283746,nt,NT_POOL
k562_283786,283786,nt,NT_POOL
k562_283850,283850,nt,NT_POOL
k562_283898,283898,nt,NT_POOL
k562_283960,283960,nt,NT_POOL
k562_284019,284019,nt,NT_POOL
k562_284054,284054,nt,NT_POOL
k562_284090,284090,perturbed,10236_ZNF24_P1P2_ENSG00000172466
k562_284112,284112,perturbed,1016_C19orf25_P1P2_ENSG00000119559
k562_284125,284125,nt,NT_POOL
k562_284134,284134,perturbed,10202_ZNF207_P1_ENSG00000010244
k562_284265,284265,perturbed,10136_ZMAT2_P1_ENSG00000146007
k562_284271,284271,nt,NT_POOL
k562_284405,284405,nt,NT_POOL
k562_284422,284422,perturbed,1036_C1orf109_P2_ENSG00000116922
k562_284425,284425,perturbed,1032_C1QBP_P1P2_ENSG00000108561
k562_284459,284459,nt,NT_POOL
k562_284492,284492,nt,NT_POOL
k562_284523,284523,perturbed,1036_C1orf109_P2_ENSG00000116922
k562_284557,284557,nt,NT_POOL
k562_284577,284577,perturbed,10073_ZFC3H1_P1P2_ENSG00000133858
k562_284598,284598,nt,NT_POOL
k562_284676,284676,perturbed,1004_C17orf58_P1P2_ENSG00000186665
k562_284706,284706,perturbed,10201_ZNF207_P2_ENSG00000010244
k562_284713,284713,nt,NT_POOL
k562_284738,284738,nt,NT_POOL
k562_284774,284774,perturbed,10280_ZNF317_P1P2_ENSG00000130803
k562_284815,284815,perturbed,10201_ZNF207_P2_ENSG00000010244
k562_284818,284818,nt,NT_POOL
k562_284880,284880,nt,NT_POOL
k562_284942,284942,nt,NT_POOL
k562_284965,284965,nt,NT_POOL
k562_285015,285015,perturbed,10136_ZMAT2_P1_ENSG00000146007
k562_285028,285028,nt,NT_POOL
k562_285096,285096,nt,NT_POOL
k562_285156,285156,perturbed,10152_ZNF100_P1P2_ENSG00000197020
k562_285205,285205,nt,NT_POOL
k562_285227,285227,perturbed,10201_ZNF207_P2_ENSG00000010244
k562_285278,285278,perturbed,1022_C19orf53_P1P2_ENSG00000104979
k562_285304,285304,nt,NT_POOL
k562_285381,285381,nt,NT_POOL
k562_285433,285433,perturbed,10041_ZCRB1_P1P2_ENSG00000139168
k562_285439,285439,perturbed,10041_ZCRB1_P1P2_ENSG00000139168
k562_285458,285458,nt,NT_POOL
k562_285564,285564,perturbed,10139_ZMAT5_P1P2_ENSG00000100319
k562_285614,285614,nt,NT_POOL
k562_285664,285664,perturbed,10136_ZMAT2_P1_ENSG00000146007
k562_285695,285695,nt,NT_POOL
k562_285800,285800,nt,NT_POOL
k562_285809,285809,perturbed,10135_ZMAT2_P2_ENSG00000146007
k562_285814,285814,perturbed,1036_C1orf109_P2_ENSG00000116922
k562_285842,285842,perturbed,10041_ZCRB1_P1P2_ENSG00000139168
k562_285902,285902,nt,NT_POOL
k562_285966,285966,nt,NT_POOL
k562_286031,286031,nt,NT_POOL
k562_286148,286148,perturbed,10202_ZNF207_P1_ENSG00000010244
k562_286157,286157,perturbed,1016_C19orf25_P1P2_ENSG00000119559
k562_286214,286214,perturbed,1004_C17orf58_P1P2_ENSG00000186665
k562_286231,286231,nt,NT_POOL
k562_286257,286257,nt,NT_POOL
k562_286262,286262,perturbed,10152_ZNF100_P1P2_ENSG00000197020
k562_286290,286290,perturbed,10073_ZFC3H1_P1P2_ENSG00000133858
k562_286306,286306,nt,NT_POOL
k562_286373,286373,nt,NT_POOL
k562_286439,286439,nt,NT_POOL
k562_286519,286519,perturbed,10136_ZMAT2_P1_ENSG00000146007
k562_286613,286613,perturbed,1022_C19orf53_P1P2_ENSG00000104979
k562_286661,286661,nt,NT_POOL
k562_286715,286715,perturbed,10041_ZCRB1_P1P2_ENSG00000139168
k562_286732,286732,nt,NT_POOL
k562_286829,286829,nt,NT_POOL
k562_286899,286899,perturbed,1004_C17orf58_P1P2_ENSG00000186665
k562_286970,286970,nt,NT_POOL
k562_287088,287088,perturbed,1016_C19orf25_P1P2_ENSG00000119559
k562_287117,287117,perturbed,10201_ZNF207_P2_ENSG00000010244
k562_287143,287143,nt,NT_POOL
k562_287174,287174,perturbed,10135_ZMAT2_P2_ENSG00000146007
k562_287236,287236,perturbed,10280_ZNF317_P1P2_ENSG00000130803
k562_287238,287238,nt,NT_POOL
k562_287239,287239,perturbed,10136_ZMAT2_P1_ENSG00000146007
k562_287306,287306,perturbed,10236_ZNF24_P1P2_ENSG00000172466
k562_287314,287314,nt,NT_POOL
k562_287387,287387,perturbed,10023_ZC3H18_P1P2_ENSG00000158545
k562_287406,287406,nt,NT_POOL
k562_287447,287447,perturbed,10135_ZMAT2_P2_ENSG00000146007
k562_287530,287530,nt,NT_POOL
k562_287595,287595,nt,NT_POOL
k562_287662,287662,perturbed,10041_ZCRB1_P1P2_ENSG00000139168
k562_287693,287693,nt,NT_POOL
k562_287766,287766,nt,NT_POOL
k562_287827,287827,perturbed,10152_ZNF100_P1P2_ENSG00000197020
k562_287868,287868,perturbed,10280_ZNF317_P1P2_ENSG00000130803
k562_287871,287871,nt,NT_POOL
k562_287930,287930,nt,NT_POOL
k562_288021,288021,nt,NT_POOL
k562_288081,288081,perturbed,1035_C1orf109_P1_ENSG00000116922
k562_288136,288136,nt,NT_POOL
k562_288206,288206,nt,NT_POOL
k562_288239,288239,perturbed,1016_C19orf25_P1P2_ENSG00000119559
k562_288270,288270,perturbed,10073_ZFC3H1_P1P2_ENSG00000133858
k562_288273,288273,nt,NT_POOL
k562_288279,288279,perturbed,1036_C1orf109_P2_ENSG00000116922
k562_288365,288365,nt,NT_POOL
k562_288405,288405,perturbed,1036_C1orf109_P2_ENSG00000116922
k562_288479,288479,nt,NT_POOL
k562_288487,288487,perturbed,1022_C19orf53_P1P2_ENSG00000104979
k562_288571,288571,nt,NT_POOL
k562_288587,288587,perturbed,1035_C1orf109_P1_ENSG00000116922
k562_288648,288648,nt,NT_POOL
k562_288664,288664,perturbed,10139_ZMAT5_P1P2_ENSG00000100319
k562_288734,288734,nt,NT_POOL
k562_288746,288746,perturbed,1036_C1orf109_P2_ENSG00000116922
k562_288773,288773,nt,NT_POOL
k562_288836,288836,perturbed,1032_C1QBP_P1P2_ENSG00000108561
k562_288858,288858,nt,NT_POOL
k562_288923,288923,nt,NT_POOL
k562_289037,289037,perturbed,1016_C19orf25_P1P2_ENSG00000119559
k562_289102,289102,nt,NT_POOL
k562_289148,289148,nt,NT_POOL
k562_289209,289209,perturbed,1022_C19orf53_P1P2_ENSG00000104979
k562_289230,289230,nt,NT_POOL
k562_289332,289332,perturbed,10280_ZNF317_P1P2_ENSG00000130803
k562_289363,289363,nt,NT_POOL
k562_289414,289414,nt,NT_POOL
k562_289513,289513,perturbed,10073_ZFC3H1_P1P2_ENSG00000133858
k562_289522,289522,nt,NT_POOL
k562_289542,289542,perturbed,1036_C1orf109_P2_ENSG00000116922
k562_289654,289654,nt,NT_POOL
k562_289663,289663,perturbed,1016_C19orf25_P1P2_ENSG00000119559
k562_289708,289708,nt,NT_POOL
k562_289802,289802,nt,NT_POOL
k562_289861,289861,perturbed,10202_ZNF207_P1_ENSG00000010244
k562_289866,289866,perturbed,1032_C1QBP_P1P2_ENSG00000108561
k562_289894,289894,perturbed,10139_ZMAT5_P1P2_ENSG00000100319
k562_289918,289918,nt,NT_POOL
k562_289930,289930,perturbed,1032_C1QBP_P1P2_ENSG00000108561
k562_290003,290003,perturbed,10139_ZMAT5_P1P2_ENSG00000100319
k562_290021,290021,perturbed,10136_ZMAT2_P1_ENSG00000146007
k562_290036,290036,nt,NT_POOL
k562_290055,290055,perturbed,10023_ZC3H18_P1P2_ENSG00000158545
k562_290148,290148,nt,NT_POOL
k562_290207,290207,perturbed,10201_ZNF207_P2_ENSG00000010244
k562_290295,290295,nt,NT_POOL
k562_290313,290313,perturbed,10202_ZNF207_P1_ENSG00000010244
k562_290411,290411,perturbed,10139_ZMAT5_P1P2_ENSG00000100319
k562_290478,290478,nt,NT_POOL
k562_290548,290548,nt,NT_POOL
k562_290553,290553,perturbed,1016_C19orf25_P1P2_ENSG00000119559
k562_290691,290691,nt,NT_POOL
k562_290697,290697,perturbed,10297_ZNF335_P1P2_ENSG00000198026
k562_290769,290769,perturbed,10040_ZCCHC9_P1P2_ENSG00000131732
k562_290832,290832,nt,NT_POOL
k562_290913,290913,perturbed,10202_ZNF207_P1_ENSG00000010244
k562_290936,290936,nt,NT_POOL
k562_291018,291018,perturbed,1016_C19orf25_P1P2_ENSG00000119559
k562_291054,291054,nt,NT_POOL
k562_291145,291145,nt,NT_POOL
k562_291178,291178,perturbed,10136_ZMAT2_P1_ENSG00000146007
k562_291199,291199,perturbed,1016_C19orf25_P1P2_ENSG00000119559
k562_291245,291245,nt,NT_POOL
k562_291297,291297,nt,NT_POOL
k562_291345,291345,nt,NT_POOL
k562_291381,291381,perturbed,1029_C1D_P1P2_ENSG00000197223
k562_291439,291439,nt,NT_POOL
k562_291603,291603,nt,NT_POOL
k562_291643,291643,perturbed,10201_ZNF207_P2_ENSG00000010244
k562_291655,291655,nt,NT_POOL
k562_291695,291695,perturbed,1036_C1orf109_P2_ENSG00000116922
k562_291751,291751,perturbed,1032_C1QBP_P1P2_ENSG00000108561
k562_291777,291777,nt,NT_POOL
k562_291842,291842,perturbed,10041_ZCRB1_P1P2_ENSG00000139168
k562_291847,291847,nt,NT_POOL
k562_291944,291944,nt,NT_POOL
k562_291994,291994,nt,NT_POOL
k562_292062,292062,perturbed,10041_ZCRB1_P1P2_ENSG00000139168
k562_292069,292069,nt,NT_POOL
k562_292096,292096,perturbed,10201_ZNF207_P2_ENSG00000010244
k562_292125,292125,nt,NT_POOL
k562_292182,292182,nt,NT_POOL
k562_292273,292273,nt,NT_POOL
k562_292331,292331,nt,NT_POOL
k562_292393,292393,perturbed,1032_C1QBP_P1P2_ENSG00000108561
k562_292428,292428,nt,NT_POOL
k562_292459,292459,perturbed,1036_C1orf109_P2_ENSG00000116922
k562_292696,292696,perturbed,10040_ZCCHC9_P1P2_ENSG00000131732
k562_292715,292715,nt,NT_POOL
k562_292733,292733,nt,NT_POOL
k562_292773,292773,nt,NT_POOL
k562_292854,292854,perturbed,10297_ZNF335_P1P2_ENSG00000198026
k562_292944,292944,nt,NT_POOL
k562_293059,293059,nt,NT_POOL
k562_293100,293100,perturbed,10136_ZMAT2_P1_ENSG00000146007
k562_293162,293162,nt,NT_POOL
k562_293191,293191,nt,NT_POOL
k562_293245,293245,nt,NT_POOL
k562_293282,293282,perturbed,10136_ZMAT2_P1_ENSG00000146007
k562_293327,293327,perturbed,10202_ZNF207_P1_ENSG00000010244
k562_293329,293329,nt,NT_POOL
k562_293450,293450,nt,NT_POOL
k562_293571,293571,nt,NT_POOL
k562_293614,293614,nt,NT_POOL
k562_293623,293623,perturbed,1032_C1QBP_P1P2_ENSG00000108561
k562_293678,293678,nt,NT_POOL
k562_293686,293686,perturbed,1022_C19orf53_P1P2_ENSG00000104979
k562_293769,293769,nt,NT_POOL
k562_293854,293854,perturbed,1004_C17orf58_P1P2_ENSG00000186665
k562_293912,293912,nt,NT_POOL
k562_293991,293991,nt,NT_POOL
k562_294091,294091,nt,NT_POOL
k562_294118,294118,perturbed,10297_ZNF335_P1P2_ENSG00000198026
k562_294136,294136,nt,NT_POOL
k562_294148,294148,perturbed,1022_C19orf53_P1P2_ENSG00000104979
k562_294267,294267,nt,NT_POOL
k562_294284,294284,perturbed,10073_ZFC3H1_P1P2_ENSG00000133858
k562_294342,294342,nt,NT_POOL
k562_294404,294404,nt,NT_POOL
k562_294446,294446,perturbed,1016_C19orf25_P1P2_ENSG00000119559
k562_294511,294511,perturbed,10201_ZNF207_P2_ENSG00000010244
k562_294565,294565,perturbed,1036_C1orf109_P2_ENSG00000116922
k562_294628,294628,perturbed,10280_ZNF317_P1P2_ENSG00000130803
k562_294642,294642,nt,NT_POOL
k562_294714,294714,nt,NT_POOL
k562_294753,294753,perturbed,10136_ZMAT2_P1_ENSG00000146007
k562_294836,294836,nt,NT_POOL
k562_294844,294844,perturbed,1022_C19orf53_P1P2_ENSG00000104979
k562_294915,294915,nt,NT_POOL
k562_294961,294961,nt,NT_POOL
k562_295033,295033,nt,NT_POOL
k562_295183,295183,nt,NT_POOL
k562_295244,295244,nt,NT_POOL
k562_295300,295300,nt,NT_POOL
k562_295374,295374,nt,NT_POOL
k562_295520,295520,perturbed,10135_ZMAT2_P2_ENSG00000146007
k562_295528,295528,nt,NT_POOL
k562_295646,295646,nt,NT_POOL
k562_295697,295697,perturbed,1016_C19orf25_P1P2_ENSG00000119559
k562_295711,295711,nt,NT_POOL
k562_295744,295744,perturbed,10040_ZCCHC9_P1P2_ENSG00000131732
k562_295758,295758,nt,NT_POOL
k562_295793,295793,perturbed,1032_C1QBP_P1P2_ENSG00000108561
k562_295819,295819,nt,NT_POOL
k562_295848,295848,nt,NT_POOL
k562_295872,295872,perturbed,10041_ZCRB1_P1P2_ENSG00000139168
k562_295891,295891,nt,NT_POOL
k562_295917,295917,nt,NT_POOL
k562_296001,296001,nt,NT_POOL
k562_296018,296018,perturbed,1036_C1orf109_P2_ENSG00000116922
k562_296020,296020,perturbed,1036_C1orf109_P2_ENSG00000116922
k562_296083,296083,nt,NT_POOL
k562_296131,296131,nt,NT_POOL
k562_296177,296177,perturbed,1004_C17orf58_P1P2_ENSG00000186665
k562_296184,296184,nt,NT_POOL
k562_296249,296249,perturbed,1022_C19orf53_P1P2_ENSG00000104979
k562_296278,296278,nt,NT_POOL
k562_296300,296300,perturbed,1036_C1orf109_P2_ENSG00000116922
k562_296309,296309,perturbed,10297_ZNF335_P1P2_ENSG00000198026
k562_296350,296350,nt,NT_POOL
k562_296446,296446,nt,NT_POOL
k562_296584,296584,nt,NT_POOL
k562_296606,296606,perturbed,1032_C1QBP_P1P2_ENSG00000108561
k562_296634,296634,nt,NT_POOL
k562_296645,296645,nt,NT_POOL
k562_296678,296678,perturbed,1004_C17orf58_P1P2_ENSG00000186665
k562_296703,296703,nt,NT_POOL
k562_296777,296777,perturbed,10136_ZMAT2_P1_ENSG00000146007
k562_296797,296797,nt,NT_POOL
k562_296806,296806,perturbed,10297_ZNF335_P1P2_ENSG00000198026
k562_296828,296828,perturbed,10202_ZNF207_P1_ENSG00000010244
k562_296847,296847,perturbed,10297_ZNF335_P1P2_ENSG00000198026
k562_296909,296909,nt,NT_POOL
k562_296979,296979,perturbed,10152_ZNF100_P1P2_ENSG00000197020
k562_297005,297005,nt,NT_POOL
k562_297016,297016,perturbed,1035_C1orf109_P1_ENSG00000116922
k562_297085,297085,perturbed,1029_C1D_P1P2_ENSG00000197223
k562_297222,297222,nt,NT_POOL
k562_297269,297269,nt,NT_POOL
k562_297288,297288,perturbed,10152_ZNF100_P1P2_ENSG00000197020
k562_297291,297291,perturbed,10201_ZNF207_P2_ENSG00000010244
k562_297294,297294,perturbed,10135_ZMAT2_P2_ENSG00000146007
k562_297298,297298,perturbed,10023_ZC3H18_P1P2_ENSG00000158545
k562_297306,297306,perturbed,1032_C1QBP_P1P2_ENSG00000108561
k562_297307,297307,perturbed,10136_ZMAT2_P1_ENSG00000146007
k562_297333,297333,nt,NT_POOL
k562_297335,297335,perturbed,10297_ZNF335_P1P2_ENSG00000198026
k562_297338,297338,perturbed,10135_ZMAT2_P2_ENSG00000146007
k562_297381,297381,perturbed,10136_ZMAT2_P1_ENSG00000146007
k562_297405,297405,nt,NT_POOL
k562_297499,297499,nt,NT_POOL
k562_297519,297519,nt,NT_POOL
k562_297573,297573,nt,NT_POOL
k562_297578,297578,perturbed,10280_ZNF317_P1P2_ENSG00000130803
k562_297661,297661,nt,NT_POOL
k562_297680,297680,perturbed,1035_C1orf109_P1_ENSG00000116922
k562_297754,297754,nt,NT_POOL
k562_297757,297757,perturbed,1022_C19orf53_P1P2_ENSG00000104979
k562_297799,297799,nt,NT_POOL
k562_297900,297900,perturbed,10073_ZFC3H1_P1P2_ENSG00000133858
k562_297947,297947,nt,NT_POOL
k562_298000,298000,perturbed,10073_ZFC3H1_P1P2_ENSG00000133858
k562_298049,298049,perturbed,10136_ZMAT2_P1_ENSG00000146007
k562_298053,298053,nt,NT_POOL
k562_298081,298081,nt,NT_POOL
k562_298115,298115,perturbed,10135_ZMAT2_P2_ENSG00000146007
k562_298142,298142,nt,NT_POOL
k562_298205,298205,nt,NT_POOL
k562_298269,298269,nt,NT_POOL
k562_298325,298325,perturbed,10280_ZNF317_P1P2_ENSG00000130803
k562_298386,298386,nt,NT_POOL
k562_298489,298489,nt,NT_POOL
k562_298562,298562,nt,NT_POOL
k562_298663,298663,perturbed,10041_ZCRB1_P1P2_ENSG00000139168
k562_298687,298687,perturbed,1029_C1D_P1P2_ENSG00000197223
k562_298690,298690,nt,NT_POOL
k562_298853,298853,nt,NT_POOL
k562_298931,298931,perturbed,1036_C1orf109_P2_ENSG00000116922
k562_298936,298936,perturbed,1029_C1D_P1P2_ENSG00000197223
k562_298954,298954,perturbed,10202_ZNF207_P1_ENSG00000010244
k562_299023,299023,perturbed,10280_ZNF317_P1P2_ENSG00000130803
k562_299073,299073,nt,NT_POOL
k562_299123,299123,perturbed,1004_C17orf58_P1P2_ENSG00000186665
k562_299151,299151,perturbed,1022_C19orf53_P1P2_ENSG00000104979
k562_299216,299216,nt,NT_POOL
k562_299272,299272,perturbed,1016_C19orf25_P1P2_ENSG00000119559
k562_299280,299280,nt,NT_POOL
k562_299329,299329,nt,NT_POOL
k562_299378,299378,perturbed,1029_C1D_P1P2_ENSG00000197223
k562_299436,299436,nt,NT_POOL
k562_299462,299462,perturbed,10041_ZCRB1_P1P2_ENSG00000139168
k562_299522,299522,nt,NT_POOL
k562_299610,299610,perturbed,1032_C1QBP_P1P2_ENSG00000108561
k562_299666,299666,nt,NT_POOL
k562_299729,299729,nt,NT_POOL
k562_299784,299784,nt,NT_POOL
k562_299840,299840,nt,NT_POOL
k562_299879,299879,perturbed,10135_ZMAT2_P2_ENSG00000146007
k562_299944,299944,nt,NT_POOL
k562_299981,299981,nt,NT_POOL
k562_300001,300001,perturbed,10135_ZMAT2_P2_ENSG00000146007
k562_300109,300109,nt,NT_POOL
k562_300111,300111,perturbed,1032_C1QBP_P1P2_ENSG00000108561
k562_300155,300155,perturbed,1022_C19orf53_P1P2_ENSG00000104979
k562_300312,300312,perturbed,10297_ZNF335_P1P2_ENSG00000198026
k562_300315,300315,nt,NT_POOL
k562_300350,300350,perturbed,10135_ZMAT2_P2_ENSG00000146007
k562_300368,300368,perturbed,1032_C1QBP_P1P2_ENSG00000108561
k562_300407,300407,nt,NT_POOL
k562_300555,300555,nt,NT_POOL
k562_300559,300559,perturbed,10136_ZMAT2_P1_ENSG00000146007
k562_300644,300644,nt,NT_POOL
k562_300717,300717,nt,NT_POOL
k562_300827,300827,perturbed,1036_C1orf109_P2_ENSG00000116922
k562_300832,300832,nt,NT_POOL
k562_300850,300850,perturbed,1004_C17orf58_P1P2_ENSG00000186665
k562_300859,300859,perturbed,10136_ZMAT2_P1_ENSG00000146007
k562_300863,300863,nt,NT_POOL
k562_300867,300867,perturbed,10236_ZNF24_P1P2_ENSG00000172466
k562_300931,300931,nt,NT_POOL
k562_301009,301009,perturbed,1022_C19orf53_P1P2_ENSG00000104979
k562_301054,301054,nt,NT_POOL
k562_301078,301078,nt,NT_POOL
k562_301135,301135,nt,NT_POOL
k562_301188,301188,nt,NT_POOL
k562_301284,301284,nt,NT_POOL
k562_301307,301307,nt,NT_POOL
k562_301331,301331,perturbed,1036_C1orf109_P2_ENSG00000116922
k562_301524,301524,nt,NT_POOL
k562_301589,301589,perturbed,10139_ZMAT5_P1P2_ENSG00000100319
k562_301657,301657,perturbed,10136_ZMAT2_P1_ENSG00000146007
k562_301661,301661,nt,NT_POOL
k562_301691,301691,perturbed,10201_ZNF207_P2_ENSG00000010244
k562_301711,301711,nt,NT_POOL
k562_301760,301760,perturbed,10152_ZNF100_P1P2_ENSG00000197020
k562_301778,301778,perturbed,10280_ZNF317_P1P2_ENSG00000130803
k562_301785,301785,perturbed,1016_C19orf25_P1P2_ENSG00000119559
k562_301802,301802,perturbed,10202_ZNF207_P1_ENSG00000010244
k562_301912,301912,nt,NT_POOL
k562_301968,301968,perturbed,1032_C1QBP_P1P2_ENSG00000108561
k562_301972,301972,nt,NT_POOL
k562_302031,302031,nt,NT_POOL
k562_302101,302101,nt,NT_POOL
k562_302207,302207,perturbed,1022_C19orf53_P1P2_ENSG00000104979
k562_302218,302218,nt,NT_POOL
k562_302395,302395,nt,NT_POOL
k562_302469,302469,nt,NT_POOL
k562_302513,302513,perturbed,10201_ZNF207_P2_ENSG00000010244
k562_302569,302569,perturbed,10236_ZNF24_P1P2_ENSG00000172466
k562_302571,302571,nt,NT_POOL
k562_302608,302608,perturbed,10139_ZMAT5_P1P2_ENSG00000100319
k562_302635,302635,nt,NT_POOL
k562_302683,302683,nt,NT_POOL
k562_302750,302750,nt,NT_POOL
k562_302825,302825,nt,NT_POOL
k562_302870,302870,nt,NT_POOL
k562_302954,302954,nt,NT_POOL
k562_302985,302985,nt,NT_POOL
k562_303016,303016,nt,NT_POOL
k562_303039,303039,perturbed,1029_C1D_P1P2_ENSG00000197223
k562_303052,303052,nt,NT_POOL
k562_303103,303103,nt,NT_POOL
k562_303275,303275,nt,NT_POOL
k562_303298,303298,perturbed,1032_C1QBP_P1P2_ENSG00000108561
k562_303385,303385,nt,NT_POOL
k562_303425,303425,nt,NT_POOL
k562_303520,303520,nt,NT_POOL
k562_303580,303580,perturbed,10041_ZCRB1_P1P2_ENSG00000139168
k562_303593,303593,nt,NT_POOL
k562_303764,303764,perturbed,1022_C19orf53_P1P2_ENSG00000104979
k562_303804,303804,nt,NT_POOL
k562_303862,303862,nt,NT_POOL
k562_303970,303970,nt,NT_POOL
k562_303999,303999,perturbed,10136_ZMAT2_P1_ENSG00000146007
k562_304049,304049,nt,NT_POOL
k562_304183,304183,perturbed,10202_ZNF207_P1_ENSG00000010244
k562_304195,304195,perturbed,10136_ZMAT2_P1_ENSG00000146007
k562_304272,304272,nt,NT_POOL
k562_304352,304352,perturbed,10236_ZNF24_P1P2_ENSG00000172466
k562_304372,304372,perturbed,10041_ZCRB1_P1P2_ENSG00000139168
k562_304383,304383,nt,NT_POOL
k562_304412,304412,perturbed,1032_C1QBP_P1P2_ENSG00000108561
k562_304496,304496,nt,NT_POOL
k562_304561,304561,perturbed,1036_C1orf109_P2_ENSG00000116922
k562_304622,304622,nt,NT_POOL
k562_304749,304749,nt,NT_POOL
k562_304792,304792,perturbed,10041_ZCRB1_P1P2_ENSG00000139168
k562_304822,304822,nt,NT_POOL
k562_304939,304939,nt,NT_POOL
k562_304967,304967,perturbed,10202_ZNF207_P1_ENSG00000010244
k562_305099,305099,nt,NT_POOL
k562_305107,305107,perturbed,10152_ZNF100_P1P2_ENSG00000197020
k562_305273,305273,perturbed,1022_C19orf53_P1P2_ENSG00000104979
k562_305281,305281,nt,NT_POOL
k562_305336,305336,nt,NT_POOL
k562_305380,305380,nt,NT_POOL
k562_305494,305494,perturbed,1029_C1D_P1P2_ENSG00000197223
k562_305497,305497,nt,NT_POOL
k562_305520,305520,nt,NT_POOL
k562_305611,305611,perturbed,1029_C1D_P1P2_ENSG00000197223
k562_305635,305635,nt,NT_POOL
k562_305757,305757,nt,NT_POOL
k562_305817,305817,nt,NT_POOL
k562_305901,305901,nt,NT_POOL
k562_305910,305910,nt,NT_POOL
k562_305920,305920,perturbed,1032_C1QBP_P1P2_ENSG00000108561
k562_306069,306069,perturbed,1022_C19orf53_P1P2_ENSG00000104979
k562_306112,306112,nt,NT_POOL
k562_306132,306132,perturbed,10136_ZMAT2_P1_ENSG00000146007
k562_306155,306155,nt,NT_POOL
k562_306192,306192,perturbed,10136_ZMAT2_P1_ENSG00000146007
k562_306355,306355,nt,NT_POOL
k562_306440,306440,nt,NT_POOL
k562_306463,306463,perturbed,10280_ZNF317_P1P2_ENSG00000130803
k562_306510,306510,nt,NT_POOL
k562_306528,306528,nt,NT_POOL
k562_306529,306529,perturbed,10136_ZMAT2_P1_ENSG00000146007
k562_306617,306617,nt,NT_POOL
k562_306715,306715,nt,NT_POOL
k562_306752,306752,nt,NT_POOL
k562_306789,306789,nt,NT_POOL
k562_306873,306873,perturbed,1032_C1QBP_P1P2_ENSG00000108561
k562_306882,306882,nt,NT_POOL
k562_306961,306961,nt,NT_POOL
k562_307008,307008,nt,NT_POOL
k562_307062,307062,perturbed,1016_C19orf25_P1P2_ENSG00000119559
k562_307163,307163,nt,NT_POOL
k562_307247,307247,nt,NT_POOL
k562_307362,307362,perturbed,1016_C19orf25_P1P2_ENSG00000119559
k562_307371,307371,nt,NT_POOL
k562_307477,307477,perturbed,10152_ZNF100_P1P2_ENSG00000197020
k562_307499,307499,nt,NT_POOL
k562_307564,307564,nt,NT_POOL
k562_307616,307616,nt,NT_POOL
k562_307723,307723,nt,NT_POOL
k562_307851,307851,nt,NT_POOL
k562_307884,307884,nt,NT_POOL
k562_307906,307906,perturbed,10297_ZNF335_P1P2_ENSG00000198026
k562_307987,307987,nt,NT_POOL
k562_308017,308017,perturbed,10136_ZMAT2_P1_ENSG00000146007
k562_308098,308098,nt,NT_POOL
k562_308251,308251,nt,NT_POOL
k562_308277,308277,perturbed,10041_ZCRB1_P1P2_ENSG00000139168
k562_308290,308290,nt,NT_POOL
k562_308436,308436,nt,NT_POOL
k562_308546,308546,nt,NT_POOL
k562_308671,308671,perturbed,1016_C19orf25_P1P2_ENSG00000119559
k562_308685,308685,nt,NT_POOL
k562_308721,308721,nt,NT_POOL
k562_308730,308730,perturbed,10136_ZMAT2_P1_ENSG00000146007
k562_308758,308758,nt,NT_POOL
k562_308782,308782,perturbed,10040_ZCCHC9_P1P2_ENSG00000131732
k562_308929,308929,nt,NT_POOL
k562_308930,308930,perturbed,1032_C1QBP_P1P2_ENSG00000108561
k562_308935,308935,perturbed,10073_ZFC3H1_P1P2_ENSG00000133858
k562_309007,309007,perturbed,10136_ZMAT2_P1_ENSG00000146007
k562_309058,309058,nt,NT_POOL
k562_309104,309104,perturbed,1035_C1orf109_P1_ENSG00000116922
k562_309189,309189,nt,NT_POOL
k562_309289,309289,nt,NT_POOL
k562_309324,309324,nt,NT_POOL
k562_309383,309383,nt,NT_POOL
k562_309434,309434,nt,NT_POOL
k562_309443,309443,perturbed,10041_ZCRB1_P1P2_ENSG00000139168
k562_309524,309524,nt,NT_POOL
k562_309607,309607,nt,NT_POOL
k562_309754,309754,perturbed,10280_ZNF317_P1P2_ENSG00000130803
k562_309756,309756,nt,NT_POOL
k562_309804,309804,perturbed,1016_C19orf25_P1P2_ENSG00000119559
k562_309811,309811,nt,NT_POOL
k562_309861,309861,nt,NT_POOL
k562_309883,309883,perturbed,10139_ZMAT5_P1P2_ENSG00000100319
k562_309993,309993,nt,NT_POOL
k562_310068,310068,nt,NT_POOL
k562_310117,310117,nt,NT_POOL
k562_310160,310160,nt,NT_POOL
k562_310171,310171,perturbed,10280_ZNF317_P1P2_ENSG00000130803
k562_310183,310183,perturbed,10152_ZNF100_P1P2_ENSG00000197020
k562_310195,310195,nt,NT_POOL
k562_310264,310264,nt,NT_POOL
k562_310368,310368,nt,NT_POOL
